Full Name,First Name,Last Name,Country,ID,Source,Team_2009,Team_2010,Team_2011,Team_2012,Team_2013,Team_2014,Team_2015,Team_2016,Team_2017,Team_2018,Team_2019
Denis MENCHOV,Denis,MENCHOV,RUS,RUS0001,"Paris-Nice, 2013",RABOBANK,RABOBANK,GEOX-TMC,KATUSHA TEAM,KATUSHA,,,,,,
Carlos SASTRE CANDIL,Carlos,SASTRE CANDIL,ESP,ESP0001,"Giro d'Italia, 2011",CERVELO TEST TEAM,CERVELO TEST TEAM,GEOX-TMC,,,,,,,,
Ivan BASSO,Ivan,BASSO,ITA,ITA0001,"Vuelta a España, 2013",LIQUIGAS,LIQUIGAS-DOIMO,LIQUIGAS-CANNONDALE,LIQUIGAS-CANNONDALE,CANNONDALE PRO CYCLING,CANNONDALE,TINKOFF - SAXO,,,,
Levi LEIPHEIMER,Levi,LEIPHEIMER,USA,USA0001,"Tour de France, 2012",ASTANA,TEAM RADIOSHACK,TEAM RADIOSHACK,OMEGA PHARMA-QUICKSTEP,,,,,,,
Stefano GARZELLI,Stefano,GARZELLI,ITA,ITA0002,"Tirreno-Adriatico, 2012",ACQUA & SAPONE - CAFFE MOKAMBO,ACQUA & SAPONE - D'ANGELO & ANTENUCCI,ACQUA & SAPONE,ACQUA & SAPONE,VINI FANTINI - SELLE ITALIA,,,,,,
Michael ROGERS,Michael,ROGERS,AUS,AUS0001,"Paris-Nice, 2011",TEAM COLUMBIA - HIGH ROAD,TEAM HTC - COLUMBIA,SKY PROCYCLING,SKY PROCYCLING,Team SAXO-TINKOFF,TINKOFF-SAXO,TINKOFF - SAXO,,,,
Marzio BRUSEGHIN,Marzio,BRUSEGHIN,ITA,ITA0003,"Vuelta a España, 2011",LAMPRE - N.G.C,CAISSE D'EPARGNE,MOVISTAR TEAM,MOVISTAR TEAM,,,,,,,
David ARROYO DURAN,David,ARROYO DURAN,ESP,ESP0002,"Critérium du Dauphiné, 2012",CAISSE D'EPARGNE,CAISSE D'EPARGNE,MOVISTAR TEAM,MOVISTAR TEAM,CAJA RURAL - SEGUROS RGA,CAJA RURAL - SEGUROS RGA,CAJA RURAL-SEGUROS RGA,CAJA RURAL-SEGUROS RGA,CAJA RURAL - SEGUROS RGA,,
Jose Rodolfo SERPA PEREZ,Jose Rodolfo,SERPA PEREZ,COL,COL0001,"Tour de France, 2015",SERRAMENTI PVC DIQUIGIOVANNI-ANDRONI GIOCATTOLI,ANDRONI GIOCATTOLI - SERRAMENTI PVC DIQUIGIOVANNI,ANDRONI GIOCATTOLI - C.I.P.I,ANDRONI GIOCATTOLI - VENEZUELA,LAMPRE-MERIDA,LAMPRE-MERIDA,LAMPRE - MERIDA,,,,
Kevin SEELDRAEYERS,Kevin,SEELDRAEYERS,BEL,BEL0001,"Tour de Suisse, 2014",QUICK STEP,QUICK STEP,QUICKSTEP CYCLING TEAM,ASTANA PRO TEAM,ASTANA PRO TEAM,WANTY - GROUPE GOBERT,,,,,
Yaroslav POPOVYCH,Yaroslav,POPOVYCH,UKR,UKR0001,"Tirreno-Adriatico, 2016",ASTANA,TEAM RADIOSHACK,TEAM RADIOSHACK,RADIOSHACK-NISSAN,RADIOSHACK LEOPARD,TREK FACTORY RACING,TREK FACTORY RACING,TREK - SEGAFREDO,,,
Kanstantsin SIUTSOU,Kanstantsin,SIUTSOU,BLR,BLR0001,"Tirreno-Adriatico, 2018",TEAM COLUMBIA - HIGH ROAD,TEAM HTC - COLUMBIA,HTC-HIGHROAD,SKY PROCYCLING,SKY PROCYCLING,TEAM SKY,TEAM SKY,TEAM DIMENSION DATA,BAHRAIN - MERIDA,BAHRAIN - MERIDA,
Francesco MASCIARELLI,Francesco,MASCIARELLI,ITA,ITA0004,"Giro d'Italia, 2011",ACQUA & SAPONE - CAFFE MOKAMBO,ACQUA & SAPONE - D'ANGELO & ANTENUCCI,PRO TEAM ASTANA,,,,,,,,
Janez BRAJKOVIC,Janez,BRAJKOVIC,SLO,SLO0001,"Il Lombardia, 2015",ASTANA,TEAM RADIOSHACK,TEAM RADIOSHACK,ASTANA PRO TEAM,ASTANA PRO TEAM,ASTANA PRO TEAM,UNITEDHEALTHCARE PROFESSIONAL CYCLING TEAM,,BAHRAIN - MERIDA,,
Damiano CUNEGO,Damiano,CUNEGO,ITA,ITA0005,"Il Lombardia, 2017",LAMPRE - N.G.C,LAMPRE-FARNESE VINI,LAMPRE - ISD,LAMPRE - ISD,LAMPRE-MERIDA,LAMPRE-MERIDA,NIPPO - VINI FANTINI,NIPPO - VINI FANTINI,NIPPO - VINI FANTINI,NIPPO - VINI FANTINI - EUROPA OVINI,
Lars BAK YTTING,Lars,BAK YTTING,DEN,DEN0001,"Vuelta a España, 2010",TEAM SAXO BANK,TEAM HTC - COLUMBIA,HTC-HIGHROAD,LOTTO BELISOL TEAM,LOTTO BELISOL,LOTTO BELISOL,LOTTO SOUDAL,LOTTO SOUDAL,LOTTO SOUDAL,LOTTO SOUDAL,TEAM DIMENSION DATA
Francis DE GREEF,Francis,DE GREEF,BEL,BEL0002,"Tour de Suisse, 2015",SILENCE-LOTTO,OMEGA PHARMA-LOTTO,OMEGA PHARMA-LOTTO,LOTTO BELISOL TEAM,LOTTO BELISOL,WANTY - GROUPE GOBERT,WANTY - GROUPE GOBERT,,,,
Andriy GRIVKO,Andriy,GRIVKO,UKR,UKR0002,"Tirreno-Adriatico, 2018",ISD - NERI,ASTANA,PRO TEAM ASTANA,ASTANA PRO TEAM,ASTANA PRO TEAM,ASTANA PRO TEAM,ASTANA PRO TEAM,ASTANA PRO TEAM,ASTANA PRO TEAM,ASTANA PRO TEAM,
Eduard VORGANOV,Eduard,VORGANOV,RUS,RUS0002,"Vuelta a España, 2015",XACOBEO GALICIA,TEAM KATUSHA,KATUSHA TEAM,KATUSHA TEAM,KATUSHA,TEAM KATUSHA,TEAM KATUSHA,,,,
Gilberto SIMONI,Gilberto,SIMONI,ITA,ITA0006,"Giro d'Italia, 2010",SERRAMENTI PVC DIQUIGIOVANNI-ANDRONI GIOCATTOLI,LAMPRE-FARNESE VINI,,,,,,,,,
Thomas LÖFKVIST,Thomas,LÖFKVIST,SWE,SWE0001,"Tirreno-Adriatico, 2014",TEAM COLUMBIA - HIGH ROAD,SKY PROFESSIONAL CYCLING TEAM,SKY PROCYCLING,SKY PROCYCLING,IAM CYCLING,IAM CYCLING,,,,,
Jackson RODRIGUEZ ORTIZ,Jackson,RODRIGUEZ ORTIZ,VEN,VEN0001,"Giro d'Italia, 2014",SERRAMENTI PVC DIQUIGIOVANNI-ANDRONI GIOCATTOLI,ANDRONI GIOCATTOLI - SERRAMENTI PVC DIQUIGIOVANNI,ANDRONI GIOCATTOLI - C.I.P.I,ANDRONI GIOCATTOLI - VENEZUELA,ANDRONI GIOCATTOLI - VENEZUELA,ANDRONI GIOCATTOLI - VENEZUELA,,,,,
Gabriele BOSISIO,Gabriele,BOSISIO,ITA,ITA0007,"Milano-Sanremo, 2009",,,,UTENSILNORD NAMED,,,,,,,
Laurens TEN DAM,Laurens,TEN DAM,NED,NED0001,"Critérium du Dauphiné, 2019",RABOBANK,RABOBANK,RABOBANK CYCLING TEAM,RABOBANK CYCLING TEAM,BELKIN-PRO CYCLING TEAM,BELKIN-PRO CYCLING TEAM,TEAM LOTTO NL - JUMBO,TEAM GIANT - ALPECIN,TEAM SUNWEB,TEAM SUNWEB,CCC TEAM
Thomas ROHREGGER,Thomas,ROHREGGER,AUT,AUT0001,"Critérium du Dauphiné, 2013",TEAM MILRAM,TEAM MILRAM,LEOPARD TREK,RADIOSHACK-NISSAN,RADIOSHACK LEOPARD,,,,,,
Carlos Jose OCHOA,Carlos Jose,OCHOA,VEN,VEN0002,"Giro d'Italia, 2012",SERRAMENTI PVC DIQUIGIOVANNI-ANDRONI GIOCATTOLI,ANDRONI GIOCATTOLI - SERRAMENTI PVC DIQUIGIOVANNI,ANDRONI GIOCATTOLI - C.I.P.I,ANDRONI GIOCATTOLI - VENEZUELA,,,,,,,
Daniel NAVARRO GARCIA,Daniel,NAVARRO GARCIA,ESP,ESP0003,"Vuelta a España, 2019",ASTANA,ASTANA,SAXO BANK SUNGARD,TEAM SAXO BANK-TINKOFF BANK,"COFIDIS, SOLUTIONS CREDITS","COFIDIS, SOLUTIONS CREDITS","COFIDIS, SOLUTIONS CREDITS","COFIDIS, SOLUTIONS CREDITS","COFIDIS, SOLUTIONS CREDITS","COFIDIS, SOLUTIONS CREDITS",TEAM KATUSHA ALPECIN
Michele SCARPONI,Michele,SCARPONI,ITA,ITA0008,"Tirreno-Adriatico, 2017",SERRAMENTI PVC DIQUIGIOVANNI-ANDRONI GIOCATTOLI,ANDRONI GIOCATTOLI - SERRAMENTI PVC DIQUIGIOVANNI,LAMPRE - ISD,LAMPRE - ISD,LAMPRE-MERIDA,ASTANA PRO TEAM,ASTANA PRO TEAM,ASTANA PRO TEAM,ASTANA PRO TEAM,,
Serge PAUWELS,Serge,PAUWELS,BEL,BEL0003,"Critérium du Dauphiné, 2018",CERVELO TEST TEAM,SKY PROFESSIONAL CYCLING TEAM,,OMEGA PHARMA-QUICKSTEP,OMEGA PHARMA - QUICK-STEP CYCLING TEAM,OMEGA PHARMA - QUICK-STEP CYCLING TEAM,MTN - QHUBEKA,TEAM DIMENSION DATA,TEAM DIMENSION DATA,TEAM DIMENSION DATA,CCC TEAM
Evgeny PETROV,Evgeny,PETROV,RUS,RUS0003,"Critérium du Dauphiné, 2015",TEAM KATUSHA,TEAM KATUSHA,PRO TEAM ASTANA,ASTANA PRO TEAM,Team SAXO-TINKOFF,TINKOFF-SAXO,TINKOFF - SAXO,TINKOFF,,,
Andrey ZEITS,Andrey,ZEITS,KAZ,KAZ0001,"Vuelta a España, 2010",ASTANA,ASTANA,PRO TEAM ASTANA,ASTANA PRO TEAM,ASTANA PRO TEAM,ASTANA PRO TEAM,ASTANA PRO TEAM,ASTANA PRO TEAM,ASTANA PRO TEAM,ASTANA PRO TEAM,ASTANA PRO TEAM
Chris FROOME,Chris,FROOME,GBR,GBR0001,"Critérium du Dauphiné, 2019",BARLOWORLD,SKY PROFESSIONAL CYCLING TEAM,SKY PROCYCLING,SKY PROCYCLING,SKY PROCYCLING,TEAM SKY,TEAM SKY,TEAM SKY,TEAM SKY,TEAM SKY,TEAM INEOS
Aleksandr EFIMKIN,Aleksandr,EFIMKIN,RUS,RUS0004,"Tour de Suisse, 2012",AG2R LA MONDIALE,AG2R LA MONDIALE,TEAM TYPE 1 - SANOFI AVENTIS,TEAM TYPE 1 - SANOFI,,,,,,,
Paolo TIRALONGO,Paolo,TIRALONGO,ITA,ITA0009,"Tour de France, 2016",LAMPRE - N.G.C,ASTANA,PRO TEAM ASTANA,ASTANA PRO TEAM,ASTANA PRO TEAM,ASTANA PRO TEAM,ASTANA PRO TEAM,ASTANA PRO TEAM,ASTANA PRO TEAM,,
Iker CAMANO ORTUZAR,Iker,CAMANO ORTUZAR,ESP,ESP0004,"Tirreno-Adriatico, 2014",FUJI-SERVETTO,,,,TEAM NETAPP - ENDURA,TEAM NETAPP - ENDURA,,,,,
Marco PINOTTI,Marco,PINOTTI,ITA,ITA0010,"Vuelta a España, 2013",TEAM COLUMBIA - HIGH ROAD,TEAM HTC - COLUMBIA,HTC-HIGHROAD,BMC RACING TEAM,BMC RACING TEAM,,,,,,
Mauricio Alberto ARDILA CANO,Mauricio Alberto,ARDILA CANO,COL,COL0002,"Giro d'Italia, 2011",RABOBANK,RABOBANK,GEOX-TMC,,,,,,,,
Luca MAZZANTI,Luca,MAZZANTI,ITA,ITA0011,"Giro d'Italia, 2012",TEAM KATUSHA,TEAM KATUSHA,FARNESE VINI - NERI SOTTOLI,FARNESE VINI - SELLE ITALIA,,,,,,,
Simon GERRANS,Simon,GERRANS,AUS,AUS0002,"Paris-Nice, 2017",CERVELO TEST TEAM,SKY PROFESSIONAL CYCLING TEAM,SKY PROCYCLING,ORICA GreenEDGE,ORICA GreenEDGE,ORICA GreenEDGE,ORICA GreenEDGE,ORICA-BIKEEXCHANGE,ORICA - SCOTT,BMC RACING TEAM,
Sylwester SZMYD,Sylwester,SZMYD,POL,POL0001,"Tour de Suisse, 2016",LIQUIGAS,LIQUIGAS-DOIMO,LIQUIGAS-CANNONDALE,LIQUIGAS-CANNONDALE,MOVISTAR TEAM,MOVISTAR TEAM,CCC SPRANDI POLKOWICE,CCC SPRANDI POLKOWICE,,,
Pablo LASTRAS GARCIA,Pablo,LASTRAS GARCIA,ESP,ESP0005,"Tour de Suisse, 2014",CAISSE D'EPARGNE,CAISSE D'EPARGNE,MOVISTAR TEAM,MOVISTAR TEAM,MOVISTAR TEAM,MOVISTAR TEAM,,,,,
Dario David CIONI,Dario David,CIONI,ITA,ITA0012,"Giro d'Italia, 2011",ISD - NERI,SKY PROFESSIONAL CYCLING TEAM,SKY PROCYCLING,,,,,,,,
Jens VOIGT,Jens,VOIGT,GER,GER0001,"Tour de France, 2014",TEAM SAXO BANK,TEAM SAXO BANK,LEOPARD TREK,RADIOSHACK-NISSAN,RADIOSHACK LEOPARD,TREK FACTORY RACING,,,,,
Jose Luis RUBIERA VIGIL,Jose Luis,RUBIERA VIGIL,ESP,ESP0006,"Il Lombardia, 2010",ASTANA,TEAM RADIOSHACK,,,,,,,,,
Fredrik KESSIAKOFF,Fredrik,KESSIAKOFF,SWE,SWE0002,"Tour de Suisse, 2014",FUJI-SERVETTO,GARMIN - TRANSITIONS,PRO TEAM ASTANA,ASTANA PRO TEAM,ASTANA PRO TEAM,ASTANA PRO TEAM,,,,,
Marco MARZANO,Marco,MARZANO,ITA,ITA0013,"Tour de France, 2012",LAMPRE - N.G.C,LAMPRE-FARNESE VINI,LAMPRE - ISD,LAMPRE - ISD,,,,,,,
Marcos GARCIA FERNANDEZ,Marcos,GARCIA FERNANDEZ,ESP,ESP0007,"Vuelta a España, 2013",XACOBEO GALICIA,XACOBEO GALICIA,,CAJA RURAL,CAJA RURAL - SEGUROS RGA,,,,,,
Vladimir MIHOLJEVIĆ,Vladimir,MIHOLJEVIĆ,CRO,CRO0001,"Tirreno-Adriatico, 2012",LIQUIGAS,ACQUA & SAPONE - D'ANGELO & ANTENUCCI,ACQUA & SAPONE,ACQUA & SAPONE,,,,,,,
Volodymir GUSTOV,Volodymir,GUSTOV,UKR,UKR0003,"Giro d'Italia, 2012",CERVELO TEST TEAM,CERVELO TEST TEAM,SAXO BANK SUNGARD,TEAM SAXO BANK,,,,,,,
Jure GOLČER,Jure,GOLČER,SLO,SLO0002,"Giro d'Italia, 2009",,,,,,,,,,,
Philip DEIGNAN,Philip,DEIGNAN,IRL,IRL0001,"Critérium du Dauphiné, 2015",CERVELO TEST TEAM,CERVELO TEST TEAM,TEAM RADIOSHACK,,,TEAM SKY,TEAM SKY,TEAM SKY,TEAM SKY,,
Arnold JEANNESSON,Arnold,JEANNESSON,FRA,FRA0001,"Paris-Nice, 2017",CAISSE D'EPARGNE,CAISSE D'EPARGNE,FDJ,FDJ-BIG MAT,FDJ,FDJ.fr,FDJ,"COFIDIS, SOLUTIONS CREDITS",FORTUNEO - VITAL CONCEPT,,
Francesco BELLOTTI,Francesco,BELLOTTI,ITA,ITA0014,"Vuelta a España, 2011",BARLOWORLD,LIQUIGAS-DOIMO,LIQUIGAS-CANNONDALE,,,,,,,,
Dario CATALDO,Dario,CATALDO,ITA,ITA0015,"Vuelta a España, 2018",QUICK STEP,QUICK STEP,QUICKSTEP CYCLING TEAM,OMEGA PHARMA-QUICKSTEP,SKY PROCYCLING,TEAM SKY,ASTANA PRO TEAM,ASTANA PRO TEAM,ASTANA PRO TEAM,ASTANA PRO TEAM,ASTANA PRO TEAM
Enrico GASPAROTTO,Enrico,GASPAROTTO,ITA,ITA0016,"Tour de Suisse, 2018",LAMPRE - N.G.C,ASTANA,PRO TEAM ASTANA,ASTANA PRO TEAM,ASTANA PRO TEAM,ASTANA PRO TEAM,WANTY - GROUPE GOBERT,WANTY - GROUPE GOBERT,BAHRAIN - MERIDA,BAHRAIN - MERIDA,TEAM DIMENSION DATA
Valerio AGNOLI,Valerio,AGNOLI,ITA,ITA0017,"Tour de Suisse, 2015",LIQUIGAS,LIQUIGAS-DOIMO,LIQUIGAS-CANNONDALE,LIQUIGAS-CANNONDALE,ASTANA PRO TEAM,ASTANA PRO TEAM,ASTANA PRO TEAM,ASTANA PRO TEAM,BAHRAIN - MERIDA,,BAHRAIN - MERIDA
Kjell CARLSTRÖM,Kjell,CARLSTRÖM,FIN,FIN0001,"Vuelta a España, 2010",LIQUIGAS,SKY PROFESSIONAL CYCLING TEAM,SKY PROCYCLING,,,,,,,,
Jason MCCARTNEY,Jason,MCCARTNEY,USA,USA0002,"Tour de Suisse, 2010",TEAM SAXO BANK,TEAM RADIOSHACK,TEAM RADIOSHACK,,,,,,,,
Blaise SONNERY,Blaise,SONNERY,FRA,FRA0002,"Giro d'Italia, 2009",AG2R LA MONDIALE,,,,,,,,,,
Nikita ESKOV,Nikita,ESKOV,RUS,RUS0005,"Giro d'Italia, 2009",TEAM KATUSHA,,,,,,,,,,
Félix Rafael CARDENAS RAVELO,Félix Rafael,CARDENAS RAVELO,COL,COL0003,"Giro d'Italia, 2009",BARLOWORLD,,,,,,,,,,
Dmytro GRABOVSKYY,Dmytro,GRABOVSKYY,UKR,UKR0004,"Tirreno-Adriatico, 2010",ISD - NERI,ISD - NERI,,,,,,,,,
Rubens BERTOGLIATI,Rubens,BERTOGLIATI,SUI,SUI0001,"Tour de Suisse, 2012",SERRAMENTI PVC DIQUIGIOVANNI-ANDRONI GIOCATTOLI,ANDRONI GIOCATTOLI - SERRAMENTI PVC DIQUIGIOVANNI,TEAM TYPE 1 - SANOFI AVENTIS,TEAM TYPE 1 - SANOFI,,,,,,,
Francesco GAVAZZI,Francesco,GAVAZZI,ITA,ITA0018,"Tirreno-Adriatico, 2017",LAMPRE - N.G.C,LAMPRE-FARNESE VINI,LAMPRE - ISD,ASTANA PRO TEAM,ASTANA PRO TEAM,ASTANA PRO TEAM,SOUTHEAST,ANDRONI GIOCATTOLI - SIDERMEC,ANDRONI GIOCATTOLI,ANDRONI GIOCATTOLI - SIDERMEC,ANDRONI GIOCATTOLI - SIDERMEC
Christophe BRANDT,Christophe,BRANDT,BEL,BEL0004,"Critérium du Dauphiné, 2010",SILENCE-LOTTO,OMEGA PHARMA-LOTTO,,,,,,,,,
Bradley WIGGINS,Bradley,WIGGINS,GBR,GBR0002,"Tirreno-Adriatico, 2014",GARMIN - SLIPSTREAM,SKY PROFESSIONAL CYCLING TEAM,SKY PROCYCLING,SKY PROCYCLING,SKY PROCYCLING,TEAM SKY,TEAM SKY,,,,
Mathieu PERGET,Mathieu,PERGET,FRA,FRA0003,"Vuelta a España, 2011",CAISSE D'EPARGNE,CAISSE D'EPARGNE,AG2R LA MONDIALE,AG2R LA MONDIALE,,,,,,,
Vasil KIRYIENKA,Vasil,KIRYIENKA,BLR,BLR0002,"Tirreno-Adriatico, 2018",CAISSE D'EPARGNE,CAISSE D'EPARGNE,MOVISTAR TEAM,MOVISTAR TEAM,SKY PROCYCLING,TEAM SKY,TEAM SKY,TEAM SKY,TEAM SKY,TEAM SKY,TEAM INEOS
Alessandro SPEZIALETTI,Alessandro,SPEZIALETTI,ITA,ITA0019,"Giro d'Italia, 2009",,LAMPRE-FARNESE VINI,LAMPRE - ISD,LAMPRE - ISD,,,,,,,
Matthieu SPRICK,Matthieu,SPRICK,FRA,FRA0004,"Liège-Bastogne-Liège, 2011",BBOX BOUYGUES TELECOM,BBOX BOUYGUES TELECOM,SKIL - SHIMANO,TEAM ARGOS - SHIMANO,TEAM ARGOS-SHIMANO,,,,,,
Giovanni VISCONTI,Giovanni,VISCONTI,ITA,ITA0020,"Tirreno-Adriatico, 2019",ISD - NERI,ISD - NERI,FARNESE VINI - NERI SOTTOLI,MOVISTAR TEAM,MOVISTAR TEAM,MOVISTAR TEAM,MOVISTAR TEAM,MOVISTAR TEAM,BAHRAIN - MERIDA,BAHRAIN - MERIDA,NERI SOTTOLI SELLE ITALIA KTM
John-Lee AUGUSTYN,John-Lee,AUGUSTYN,RSA,RSA0001,"Vuelta a España, 2010",BARLOWORLD,SKY PROFESSIONAL CYCLING TEAM,,,,,,,,,
Thomas * DANIELSON,Thomas *,DANIELSON,USA,USA0003,"Tour de Suisse, 2014",GARMIN - SLIPSTREAM,GARMIN - TRANSITIONS,TEAM GARMIN-CERVELO,GARMIN - SHARP,GARMIN SHARP,GARMIN SHARP,TEAM CANNONDALE - GARMIN,,,,
Dmitriy KOZONTCHUK,Dmitriy,KOZONTCHUK,RUS,RUS0006,"Tour de Suisse, 2016",RABOBANK,RABOBANK,GEOX-TMC,,KATUSHA,TEAM KATUSHA,TEAM KATUSHA,TEAM KATUSHA,GAZPROM - RUSVELO,,
Angel GOMEZ GOMEZ,Angel,GOMEZ GOMEZ,ESP,ESP0008,"Giro d'Italia, 2009",FUJI-SERVETTO,,,,,,,,,,
Renaud DION,Renaud,DION,FRA,FRA0005,"Paris-Nice, 2011",AG2R LA MONDIALE,,BRETAGNE - SCHULLER,,,,,,,,
Edvald Boasson HAGEN,Edvald Boasson,HAGEN,NOR,NOR0001,"Tour de France, 2019",TEAM COLUMBIA - HIGH ROAD,SKY PROFESSIONAL CYCLING TEAM,SKY PROCYCLING,SKY PROCYCLING,SKY PROCYCLING,TEAM SKY,MTN - QHUBEKA,TEAM DIMENSION DATA,TEAM DIMENSION DATA,TEAM DIMENSION DATA,TEAM DIMENSION DATA
Morris POSSONI,Morris,POSSONI,ITA,ITA0021,"Vuelta a España, 2012",TEAM COLUMBIA - HIGH ROAD,SKY PROFESSIONAL CYCLING TEAM,SKY PROCYCLING,LAMPRE - ISD,,,,,,,
Francesco DE BONIS,Francesco,DE BONIS,ITA,ITA0022,"Giro d'Italia, 2009",SERRAMENTI PVC DIQUIGIOVANNI-ANDRONI GIOCATTOLI,,,,,,,,,,
Jurgen VAN GOOLEN,Jurgen,VAN GOOLEN,BEL,BEL0005,"Vuelta a España, 2010",TEAM SAXO BANK,OMEGA PHARMA-LOTTO,,,,,,,,,
Andrea MASCIARELLI,Andrea,MASCIARELLI,ITA,ITA0023,"Il Lombardia, 2012",ACQUA & SAPONE - CAFFE MOKAMBO,ACQUA & SAPONE - D'ANGELO & ANTENUCCI,,ACQUA & SAPONE,,,,,,,
Guillaume BONNAFOND,Guillaume,BONNAFOND,FRA,FRA0006,"Milano-Sanremo, 2018",AG2R LA MONDIALE,AG2R LA MONDIALE,AG2R LA MONDIALE,AG2R LA MONDIALE,AG2R LA MONDIALE,AG2R LA MONDIALE,AG2R LA MONDIALE,AG2R LA MONDIALE,"COFIDIS, SOLUTIONS CREDITS","COFIDIS, SOLUTIONS CREDITS",
Steve MORABITO,Steve,MORABITO,SUI,SUI0002,"Vuelta a España, 2019",ASTANA,BMC RACING TEAM,BMC RACING TEAM,BMC RACING TEAM,BMC RACING TEAM,BMC RACING TEAM,FDJ,FDJ,FDJ,GROUPAMA - FDJ,GROUPAMA - FDJ
Thomas VOECKLER,Thomas,VOECKLER,FRA,FRA0007,"Tour de France, 2017",BBOX BOUYGUES TELECOM,BBOX BOUYGUES TELECOM,TEAM EUROPCAR,TEAM EUROPCAR,TEAM EUROPCAR,TEAM EUROPCAR,TEAM EUROPCAR,DIRECT ENERGIE,DIRECT ENERGIE,,
Ignatas KONOVALOVAS,Ignatas,KONOVALOVAS,LTU,LTU0001,"Paris-Nice, 2018",CERVELO TEST TEAM,CERVELO TEST TEAM,MOVISTAR TEAM,MOVISTAR TEAM,MTN - QHUBEKA,MTN - QHUBEKA,,FDJ,FDJ,GROUPAMA - FDJ,GROUPAMA - FDJ
Francesco FAILLI,Francesco,FAILLI,ITA,ITA0024,"Il Lombardia, 2014",ACQUA & SAPONE - CAFFE MOKAMBO,ACQUA & SAPONE - D'ANGELO & ANTENUCCI,FARNESE VINI - NERI SOTTOLI,FARNESE VINI - SELLE ITALIA,VINI FANTINI - SELLE ITALIA,NERI SOTTOLI,,,,,
Alessandro BERTOLINI,Alessandro,BERTOLINI,ITA,ITA0025,"Il Lombardia, 2011",SERRAMENTI PVC DIQUIGIOVANNI-ANDRONI GIOCATTOLI,ANDRONI GIOCATTOLI - SERRAMENTI PVC DIQUIGIOVANNI,ANDRONI GIOCATTOLI - C.I.P.I,,,,,,,,
Manuele MORI,Manuele,MORI,ITA,ITA0026,"Tour de Suisse, 2019",LAMPRE - N.G.C,LAMPRE-FARNESE VINI,LAMPRE - ISD,LAMPRE - ISD,LAMPRE-MERIDA,LAMPRE-MERIDA,LAMPRE - MERIDA,LAMPRE - MERIDA,UAE TEAM EMIRATES,UAE TEAM EMIRATES,UAE TEAM EMIRATES
Daniele PIETROPOLLI,Daniele,PIETROPOLLI,ITA,ITA0027,"Milano-Sanremo, 2009",,LAMPRE-FARNESE VINI,LAMPRE - ISD,LAMPRE - ISD,LAMPRE-MERIDA,,,,,,
Dries DEVENYNS,Dries,DEVENYNS,BEL,BEL0006,"Il Lombardia, 2013",QUICK STEP,QUICK STEP,QUICKSTEP CYCLING TEAM,OMEGA PHARMA-QUICKSTEP,OMEGA PHARMA - QUICK-STEP CYCLING TEAM,TEAM GIANT-SHIMANO,IAM CYCLING,IAM CYCLING,QUICK - STEP FLOORS,QUICK - STEP FLOORS,DECEUNINCK  -  QUICK - STEP
Gorazd ŠTANGELJ,Gorazd,ŠTANGELJ,SLO,SLO0003,"Giro d'Italia, 2011",LIQUIGAS,ASTANA,PRO TEAM ASTANA,,,,,,,,
Philippe GILBERT,Philippe,GILBERT,BEL,BEL0007,"Tirreno-Adriatico, 2018",SILENCE-LOTTO,OMEGA PHARMA-LOTTO,OMEGA PHARMA-LOTTO,BMC RACING TEAM,BMC RACING TEAM,BMC RACING TEAM,BMC RACING TEAM,BMC RACING TEAM,QUICK - STEP FLOORS,QUICK - STEP FLOORS,DECEUNINCK  -  QUICK - STEP
Kevin HULSMANS,Kevin,HULSMANS,BEL,BEL0008,"Tirreno-Adriatico, 2013",QUICK STEP,QUICK STEP,,FARNESE VINI - SELLE ITALIA,VINI FANTINI - SELLE ITALIA,,,,,,
Ruggero MARZOLI,Ruggero,MARZOLI,ITA,ITA0028,"Il Lombardia, 2010",ACQUA & SAPONE - CAFFE MOKAMBO,ACQUA & SAPONE - D'ANGELO & ANTENUCCI,ACQUA & SAPONE,,,,,,,,
Maarten TJALLINGII,Maarten,TJALLINGII,NED,NED0002,"Tour de France, 2012",RABOBANK,RABOBANK,RABOBANK CYCLING TEAM,RABOBANK CYCLING TEAM,BLANCO PRO CYCLING TEAM,BELKIN-PRO CYCLING TEAM,TEAM LOTTO NL - JUMBO,TEAM LOTTO NL - JUMBO,,,
Giampaolo CHEULA,Giampaolo,CHEULA,ITA,ITA0029,"Giro d'Italia, 2011",BARLOWORLD,FOOTON-SERVETTO,GEOX-TMC,,,,,,,,
Bartosz HUZARSKI,Bartosz,HUZARSKI,POL,POL0002,"Il Lombardia, 2010",ISD - NERI,ISD - NERI,TEAM NETAPP,TEAM NETAPP,TEAM NETAPP - ENDURA,TEAM NETAPP - ENDURA,BORA-ARGON 18,BORA-ARGON 18,,,
Hector GONZALEZ BAEZA,Hector,GONZALEZ BAEZA,ESP,ESP0009,"Giro d'Italia, 2009",FUJI-SERVETTO,,,,,,,,,,
Anthony CHARTEAU,Anthony,CHARTEAU,FRA,FRA0008,"Critérium du Dauphiné, 2013",CAISSE D'EPARGNE,BBOX BOUYGUES TELECOM,TEAM EUROPCAR,TEAM EUROPCAR,TEAM EUROPCAR,,,,,,
Charles WEGELIUS,Charles,WEGELIUS,GBR,GBR0003,"Giro d'Italia, 2010",SILENCE-LOTTO,OMEGA PHARMA-LOTTO,,,,,,,,,
Manuel QUINZIATO,Manuel,QUINZIATO,ITA,ITA0030,"Tour de France, 2015",LIQUIGAS,LIQUIGAS-DOIMO,BMC RACING TEAM,BMC RACING TEAM,BMC RACING TEAM,BMC RACING TEAM,BMC RACING TEAM,BMC RACING TEAM,BMC RACING TEAM,,
Alessandro Mauro VANOTTI,Alessandro Mauro,VANOTTI,ITA,ITA0031,"Vuelta a España, 2016",LIQUIGAS,LIQUIGAS-DOIMO,LIQUIGAS-CANNONDALE,LIQUIGAS-CANNONDALE,ASTANA PRO TEAM,ASTANA PRO TEAM,ASTANA PRO TEAM,ASTANA PRO TEAM,,,
Mauro FACCI,Mauro,FACCI,ITA,ITA0032,"Giro d'Italia, 2010",QUICK STEP,QUICK STEP,,,,,,,,,
Alessandro DONATI,Alessandro,DONATI,ITA,ITA0033,"Il Lombardia, 2012",ACQUA & SAPONE - CAFFE MOKAMBO,ACQUA & SAPONE - D'ANGELO & ANTENUCCI,ACQUA & SAPONE,ACQUA & SAPONE,,,,,,,
Markus FOTHEN,Markus,FOTHEN,GER,GER0002,"Giro d'Italia, 2010",TEAM MILRAM,TEAM MILRAM,,,,,,,,,
Edward KING,Edward,KING,USA,USA0004,"Paris-Roubaix, 2011",CERVELO TEST TEAM,CERVELO TEST TEAM,LIQUIGAS-CANNONDALE,LIQUIGAS-CANNONDALE,CANNONDALE PRO CYCLING,CANNONDALE,TEAM CANNONDALE - GARMIN,,,,
Addy ENGELS,Addy,ENGELS,NED,NED0003,"Giro d'Italia, 2011",QUICK STEP,QUICK STEP,QUICKSTEP CYCLING TEAM,,,,,,,,
Paolo LONGO BORGHINI,Paolo,LONGO BORGHINI,ITA,ITA0034,"Tirreno-Adriatico, 2010",BARLOWORLD,ISD - NERI,LIQUIGAS-CANNONDALE,LIQUIGAS-CANNONDALE,CANNONDALE PRO CYCLING,CANNONDALE,,,,,
Daniel LLOYD,Daniel,LLOYD,GBR,GBR0004,"Critérium du Dauphiné, 2011",CERVELO TEST TEAM,CERVELO TEST TEAM,TEAM GARMIN-CERVELO,,,,,,,,
Gonzalo RABUÑAL RIOS,Gonzalo,RABUÑAL RIOS,ESP,ESP0010,"Vuelta a España, 2010",XACOBEO GALICIA,XACOBEO GALICIA,,,,,,,,,
Yuri KRIVTSOV,Yuri,KRIVTSOV,UKR,UKR0005,"Tour de France, 2012",AG2R LA MONDIALE,AG2R LA MONDIALE,AG2R LA MONDIALE,LAMPRE - ISD,,,,,,,
Aleksandr SEROV,Aleksandr,SEROV,RUS,RUS0007,"Giro d'Italia, 2016",TEAM KATUSHA,,,,,,,GAZPROM-RUSVELO,,,
Riccardo CHIARINI,Riccardo,CHIARINI,ITA,ITA0035,"Milano-Sanremo, 2009",,,ANDRONI GIOCATTOLI - C.I.P.I,ANDRONI GIOCATTOLI - VENEZUELA,ANDRONI GIOCATTOLI - VENEZUELA,,,,,,
Allan DAVIS,Allan,DAVIS,AUS,AUS0003,"Tirreno-Adriatico, 2011",QUICK STEP,ASTANA,PRO TEAM ASTANA,ORICA GreenEDGE,,,,,,,
Mauro DA DALTO,Mauro,DA DALTO,ITA,ITA0036,"Paris-Nice, 2013",LAMPRE - N.G.C,LAMPRE-FARNESE VINI,LIQUIGAS-CANNONDALE,LIQUIGAS-CANNONDALE,CANNONDALE PRO CYCLING,,,,,,
Alessandro PETACCHI,Alessandro,PETACCHI,ITA,ITA0037,"Milano-Sanremo, 2009",,LAMPRE-FARNESE VINI,LAMPRE - ISD,LAMPRE - ISD,LAMPRE-MERIDA,OMEGA PHARMA - QUICK-STEP CYCLING TEAM,SOUTHEAST,,,,
Diego CACCIA,Diego,CACCIA,ITA,ITA0038,"Tirreno-Adriatico, 2012",BARLOWORLD,ISD - NERI,FARNESE VINI - NERI SOTTOLI,FARNESE VINI - SELLE ITALIA,,,,,,,
Matteo BONO,Matteo,BONO,ITA,ITA0039,"Liège-Bastogne-Liège, 2018",LAMPRE - N.G.C,LAMPRE-FARNESE VINI,LAMPRE - ISD,LAMPRE - ISD,LAMPRE-MERIDA,LAMPRE-MERIDA,LAMPRE - MERIDA,LAMPRE - MERIDA,UAE TEAM EMIRATES,UAE TEAM EMIRATES,
Delio FERNANDEZ CRUZ,Delio,FERNANDEZ CRUZ,ESP,ESP0011,"Paris-Nice, 2018",XACOBEO GALICIA,XACOBEO GALICIA,,,,,,DELKO MARSEILLE PROVENCE KTM,DELKO MARSEILLE PROVENCE KTM,DELKO MARSEILLE PROVENCE KTM,
Pavel BRUTT,Pavel,BRUTT,RUS,RUS0008,"Il Lombardia, 2014",TEAM KATUSHA,TEAM KATUSHA,KATUSHA TEAM,KATUSHA TEAM,KATUSHA,TEAM KATUSHA,TINKOFF - SAXO,TINKOFF,GAZPROM - RUSVELO,,
Johann TSCHOPP,Johann,TSCHOPP,SUI,SUI0003,"Paris-Nice, 2013",BBOX BOUYGUES TELECOM,BBOX BOUYGUES TELECOM,BMC RACING TEAM,BMC RACING TEAM,IAM CYCLING,IAM CYCLING,,,,,
Michael BAHR,Michael,BAHR,CAN,CAN0001,"Tour de Suisse, 2012",TEAM COLUMBIA - HIGH ROAD,SKY PROFESSIONAL CYCLING TEAM,SKY PROCYCLING,SKY PROCYCLING,,,,,,,
Jonas LJUNGBLAD,Jonas,LJUNGBLAD,SWE,SWE0003,"Tour de Suisse, 2010",SILENCE-LOTTO,OMEGA PHARMA-LOTTO,,,,,,,,,
Guillaume LE FLOCH,Guillaume,LE FLOCH,FRA,FRA0009,"Giro d'Italia, 2010",BBOX BOUYGUES TELECOM,BBOX BOUYGUES TELECOM,,,,,,,,,
Pieter JACOBS,Pieter,JACOBS,BEL,BEL0009,"Ronde van Vlaanderen, 2013",SILENCE-LOTTO,,,,,,,,,,
Matthew GOSS,Matthew,GOSS,AUS,AUS0004,"Tirreno-Adriatico, 2015",TEAM SAXO BANK,TEAM HTC - COLUMBIA,HTC-HIGHROAD,ORICA GreenEDGE,ORICA GreenEDGE,ORICA GreenEDGE,MTN - QHUBEKA,,,,
Ben SWIFT,Ben,SWIFT,GBR,GBR0005,"Tour de Suisse, 2019",TEAM KATUSHA,SKY PROFESSIONAL CYCLING TEAM,SKY PROCYCLING,SKY PROCYCLING,SKY PROCYCLING,TEAM SKY,TEAM SKY,TEAM SKY,UAE TEAM EMIRATES,UAE TEAM EMIRATES,TEAM INEOS
Thomas FOTHEN,Thomas,FOTHEN,GER,GER0003,"Critérium du Dauphiné, 2010",TEAM MILRAM,TEAM MILRAM,,,,,,,,,
Tom STAMSNIJDER,Tom,STAMSNIJDER,NED,NED0004,"Paris-Roubaix, 2018",RABOBANK,RABOBANK,LEOPARD TREK,TEAM ARGOS - SHIMANO,TEAM ARGOS-SHIMANO,TEAM GIANT-SHIMANO,TEAM GIANT - ALPECIN,TEAM GIANT - ALPECIN,TEAM SUNWEB,TEAM SUNWEB,
Sebastien HINAULT,Sebastien,HINAULT,FRA,FRA0010,"Paris-Nice, 2013",AG2R LA MONDIALE,AG2R LA MONDIALE,AG2R LA MONDIALE,AG2R LA MONDIALE,IAM CYCLING,IAM CYCLING,,,,,
Julian DEAN,Julian,DEAN,NZL,NZL0001,"Vuelta a España, 2012",GARMIN - SLIPSTREAM,GARMIN - TRANSITIONS,TEAM GARMIN-CERVELO,ORICA GreenEDGE,,,,,,,
Sergey KLIMOV,Sergey,KLIMOV,RUS,RUS0009,"Giro d'Italia, 2010",TEAM KATUSHA,TEAM KATUSHA,,,,,,,,,
Giairo ERMETI,Giairo,ERMETI,ITA,ITA0040,"Milano-Sanremo, 2009",,,ANDRONI GIOCATTOLI - C.I.P.I,ANDRONI GIOCATTOLI - VENEZUELA,ANDRONI GIOCATTOLI - VENEZUELA,,,,,,
Francesco REDA,Francesco,REDA,ITA,ITA0041,"Milano-Sanremo, 2012",QUICK STEP,QUICK STEP,QUICKSTEP CYCLING TEAM,ACQUA & SAPONE,,,,,,,
Björn SCHRÖDER,Björn,SCHRÖDER,GER,GER0004,"Vuelta a España, 2010",TEAM MILRAM,TEAM MILRAM,,,,,,,,,
Luca BARLA,Luca,BARLA,ITA,ITA0042,"Il Lombardia, 2011",TEAM MILRAM,,ANDRONI GIOCATTOLI - C.I.P.I,,,,,,,,
Serafin MARTINEZ,Serafin,MARTINEZ,ESP,ESP0012,"Vuelta a España, 2010",XACOBEO GALICIA,XACOBEO GALICIA,,,,,,,,,
Matteo MONTAGUTI,Matteo,MONTAGUTI,ITA,ITA0043,"Giro d'Italia, 2009",,,AG2R LA MONDIALE,AG2R LA MONDIALE,AG2R LA MONDIALE,AG2R LA MONDIALE,AG2R LA MONDIALE,AG2R LA MONDIALE,AG2R LA MONDIALE,AG2R LA MONDIALE,ANDRONI GIOCATTOLI - SIDERMEC
Danny PATE,Danny,PATE,USA,USA0005,"Tour de Suisse, 2015",GARMIN - SLIPSTREAM,GARMIN - TRANSITIONS,HTC-HIGHROAD,SKY PROCYCLING,SKY PROCYCLING,TEAM SKY,TEAM SKY,,,,
Gustavo CESAR VELOSO,Gustavo,CESAR VELOSO,ESP,ESP0013,"Vuelta a España, 2012",XACOBEO GALICIA,XACOBEO GALICIA,,ANDALUCIA,,,,,,,
Jean-Charles SENAC,Jean-Charles,SENAC,FRA,FRA0011,"Giro d'Italia, 2009",AG2R LA MONDIALE,,,,,,,,,,
Kasper KLOSTERGAARD LARSEN,Kasper,KLOSTERGAARD LARSEN,DEN,DEN0002,"Critérium du Dauphiné, 2012",TEAM SAXO BANK,TEAM SAXO BANK,SAXO BANK SUNGARD,TEAM SAXO BANK,,,,,,,
Juan José HAEDO,Juan José,HAEDO,ARG,ARG0001,"Vuelta a España, 2011",TEAM SAXO BANK,TEAM SAXO BANK,SAXO BANK SUNGARD,TEAM SAXO BANK,,,,,,,
Oscar GATTO,Oscar,GATTO,ITA,ITA0044,"Tirreno-Adriatico, 2019",ISD - NERI,ISD - NERI,FARNESE VINI - NERI SOTTOLI,FARNESE VINI - SELLE ITALIA,VINI FANTINI - SELLE ITALIA,CANNONDALE,ANDRONI GIOCATTOLI - SIDERMEC,TINKOFF,ASTANA PRO TEAM,ASTANA PRO TEAM,BORA - HANSGROHE
Jeremy HUNT,Jeremy,HUNT,GBR,GBR0006,"Paris-Nice, 2011",CERVELO TEST TEAM,CERVELO TEST TEAM,SKY PROCYCLING,SKY PROCYCLING,,,,,,,
Julien BELGY,Julien,BELGY,FRA,FRA0012,"Giro d'Italia, 2009",BBOX BOUYGUES TELECOM,,,,,,,,,,
David ZABRISKIE,David,ZABRISKIE,USA,USA0006,"Il Lombardia, 2013",GARMIN - SLIPSTREAM,GARMIN - TRANSITIONS,TEAM GARMIN-CERVELO,GARMIN - SHARP,GARMIN SHARP,,,,,,
Bram DE GROOT,Bram,DE GROOT,NED,NED0005,"Giro d'Italia, 2009",RABOBANK,,,,,,,,,,
Robert HUNTER,Robert,HUNTER,RSA,RSA0002,"Tour de France, 2010",BARLOWORLD,GARMIN - TRANSITIONS,TEAM RADIOSHACK,GARMIN - BARRACUDA,GARMIN SHARP,,,,,,
Anders LUND,Anders,LUND,DEN,DEN0003,"Paris-Nice, 2013",TEAM SAXO BANK,TEAM SAXO BANK,LEOPARD TREK,TEAM SAXO BANK,Team SAXO-TINKOFF,,,,,,
Davide VIGANO,Davide,VIGANO,ITA,ITA0045,"Tour de Suisse, 2013",FUJI-SERVETTO,SKY PROFESSIONAL CYCLING TEAM,LEOPARD TREK,LAMPRE - ISD,LAMPRE-MERIDA,,,ANDRONI GIOCATTOLI - SIDERMEC,,,
Leonardo SCARSELLI,Leonardo,SCARSELLI,ITA,ITA0046,"Tirreno-Adriatico, 2010",ISD - NERI,ISD - NERI,,,,,,,,,
Giuseppe PALUMBO,Giuseppe,PALUMBO,ITA,ITA0047,"Liège-Bastogne-Liège, 2010",ACQUA & SAPONE - CAFFE MOKAMBO,ACQUA & SAPONE - D'ANGELO & ANTENUCCI,,,,,,,,,
Olivier KAISEN,Olivier,KAISEN,BEL,BEL0010,"Tirreno-Adriatico, 2013",SILENCE-LOTTO,OMEGA PHARMA-LOTTO,OMEGA PHARMA-LOTTO,LOTTO BELISOL TEAM,LOTTO BELISOL,,,,,,
Ian STANNARD,Ian,STANNARD,GBR,GBR0007,"Tour de Suisse, 2018",ISD - NERI,SKY PROFESSIONAL CYCLING TEAM,SKY PROCYCLING,SKY PROCYCLING,SKY PROCYCLING,TEAM SKY,TEAM SKY,TEAM SKY,TEAM SKY,TEAM SKY,TEAM INEOS
Martin MÜLLER,Martin,MÜLLER,GER,GER0005,"Giro d'Italia, 2009",TEAM MILRAM,,,,,,,,,,
Robert FÖRSTER,Robert,FÖRSTER,GER,GER0006,"Paris-Roubaix, 2015",TEAM MILRAM,TEAM MILRAM,,,,UNITEDHEALTHCARE PROFESSIONAL CYCLING TEAM,UNITEDHEALTHCARE PROFESSIONAL CYCLING TEAM,,,,
Saïd HADDOU,Saïd,HADDOU,FRA,FRA0013,"Paris-Roubaix, 2012",BBOX BOUYGUES TELECOM,BBOX BOUYGUES TELECOM,TEAM EUROPCAR,TEAM EUROPCAR,,,,,,,
Vladimir ISAICHEV,Vladimir,ISAICHEV,RUS,RUS0010,"Paris-Roubaix, 2016",XACOBEO GALICIA,XACOBEO GALICIA,KATUSHA TEAM,KATUSHA TEAM,KATUSHA,TEAM KATUSHA,TEAM KATUSHA,TEAM KATUSHA,,,
Alberto FERNANDEZ DE LA PUEBLA RAMOS,Alberto,FERNANDEZ DE LA PUEBLA RAMOS,ESP,ESP0014,"Giro d'Italia, 2009",FUJI-SERVETTO,,,,,,,,,,
Jos VAN EMDEN,Jos,VAN EMDEN,NED,NED0006,"Paris-Roubaix, 2013",RABOBANK,RABOBANK,RABOBANK CYCLING TEAM,RABOBANK CYCLING TEAM,BLANCO PRO CYCLING TEAM,BELKIN-PRO CYCLING TEAM,TEAM LOTTO NL - JUMBO,TEAM LOTTO NL - JUMBO,TEAM LOTTO NL - JUMBO,TEAM LOTTO NL - JUMBO,TEAM JUMBO - VISMA
Mikhail IGNATYEV,Mikhail,IGNATYEV,RUS,RUS0011,"Critérium du Dauphiné, 2013",TEAM KATUSHA,TEAM KATUSHA,KATUSHA TEAM,KATUSHA TEAM,KATUSHA,,,,,,
Bart DOCKX,Bart,DOCKX,BEL,BEL0011,"Ronde van Vlaanderen, 2011",SILENCE-LOTTO,LANDBOUWKREDIET,LANDBOUWKREDIET,,,,,,,,
Evgeny SOKOLOV,Evgeny,SOKOLOV,RUS,RUS0012,"Giro d'Italia, 2009",BBOX BOUYGUES TELECOM,,,,,,,,,,
Danilo DI LUCA,Danilo,DI LUCA,ITA,ITA0048,"Milano-Sanremo, 2009",,,KATUSHA TEAM,ACQUA & SAPONE,VINI FANTINI - SELLE ITALIA,,,,,,
Franco PELLIZOTTI,Franco,PELLIZOTTI,ITA,ITA0049,"Il Lombardia, 2012",LIQUIGAS,LIQUIGAS-DOIMO,,ANDRONI GIOCATTOLI - VENEZUELA,ANDRONI GIOCATTOLI - VENEZUELA,ANDRONI GIOCATTOLI - VENEZUELA,ANDRONI GIOCATTOLI - SIDERMEC,ANDRONI GIOCATTOLI - SIDERMEC,BAHRAIN - MERIDA,BAHRAIN - MERIDA,
Tadej VALJAVEC,Tadej,VALJAVEC,SLO,SLO0004,"Paris-Nice, 2010",AG2R LA MONDIALE,AG2R LA MONDIALE,,,,,,,,,
Lance ARMSTRONG,Lance,ARMSTRONG,USA,USA0007,"Tour de France, 2010",ASTANA,TEAM RADIOSHACK,,,,,,,,,
Leonardo BERTAGNOLLI,Leonardo,BERTAGNOLLI,ITA,ITA0050,"Paris-Nice, 2012",SERRAMENTI PVC DIQUIGIOVANNI-ANDRONI GIOCATTOLI,ANDRONI GIOCATTOLI - SERRAMENTI PVC DIQUIGIOVANNI,LAMPRE - ISD,LAMPRE - ISD,,,,,,,
Filippo POZZATO,Filippo,POZZATO,ITA,ITA0051,"Tirreno-Adriatico, 2018",TEAM KATUSHA,TEAM KATUSHA,KATUSHA TEAM,FARNESE VINI - SELLE ITALIA,LAMPRE-MERIDA,LAMPRE-MERIDA,LAMPRE - MERIDA,WILIER TRIESTINA - SOUTHEAST,WILIER TRIESTINA - SELLE ITALIA,WILIER TRIESTINA - SELLE ITALIA,
Christian VANDEVELDE,Christian,VANDEVELDE,USA,USA0008,"Tour de France, 2011",GARMIN - SLIPSTREAM,GARMIN - TRANSITIONS,TEAM GARMIN-CERVELO,GARMIN - BARRACUDA,GARMIN SHARP,,,,,,
Jelle VANENDERT,Jelle,VANENDERT,BEL,BEL0012,"Giro d'Italia, 2019",SILENCE-LOTTO,OMEGA PHARMA-LOTTO,OMEGA PHARMA-LOTTO,LOTTO BELISOL TEAM,LOTTO BELISOL,LOTTO BELISOL,LOTTO SOUDAL,LOTTO SOUDAL,LOTTO SOUDAL,LOTTO SOUDAL,LOTTO SOUDAL
Eros CAPECCHI,Eros,CAPECCHI,ITA,ITA0052,"Paris-Nice, 2015",FUJI-SERVETTO,FOOTON-SERVETTO,LIQUIGAS-CANNONDALE,LIQUIGAS-CANNONDALE,MOVISTAR TEAM,MOVISTAR TEAM,MOVISTAR TEAM,ASTANA PRO TEAM,QUICK - STEP FLOORS,QUICK - STEP FLOORS,DECEUNINCK  -  QUICK - STEP
Iban MAYOZ ECHEVERRIA,Iban,MAYOZ ECHEVERRIA,ESP,ESP0015,"Giro d'Italia, 2010",XACOBEO GALICIA,FOOTON-SERVETTO,,,,,,,,,
Massimo CODOL,Massimo,CODOL,ITA,ITA0053,"Tirreno-Adriatico, 2012",ACQUA & SAPONE - CAFFE MOKAMBO,ACQUA & SAPONE - D'ANGELO & ANTENUCCI,ACQUA & SAPONE,ACQUA & SAPONE,,,,,,,
Mark CAVENDISH,Mark,CAVENDISH,GBR,GBR0008,"Tour de France, 2018",TEAM COLUMBIA - HIGH ROAD,TEAM HTC - COLUMBIA,HTC-HIGHROAD,SKY PROCYCLING,OMEGA PHARMA - QUICK-STEP CYCLING TEAM,OMEGA PHARMA - QUICK-STEP CYCLING TEAM,ETIXX - QUICK STEP,TEAM DIMENSION DATA,TEAM DIMENSION DATA,TEAM DIMENSION DATA,TEAM DIMENSION DATA
Jesus DEL NERO MONTES,Jesus,DEL NERO MONTES,ESP,ESP0016,"Giro d'Italia, 2009",FUJI-SERVETTO,,,,,,,,,,
Christopher HORNER,Christopher,HORNER,USA,USA0009,"Vuelta a España, 2013",ASTANA,TEAM RADIOSHACK,TEAM RADIOSHACK,RADIOSHACK-NISSAN,RADIOSHACK LEOPARD,LAMPRE-MERIDA,,,,,
Juan Mauricio SOLER HERNANDEZ,Juan Mauricio,SOLER HERNANDEZ,COL,COL0004,"Tour de Suisse, 2011",BARLOWORLD,CAISSE D'EPARGNE,MOVISTAR TEAM,,,,,,,,
Julien LOUBET,Julien,LOUBET,FRA,FRA0014,"Paris-Nice, 2016",AG2R LA MONDIALE,AG2R LA MONDIALE,,,,,,FORTUNEO - VITAL CONCEPT,,,
Ricardo SERRANO GONZALEZ,Ricardo,SERRANO GONZALEZ,ESP,ESP0017,"Giro d'Italia, 2009",FUJI-SERVETTO,,,,,,,,,,
Tyler FARRAR,Tyler,FARRAR,USA,USA0010,"Paris-Nice, 2017",GARMIN - SLIPSTREAM,GARMIN - TRANSITIONS,TEAM GARMIN-CERVELO,GARMIN - BARRACUDA,GARMIN SHARP,GARMIN SHARP,MTN - QHUBEKA,TEAM DIMENSION DATA,TEAM DIMENSION DATA,,
Cameron MEYER,Cameron,MEYER,AUS,AUS0005,"Tour de Suisse, 2018",GARMIN - SLIPSTREAM,GARMIN - TRANSITIONS,TEAM GARMIN-CERVELO,ORICA GreenEDGE,ORICA GreenEDGE,ORICA GreenEDGE,ORICA GreenEDGE,,,MITCHELTON - SCOTT,
Pedro HORRILLO MUNOZ,Pedro,HORRILLO MUNOZ,ESP,ESP0018,"Giro d'Italia, 2009",RABOBANK,,,,,,,,,,
Steve CHAINEL,Steve,CHAINEL,FRA,FRA0015,"Milano-Sanremo, 2014",BBOX BOUYGUES TELECOM,BBOX BOUYGUES TELECOM,FDJ,FDJ-BIG MAT,AG2R LA MONDIALE,AG2R LA MONDIALE,,,,,
Yohann GENE,Yohann,GENE,FRA,FRA0016,"Paris-Roubaix, 2019",BBOX BOUYGUES TELECOM,BBOX BOUYGUES TELECOM,TEAM EUROPCAR,TEAM EUROPCAR,TEAM EUROPCAR,TEAM EUROPCAR,TEAM EUROPCAR,DIRECT ENERGIE,DIRECT ENERGIE,DIRECT ENERGIE,TOTAL DIRECT ENERGIE
David LOPEZ GARCIA,David,LOPEZ GARCIA,ESP,ESP0019,"Tour de Suisse, 2015",CAISSE D'EPARGNE,CAISSE D'EPARGNE,MOVISTAR TEAM,MOVISTAR TEAM,SKY PROCYCLING,TEAM SKY,TEAM SKY,TEAM SKY,TEAM SKY,TEAM SKY,
Davide MALACARNE,Davide,MALACARNE,ITA,ITA0054,"Vuelta a España, 2010",QUICK STEP,QUICK STEP,QUICKSTEP CYCLING TEAM,TEAM EUROPCAR,TEAM EUROPCAR,TEAM EUROPCAR,ASTANA PRO TEAM,ASTANA PRO TEAM,,,
Joaquim RODRIGUEZ OLIVER,Joaquim,RODRIGUEZ OLIVER,ESP,ESP0020,"Tour de France, 2016",CAISSE D'EPARGNE,TEAM KATUSHA,KATUSHA TEAM,KATUSHA TEAM,KATUSHA,TEAM KATUSHA,TEAM KATUSHA,TEAM KATUSHA,,,
Mark RENSHAW,Mark,RENSHAW,AUS,AUS0006,"Tirreno-Adriatico, 2018",TEAM COLUMBIA - HIGH ROAD,TEAM HTC - COLUMBIA,HTC-HIGHROAD,RABOBANK CYCLING TEAM,BLANCO PRO CYCLING TEAM,OMEGA PHARMA - QUICK-STEP CYCLING TEAM,ETIXX - QUICK STEP,TEAM DIMENSION DATA,TEAM DIMENSION DATA,TEAM DIMENSION DATA,TEAM DIMENSION DATA
Fabian CANCELLARA,Fabian,CANCELLARA,SUI,SUI0004,"Vuelta a España, 2013",TEAM SAXO BANK,TEAM SAXO BANK,LEOPARD TREK,RADIOSHACK-NISSAN,RADIOSHACK LEOPARD,TREK FACTORY RACING,TREK FACTORY RACING,TREK - SEGAFREDO,,,
Dario ANDRIOTTO,Dario,ANDRIOTTO,ITA,ITA0055,"Giro d'Italia, 2010",ACQUA & SAPONE - CAFFE MOKAMBO,ACQUA & SAPONE - D'ANGELO & ANTENUCCI,,,,,,,,,
Francisco PEREZ SANCHEZ,Francisco,PEREZ SANCHEZ,ESP,ESP0021,"Critérium du Dauphiné, 2011",CAISSE D'EPARGNE,CAISSE D'EPARGNE,MOVISTAR TEAM,,,,,,,,
Ruslan PIDGORNYY,Ruslan,PIDGORNYY,UKR,UKR0006,"Vuelta a España, 2011",ISD - NERI,,VACANSOLEIL-DCM PRO CYCLING TEAM,,,,,,,,
Ronny SCHOLZ,Ronny,SCHOLZ,GER,GER0007,"Giro d'Italia, 2009",TEAM MILRAM,,,,,,,,,,
David GARCIA DA PENA,David,GARCIA DA PENA,ESP,ESP0022,"Vuelta a España, 2010",XACOBEO GALICIA,XACOBEO GALICIA,,,,,,,,,
David MILLAR,David,MILLAR,GBR,GBR0009,"Vuelta a España, 2014",GARMIN - SLIPSTREAM,GARMIN - TRANSITIONS,TEAM GARMIN-CERVELO,GARMIN - SHARP,GARMIN SHARP,GARMIN SHARP,,,,,
Matthias RUSS,Matthias,RUSS,GER,GER0008,"Giro d'Italia, 2010",TEAM MILRAM,TEAM MILRAM,,,,,,,,,
Vincenzo NIBALI,Vincenzo,NIBALI,ITA,ITA0056,"Vuelta a España, 2018",LIQUIGAS,LIQUIGAS-DOIMO,LIQUIGAS-CANNONDALE,LIQUIGAS-CANNONDALE,ASTANA PRO TEAM,ASTANA PRO TEAM,ASTANA PRO TEAM,ASTANA PRO TEAM,BAHRAIN - MERIDA,BAHRAIN - MERIDA,BAHRAIN - MERIDA
Cadel EVANS,Cadel,EVANS,AUS,AUS0007,"Tour de France, 2012",SILENCE-LOTTO,BMC RACING TEAM,BMC RACING TEAM,BMC RACING TEAM,BMC RACING TEAM,BMC RACING TEAM,,,,,
Alexandr VINOKUROV,Alexandr,VINOKUROV,KAZ,KAZ0002,"Vuelta a España, 2009",ASTANA,ASTANA,PRO TEAM ASTANA,ASTANA PRO TEAM,,,,,,,
Richie PORTE,Richie,PORTE,AUS,AUS0008,"Critérium du Dauphiné, 2017",,TEAM SAXO BANK,SAXO BANK SUNGARD,SKY PROCYCLING,SKY PROCYCLING,TEAM SKY,TEAM SKY,BMC RACING TEAM,BMC RACING TEAM,BMC RACING TEAM,TREK - SEGAFREDO
Robert KIŠERLOVSKI,Robert,KIŠERLOVSKI,CRO,CRO0002,"Critérium du Dauphiné, 2018",FUJI-SERVETTO,LIQUIGAS-DOIMO,PRO TEAM ASTANA,ASTANA PRO TEAM,RADIOSHACK LEOPARD,TREK FACTORY RACING,TINKOFF - SAXO,TINKOFF,TEAM KATUSHA ALPECIN,TEAM KATUSHA ALPECIN,
Bauke MOLLEMA,Bauke,MOLLEMA,NED,NED0007,"Il Lombardia, 2009",RABOBANK,RABOBANK,RABOBANK CYCLING TEAM,RABOBANK CYCLING TEAM,BELKIN-PRO CYCLING TEAM,BELKIN-PRO CYCLING TEAM,TREK FACTORY RACING,TREK - SEGAFREDO,TREK - SEGAFREDO,TREK - SEGAFREDO,TREK - SEGAFREDO
John GADRET,John,GADRET,FRA,FRA0017,"Critérium du Dauphiné, 2015",AG2R LA MONDIALE,AG2R LA MONDIALE,AG2R LA MONDIALE,AG2R LA MONDIALE,AG2R LA MONDIALE,MOVISTAR TEAM,MOVISTAR TEAM,,,,
Vladimir KARPETS,Vladimir,KARPETS,RUS,RUS0013,"Tour de France, 2012",TEAM KATUSHA,TEAM KATUSHA,KATUSHA TEAM,MOVISTAR TEAM,MOVISTAR TEAM,,,,,,
Linus GERDEMANN,Linus,GERDEMANN,GER,GER0009,"Tour de Suisse, 2014",TEAM MILRAM,TEAM MILRAM,LEOPARD TREK,RADIOSHACK-NISSAN,,MTN - QHUBEKA,,,,,
Steven KRUIJSWIJK,Steven,KRUIJSWIJK,NED,NED0008,"Vuelta a España, 2017",,RABOBANK,RABOBANK CYCLING TEAM,RABOBANK CYCLING TEAM,BLANCO PRO CYCLING TEAM,BELKIN-PRO CYCLING TEAM,TEAM LOTTO NL - JUMBO,TEAM LOTTO NL - JUMBO,TEAM LOTTO NL - JUMBO,TEAM LOTTO NL - JUMBO,TEAM JUMBO - VISMA
Hubert DUPONT,Hubert,DUPONT,FRA,FRA0018,"Tour de France, 2009",AG2R LA MONDIALE,AG2R LA MONDIALE,AG2R LA MONDIALE,AG2R LA MONDIALE,AG2R LA MONDIALE,AG2R LA MONDIALE,AG2R LA MONDIALE,AG2R LA MONDIALE,AG2R LA MONDIALE,AG2R LA MONDIALE,AG2R LA MONDIALE
Pieter WEENING,Pieter,WEENING,NED,NED0009,"Ronde van Vlaanderen, 2019",RABOBANK,RABOBANK,RABOBANK CYCLING TEAM,ORICA GreenEDGE,ORICA GreenEDGE,ORICA GreenEDGE,ORICA GreenEDGE,ROOMPOT - ORANJE PELOTON,ROOMPOT - NEDERLANDSE LOTERIJ,ROOMPOT - NEDERLANDSE LOTERIJ,ROOMPOT - CHARLES
Daniel MORENO FERNANDEZ,Daniel,MORENO FERNANDEZ,ESP,ESP0023,"Vuelta a España, 2018",CAISSE D'EPARGNE,OMEGA PHARMA-LOTTO,KATUSHA TEAM,KATUSHA TEAM,KATUSHA,TEAM KATUSHA,TEAM KATUSHA,MOVISTAR TEAM,MOVISTAR TEAM,TEAM EF EDUCATION FIRST - DRAPAC P/B CANNONDALE,
Chris Anker SØRENSEN,Chris Anker,SØRENSEN,DEN,DEN0004,"Critérium du Dauphiné, 2015",TEAM SAXO BANK,TEAM SAXO BANK,SAXO BANK SUNGARD,TEAM SAXO BANK-TINKOFF BANK,Team SAXO-TINKOFF,TINKOFF-SAXO,TINKOFF - SAXO,FORTUNEO - VITAL CONCEPT,,,
Iurii TROFIMOV,Iurii,TROFIMOV,RUS,RUS0014,"Vuelta a España, 2016",BBOX BOUYGUES TELECOM,BBOX BOUYGUES TELECOM,KATUSHA TEAM,KATUSHA TEAM,KATUSHA,TEAM KATUSHA,TEAM KATUSHA,TINKOFF,,,
Laurent DIDIER,Laurent,DIDIER,LUX,LUX0001,"Giro d'Italia, 2017",,TEAM SAXO BANK,SAXO BANK SUNGARD,RADIOSHACK-NISSAN,RADIOSHACK LEOPARD,TREK FACTORY RACING,TREK FACTORY RACING,TREK - SEGAFREDO,TREK - SEGAFREDO,TREK - SEGAFREDO,
Rigoberto URAN,Rigoberto,URAN,COL,COL0005,"Vuelta a España, 2018",CAISSE D'EPARGNE,CAISSE D'EPARGNE,SKY PROCYCLING,SKY PROCYCLING,SKY PROCYCLING,OMEGA PHARMA - QUICK-STEP CYCLING TEAM,ETIXX - QUICK STEP,CANNONDALE PRO CYCLING TEAM,CANNONDALE DRAPAC PROFESSIONAL CYCLING TEAM,TEAM EF EDUCATION FIRST - DRAPAC P/B CANNONDALE,EF EDUCATION FIRST
Jan BAKELANTS,Jan,BAKELANTS,BEL,BEL0013,"Liège-Bastogne-Liège, 2009",,OMEGA PHARMA-LOTTO,OMEGA PHARMA-LOTTO,RADIOSHACK-NISSAN,RADIOSHACK LEOPARD,OMEGA PHARMA - QUICK-STEP CYCLING TEAM,AG2R LA MONDIALE,AG2R LA MONDIALE,AG2R LA MONDIALE,,TEAM SUNWEB
Marcel WYSS,Marcel,WYSS,SUI,SUI0005,"Tour de Suisse, 2013",CERVELO TEST TEAM,CERVELO TEST TEAM,GEOX-TMC,,IAM CYCLING,IAM CYCLING,IAM CYCLING,IAM CYCLING,,,
Branislau SAMOILAU,Branislau,SAMOILAU,BLR,BLR0003,"Tour de Suisse, 2016",QUICK STEP,QUICK STEP,MOVISTAR TEAM,MOVISTAR TEAM,,CCC POLSAT POLKOWICE,CCC SPRANDI POLKOWICE,CCC SPRANDI POLKOWICE,CCC SPRANDI POLKOWICE,,
Andrey AMADOR,Andrey,AMADOR,CRC,CRC0001,"Paris-Nice, 2009",CAISSE D'EPARGNE,CAISSE D'EPARGNE,MOVISTAR TEAM,MOVISTAR TEAM,MOVISTAR TEAM,MOVISTAR TEAM,MOVISTAR TEAM,MOVISTAR TEAM,MOVISTAR TEAM,MOVISTAR TEAM,MOVISTAR TEAM
Josep JUFRE POU,Josep,JUFRE POU,ESP,ESP0024,"Critérium du Dauphiné, 2009",FUJI-SERVETTO,ASTANA,PRO TEAM ASTANA,,,,,,,,
Giampaolo CARUSO,Giampaolo,CARUSO,ITA,ITA0057,"Tirreno-Adriatico, 2009",CERAMICA FLAMINIA - BOSSINI DOCCE,TEAM KATUSHA,KATUSHA TEAM,KATUSHA TEAM,KATUSHA,TEAM KATUSHA,TEAM KATUSHA,,,,
Jose Cayetano SARMIENTO TUNARROSA,Jose Cayetano,SARMIENTO TUNARROSA,COL,COL0006,"Critérium du Dauphiné, 2014",,ACQUA & SAPONE - D'ANGELO & ANTENUCCI,ACQUA & SAPONE,LIQUIGAS-CANNONDALE,CANNONDALE PRO CYCLING,CANNONDALE,,,,,
Markus EIBEGGER,Markus,EIBEGGER,AUT,AUT0002,"Giro d'Italia, 2010",,FOOTON-SERVETTO,,,,,,,,,
Daniele RIGHI,Daniele,RIGHI,ITA,ITA0058,"Tour de France, 2009",LAMPRE - N.G.C,LAMPRE-FARNESE VINI,LAMPRE - ISD,LAMPRE - ISD,,,,,,,
Matthew LLOYD,Matthew,LLOYD,AUS,AUS0009,"Tour de France, 2012",SILENCE-LOTTO,OMEGA PHARMA-LOTTO,,LAMPRE - ISD,,,,,,,
Alberto LOSADA ALGUACIL,Alberto,LOSADA ALGUACIL,ESP,ESP0025,"Il Lombardia, 2009",CAISSE D'EPARGNE,CAISSE D'EPARGNE,KATUSHA TEAM,KATUSHA TEAM,KATUSHA,TEAM KATUSHA,TEAM KATUSHA,TEAM KATUSHA,TEAM KATUSHA ALPECIN,,
Joan HORRACH,Joan,HORRACH,ESP,ESP0026,"Tour de France, 2012",TEAM KATUSHA,TEAM KATUSHA,KATUSHA TEAM,KATUSHA TEAM,,,,,,,
Stephen CUMMINGS,Stephen,CUMMINGS,GBR,GBR0010,"Tirreno-Adriatico, 2011",BARLOWORLD,SKY PROFESSIONAL CYCLING TEAM,SKY PROCYCLING,BMC RACING TEAM,BMC RACING TEAM,BMC RACING TEAM,MTN - QHUBEKA,TEAM DIMENSION DATA,TEAM DIMENSION DATA,TEAM DIMENSION DATA,TEAM DIMENSION DATA
Matteo TOSATTO,Matteo,TOSATTO,ITA,ITA0059,"Tour de France, 2014",QUICK STEP,QUICK STEP,SAXO BANK SUNGARD,TEAM SAXO BANK,Team SAXO-TINKOFF,TINKOFF-SAXO,TINKOFF - SAXO,TINKOFF,,,
Daniel MARTIN,Daniel,MARTIN,IRL,IRL0002,"Vuelta a España, 2011",GARMIN - SLIPSTREAM,GARMIN - TRANSITIONS,TEAM GARMIN-CERVELO,GARMIN - SHARP,GARMIN SHARP,GARMIN SHARP,TEAM CANNONDALE - GARMIN,ETIXX - QUICK STEP,QUICK - STEP FLOORS,UAE TEAM EMIRATES,UAE TEAM EMIRATES
Jérôme PINEAU,Jérôme,PINEAU,FRA,FRA0019,"Tour de France, 2014",QUICK STEP,QUICK STEP,QUICKSTEP CYCLING TEAM,OMEGA PHARMA-QUICKSTEP,OMEGA PHARMA - QUICK-STEP CYCLING TEAM,IAM CYCLING,IAM CYCLING,,,,
Gustav LARSSON,Gustav,LARSSON,SWE,SWE0004,"Tirreno-Adriatico, 2011",TEAM SAXO BANK,TEAM SAXO BANK,SAXO BANK SUNGARD,VACANSOLEIL-DCM PRO CYCLING TEAM,IAM CYCLING,IAM CYCLING,,,,,
Xabier ZANDIO ECHAIDE,Xabier,ZANDIO ECHAIDE,ESP,ESP0027,"Vuelta a España, 2012",CAISSE D'EPARGNE,CAISSE D'EPARGNE,SKY PROCYCLING,SKY PROCYCLING,SKY PROCYCLING,TEAM SKY,,,,,
Leonardo DUQUE,Leonardo,DUQUE,COL,COL0007,"Paris-Nice, 2016","COFIDIS, LE CREDIT EN LIGNE","COFIDIS, LE CREDIT EN LIGNE","COFIDIS, LE CREDIT EN LIGNE","COFIDIS, LE CREDIT EN LIGNE",COLOMBIA,COLOMBIA,COLOMBIA,DELKO MARSEILLE PROVENCE KTM,,,
Ludovic TURPIN,Ludovic,TURPIN,FRA,FRA0020,"Liège-Bastogne-Liège, 2011",AG2R LA MONDIALE,AG2R LA MONDIALE,SAUR - SOJASUN,,,,,,,,
David MONCOUTIE,David,MONCOUTIE,FRA,FRA0021,"Tour de France, 2012","COFIDIS, LE CREDIT EN LIGNE","COFIDIS, LE CREDIT EN LIGNE","COFIDIS, LE CREDIT EN LIGNE","COFIDIS, LE CREDIT EN LIGNE",,,,,,,
Sebastian LANG,Sebastian,LANG,GER,GER0010,"Tour de France, 2009",SILENCE-LOTTO,OMEGA PHARMA-LOTTO,OMEGA PHARMA-LOTTO,,,,,,,,
Nicki SØRENSEN,Nicki,SØRENSEN,DEN,DEN0005,"Critérium du Dauphiné, 2014",TEAM SAXO BANK,TEAM SAXO BANK,SAXO BANK SUNGARD,TEAM SAXO BANK-TINKOFF BANK,Team SAXO-TINKOFF,TINKOFF-SAXO,,,,,
Simone STORTONI,Simone,STORTONI,ITA,ITA0060,"Tour de France, 2012",,COLNAGO - CSF INOX,COLNAGO - CSF INOX,LAMPRE - ISD,LAMPRE-MERIDA,,ANDRONI GIOCATTOLI - SIDERMEC,,,,
Alessandro BISOLTI,Alessandro,BISOLTI,ITA,ITA0061,"Il Lombardia, 2017",,COLNAGO - CSF INOX,FARNESE VINI - NERI SOTTOLI,,,,NIPPO - VINI FANTINI,NIPPO - VINI FANTINI,NIPPO - VINI FANTINI,,
Cameron WURF,Cameron,WURF,AUS,AUS0010,"Critérium du Dauphiné, 2011",FUJI-SERVETTO,ANDRONI GIOCATTOLI - SERRAMENTI PVC DIQUIGIOVANNI,LIQUIGAS-CANNONDALE,,CANNONDALE PRO CYCLING,,,,,,
Craig LEWIS,Craig,LEWIS,USA,USA0011,"Critérium du Dauphiné, 2009",TEAM COLUMBIA - HIGH ROAD,TEAM HTC - COLUMBIA,HTC-HIGHROAD,,,,,,,,
Florian STALDER,Florian,STALDER,SUI,SUI0006,"Critérium du Dauphiné, 2009",BMC RACING TEAM,BMC RACING TEAM,,,,,,,,,
Rémi CUSIN,Rémi,CUSIN,FRA,FRA0022,"Paris-Roubaix, 2009",AGRITUBEL,"COFIDIS, LE CREDIT EN LIGNE","COFIDIS, LE CREDIT EN LIGNE",TEAM TYPE 1 - SANOFI,IAM CYCLING,,,,,,
Iñigo CUESTA LOPEZ DE CASTRO,Iñigo,CUESTA LOPEZ DE CASTRO,ESP,ESP0028,"Tour de France, 2009",CERVELO TEST TEAM,CERVELO TEST TEAM,,,,,,,,,
Roman KIREYEV,Roman,KIREYEV,KAZ,KAZ0003,"Tour de Suisse, 2009",ASTANA,ASTANA,PRO TEAM ASTANA,,,,,,,,
Greg HENDERSON,Greg,HENDERSON,NZL,NZL0002,"Paris-Nice, 2011",TEAM COLUMBIA - HTC,SKY PROFESSIONAL CYCLING TEAM,SKY PROCYCLING,LOTTO BELISOL TEAM,LOTTO BELISOL,LOTTO BELISOL,LOTTO SOUDAL,LOTTO SOUDAL,,,
Damien MONIER,Damien,MONIER,FRA,FRA0023,"Critérium du Dauphiné, 2011","COFIDIS, LE CREDIT EN LIGNE","COFIDIS, LE CREDIT EN LIGNE","COFIDIS, LE CREDIT EN LIGNE",,,,,,,,
Matthias BRÄNDLE,Matthias,BRÄNDLE,AUT,AUT0003,"Il Lombardia, 2013",,FOOTON-SERVETTO,GEOX-TMC,TEAM NETAPP,IAM CYCLING,IAM CYCLING,IAM CYCLING,IAM CYCLING,TREK - SEGAFREDO,TREK - SEGAFREDO,ISRAEL CYCLING ACADEMY
Tiziano DALL'ANTONIA,Tiziano,DALL'ANTONIA,ITA,ITA0062,"Il Lombardia, 2014",,LIQUIGAS-DOIMO,LIQUIGAS-CANNONDALE,LIQUIGAS-CANNONDALE,CANNONDALE PRO CYCLING,ANDRONI GIOCATTOLI - VENEZUELA,ANDRONI GIOCATTOLI - SIDERMEC,,,,
Yukiya ARASHIRO,Yukiya,ARASHIRO,JPN,JPN0001,"Critérium du Dauphiné, 2018",BBOX BOUYGUES TELECOM,BBOX BOUYGUES TELECOM,TEAM EUROPCAR,TEAM EUROPCAR,TEAM EUROPCAR,TEAM EUROPCAR,TEAM EUROPCAR,LAMPRE - MERIDA,BAHRAIN - MERIDA,BAHRAIN - MERIDA,BAHRAIN - MERIDA
Brent BOOKWALTER,Brent,BOOKWALTER,USA,USA0012,"Tirreno-Adriatico, 2019",BMC RACING TEAM,BMC RACING TEAM,BMC RACING TEAM,BMC RACING TEAM,BMC RACING TEAM,BMC RACING TEAM,BMC RACING TEAM,BMC RACING TEAM,BMC RACING TEAM,BMC RACING TEAM,MITCHELTON - SCOTT
Danilo WYSS,Danilo,WYSS,SUI,SUI0007,"Paris-Roubaix, 2009",BMC RACING TEAM,BMC RACING TEAM,BMC RACING TEAM,BMC RACING TEAM,BMC RACING TEAM,BMC RACING TEAM,BMC RACING TEAM,BMC RACING TEAM,BMC RACING TEAM,BMC RACING TEAM,TEAM DIMENSION DATA
Kalle KRIIT,Kalle,KRIIT,EST,EST0001,"Giro d'Italia, 2010",,"COFIDIS, LE CREDIT EN LIGNE",,,,,,,,,
Michael SCHÄR,Michael,SCHÄR,SUI,SUI0008,"Vuelta a España, 2009",ASTANA,BMC RACING TEAM,BMC RACING TEAM,BMC RACING TEAM,BMC RACING TEAM,BMC RACING TEAM,BMC RACING TEAM,BMC RACING TEAM,BMC RACING TEAM,BMC RACING TEAM,CCC TEAM
Fabio SABATINI,Fabio,SABATINI,ITA,ITA0063,"Tour de France, 2017",LIQUIGAS,LIQUIGAS-DOIMO,LIQUIGAS-CANNONDALE,LIQUIGAS-CANNONDALE,CANNONDALE PRO CYCLING,CANNONDALE,ETIXX - QUICK STEP,ETIXX - QUICK STEP,QUICK - STEP FLOORS,QUICK - STEP FLOORS,DECEUNINCK  -  QUICK - STEP
Nico SIJMENS,Nico,SIJMENS,BEL,BEL0014,"Tirreno-Adriatico, 2009","COFIDIS, LE CREDIT EN LIGNE","COFIDIS, LE CREDIT EN LIGNE","COFIDIS, LE CREDIT EN LIGNE","COFIDIS, LE CREDIT EN LIGNE","COFIDIS, SOLUTIONS CREDITS",,,,,,
Mathew HAYMAN,Mathew,HAYMAN,AUS,AUS0011,"Tour de Suisse, 2013",RABOBANK,SKY PROFESSIONAL CYCLING TEAM,SKY PROCYCLING,SKY PROCYCLING,SKY PROCYCLING,ORICA GreenEDGE,ORICA GreenEDGE,ORICA-BIKEEXCHANGE,ORICA - SCOTT,MITCHELTON - SCOTT,
Alan MARANGONI,Alan,MARANGONI,ITA,ITA0064,"Paris-Roubaix, 2012",,COLNAGO - CSF INOX,LIQUIGAS-CANNONDALE,LIQUIGAS-CANNONDALE,CANNONDALE PRO CYCLING,CANNONDALE,TEAM CANNONDALE - GARMIN,CANNONDALE PRO CYCLING TEAM,NIPPO - VINI FANTINI,NIPPO - VINI FANTINI - EUROPA OVINI,
Marco VELO,Marco,VELO,ITA,ITA0065,"Vuelta a España, 2009",QUICK STEP,QUICK STEP,,,,,,,,,
Michiel ELIJZEN,Michiel,ELIJZEN,NED,NED0010,"Paris-Roubaix, 2009",SILENCE-LOTTO,OMEGA PHARMA-LOTTO,,,,,,,,,
Murilo Antonio FISCHER,Murilo Antonio,FISCHER,BRA,BRA0001,"Critérium du Dauphiné, 2012",LIQUIGAS,GARMIN - TRANSITIONS,TEAM GARMIN-CERVELO,GARMIN - BARRACUDA,FDJ,FDJ.fr,FDJ,FDJ,,,
Vicente REYNES MIMO,Vicente,REYNES MIMO,ESP,ESP0029,"Vuelta a España, 2016",TEAM COLUMBIA - HTC,TEAM HTC - COLUMBIA,OMEGA PHARMA-LOTTO,LOTTO BELISOL TEAM,LOTTO BELISOL,IAM CYCLING,IAM CYCLING,IAM CYCLING,,,
Julien FOUCHARD,Julien,FOUCHARD,FRA,FRA0024,"Paris-Nice, 2014",,"COFIDIS, LE CREDIT EN LIGNE","COFIDIS, LE CREDIT EN LIGNE","COFIDIS, LE CREDIT EN LIGNE",,"COFIDIS, SOLUTIONS CREDITS",,,,,
Stefano PIRAZZI,Stefano,PIRAZZI,ITA,ITA0066,"Giro d'Italia, 2017",,COLNAGO - CSF INOX,COLNAGO - CSF INOX,COLNAGO - CSF INOX,BARDIANI VALVOLE - CSF INOX,BARDIANI CSF,BARDIANI CSF,BARDIANI CSF,BARDIANI CSF,,
Michael ALBASINI,Michael,ALBASINI,SUI,SUI0009,"Tour de Suisse, 2019",TEAM COLUMBIA - HTC,TEAM HTC - COLUMBIA,HTC-HIGHROAD,ORICA GreenEDGE,ORICA GreenEDGE,ORICA GreenEDGE,ORICA GreenEDGE,ORICA-BIKEEXCHANGE,ORICA - SCOTT,MITCHELTON - SCOTT,MITCHELTON - SCOTT
Luke ROBERTS,Luke,ROBERTS,AUS,AUS0012,"Tour de Suisse, 2011",,TEAM MILRAM,SAXO BANK SUNGARD,TEAM SAXO BANK,,,,,,,
Svein TUFT,Svein,TUFT,CAN,CAN0002,"Tour de Suisse, 2019",GARMIN - SLIPSTREAM,GARMIN - TRANSITIONS,,ORICA GreenEDGE,ORICA GreenEDGE,ORICA GreenEDGE,ORICA GreenEDGE,ORICA GreenEDGE,ORICA - SCOTT,MITCHELTON - SCOTT,RALLY UHC CYCLING
Maciej BODNAR,Maciej,BODNAR,POL,POL0003,"Tirreno-Adriatico, 2019",LIQUIGAS,LIQUIGAS-DOIMO,LIQUIGAS-CANNONDALE,LIQUIGAS-CANNONDALE,CANNONDALE PRO CYCLING,CANNONDALE,TINKOFF - SAXO,TINKOFF,BORA - HANSGROHE,BORA - HANSGROHE,BORA - HANSGROHE
Lucas Sebastian HAEDO,Lucas Sebastian,HAEDO,ARG,ARG0002,"Critérium du Dauphiné, 2011",,TEAM SAXO BANK,SAXO BANK SUNGARD,TEAM SAXO BANK,CANNONDALE PRO CYCLING,,,,,,
Michael MØRKØV,Michael,MØRKØV,DEN,DEN0006,"Paris-Nice, 2015",,TEAM SAXO BANK,SAXO BANK SUNGARD,TEAM SAXO BANK-TINKOFF BANK,Team SAXO-TINKOFF,TINKOFF-SAXO,TINKOFF - SAXO,TEAM KATUSHA,TEAM KATUSHA ALPECIN,QUICK - STEP FLOORS,DECEUNINCK  -  QUICK - STEP
Graeme BROWN,Graeme,BROWN,AUS,AUS0013,"Vuelta a España, 2013",,RABOBANK,RABOBANK CYCLING TEAM,RABOBANK CYCLING TEAM,BELKIN-PRO CYCLING TEAM,,,,,,
Christopher SUTTON,Christopher,SUTTON,AUS,AUS0014,"Tirreno-Adriatico, 2012",GARMIN - SLIPSTREAM,SKY PROFESSIONAL CYCLING TEAM,SKY PROCYCLING,SKY PROCYCLING,,TEAM SKY,,,,,
FrantišEk RABOŇ,FrantišEk,RABOŇ,CZE,CZE0001,"Critérium du Dauphiné, 2013",TEAM COLUMBIA - HTC,TEAM HTC - COLUMBIA,HTC-HIGHROAD,OMEGA PHARMA-QUICKSTEP,OMEGA PHARMA - QUICK-STEP CYCLING TEAM,,,,,,
Rick FLENS,Rick,FLENS,NED,NED0011,"Tirreno-Adriatico, 2009",RABOBANK,RABOBANK,RABOBANK CYCLING TEAM,,BLANCO PRO CYCLING TEAM,BELKIN-PRO CYCLING TEAM,TEAM LOTTO NL - JUMBO,,,,
Damien GAUDIN,Damien,GAUDIN,FRA,FRA0025,"Paris-Nice, 2019",BBOX BOUYGUES TELECOM,BBOX BOUYGUES TELECOM,TEAM EUROPCAR,TEAM EUROPCAR,TEAM EUROPCAR,AG2R LA MONDIALE,AG2R LA MONDIALE,AG2R LA MONDIALE,,DIRECT ENERGIE,DIRECT ENERGIE
Marco FRAPPORTI,Marco,FRAPPORTI,ITA,ITA0067,"Il Lombardia, 2013",,COLNAGO - CSF INOX,COLNAGO - CSF INOX,,ANDRONI GIOCATTOLI - VENEZUELA,ANDRONI GIOCATTOLI - VENEZUELA,ANDRONI GIOCATTOLI - SIDERMEC,ANDRONI GIOCATTOLI - SIDERMEC,ANDRONI GIOCATTOLI,ANDRONI GIOCATTOLI - SIDERMEC,ANDRONI GIOCATTOLI - SIDERMEC
Marco CORTI,Marco,CORTI,ITA,ITA0068,"Il Lombardia, 2011",BARLOWORLD,FOOTON-SERVETTO,GEOX-TMC,,,,,,,,
Mathieu CLAUDE,Mathieu,CLAUDE,FRA,FRA0026,"Paris-Roubaix, 2011",BBOX BOUYGUES TELECOM,BBOX BOUYGUES TELECOM,TEAM EUROPCAR,,,,,,,,
Domenico POZZOVIVO,Domenico,POZZOVIVO,ITA,ITA0069,"Giro d'Italia, 2019",,COLNAGO - CSF INOX,COLNAGO - CSF INOX,COLNAGO - CSF INOX,AG2R LA MONDIALE,AG2R LA MONDIALE,AG2R LA MONDIALE,AG2R LA MONDIALE,AG2R LA MONDIALE,BAHRAIN - MERIDA,BAHRAIN - MERIDA
Guillaume BLOT,Guillaume,BLOT,FRA,FRA0027,"Paris-Roubaix, 2012","COFIDIS, LE CREDIT EN LIGNE","COFIDIS, LE CREDIT EN LIGNE",,BRETAGNE - SCHULLER,,,,,,,
Sacha MODOLO,Sacha,MODOLO,ITA,ITA0070,"Tirreno-Adriatico, 2019",,COLNAGO - CSF INOX,COLNAGO - CSF INOX,COLNAGO - CSF INOX,BARDIANI VALVOLE - CSF INOX,LAMPRE-MERIDA,LAMPRE - MERIDA,LAMPRE - MERIDA,UAE TEAM EMIRATES,TEAM EF EDUCATION FIRST - DRAPAC P/B CANNONDALE,EF EDUCATION FIRST
Ole Gabriel RASCH,Ole Gabriel,RASCH,NOR,NOR0002,"Tour de Suisse, 2013",CERVELO TEST TEAM,CERVELO TEST TEAM,TEAM GARMIN-CERVELO,FDJ-BIG MAT,SKY PROCYCLING,TEAM SKY,,,,,
William BONNET,William,BONNET,FRA,FRA0028,"Giro d'Italia, 2018",BBOX BOUYGUES TELECOM,BBOX BOUYGUES TELECOM,FDJ,FDJ-BIG MAT,FDJ.fr,FDJ.fr,FDJ,FDJ,FDJ,GROUPAMA - FDJ,GROUPAMA - FDJ
Wouter WEYLANDT,Wouter,WEYLANDT,BEL,BEL0015,"Vuelta a España, 2009",QUICK STEP,QUICK STEP,LEOPARD TREK,,,,,,,,
Mickaël BUFFAZ,Mickaël,BUFFAZ,FRA,FRA0029,"Vuelta a España, 2012","COFIDIS, LE CREDIT EN LIGNE","COFIDIS, LE CREDIT EN LIGNE","COFIDIS, LE CREDIT EN LIGNE","COFIDIS, LE CREDIT EN LIGNE",,,,,,,
Dominik ROELS,Dominik,ROELS,GER,GER0011,"Vuelta a España, 2009",TEAM MILRAM,TEAM MILRAM,,,,,,,,,
Jack BOBRIDGE,Jack,BOBRIDGE,AUS,AUS0015,"Tour de Suisse, 2011",,GARMIN - TRANSITIONS,TEAM GARMIN-CERVELO,ORICA GreenEDGE,BLANCO PRO CYCLING TEAM,BELKIN-PRO CYCLING TEAM,,TREK - SEGAFREDO,,,
Danilo HONDO,Danilo,HONDO,GER,GER0012,"Tour de France, 2012",,LAMPRE-FARNESE VINI,LAMPRE - ISD,LAMPRE - ISD,RADIOSHACK LEOPARD,TREK FACTORY RACING,,,,,
Fabian WEGMANN,Fabian,WEGMANN,GER,GER0013,"Liège-Bastogne-Liège, 2015",TEAM MILRAM,TEAM MILRAM,LEOPARD TREK,GARMIN - BARRACUDA,GARMIN SHARP,GARMIN SHARP,CULT ENERGY PRO CYCLING,,,,
Marcel SIEBERG,Marcel,SIEBERG,GER,GER0014,"Tour de France, 2017",TEAM COLUMBIA - HTC,TEAM HTC - COLUMBIA,OMEGA PHARMA-LOTTO,LOTTO BELISOL TEAM,LOTTO BELISOL,LOTTO BELISOL,LOTTO SOUDAL,LOTTO SOUDAL,LOTTO SOUDAL,LOTTO SOUDAL,BAHRAIN - MERIDA
Rene MANDRI,Rene,MANDRI,EST,EST0002,"Tirreno-Adriatico, 2009",AG2R LA MONDIALE,AG2R LA MONDIALE,,,,,,,,,
Alexsandr DYACHENKO,Alexsandr,DYACHENKO,KAZ,KAZ0004,"Tour de Suisse, 2013",ASTANA,ASTANA,PRO TEAM ASTANA,ASTANA PRO TEAM,ASTANA PRO TEAM,,,,,,
Manuel BELLETTI,Manuel,BELLETTI,ITA,ITA0071,"Milano-Sanremo, 2017",SERRAMENTI PVC DIQUIGIOVANNI-ANDRONI GIOCATTOLI,COLNAGO - CSF INOX,COLNAGO - CSF INOX,AG2R LA MONDIALE,AG2R LA MONDIALE,ANDRONI GIOCATTOLI - VENEZUELA,SOUTHEAST,WILIER TRIESTINA - SOUTHEAST,WILIER TRIESTINA - SELLE ITALIA,ANDRONI GIOCATTOLI - SIDERMEC,ANDRONI GIOCATTOLI - SIDERMEC
Paul VOß,Paul,VOß,GER,GER0015,"Vuelta a España, 2013",TEAM MILRAM,TEAM MILRAM,,,TEAM NETAPP - ENDURA,TEAM NETAPP - ENDURA,BORA-ARGON 18,BORA-ARGON 18,,,
Jeff LOUDER,Jeff,LOUDER,USA,USA0013,"Paris-Nice, 2011",BMC RACING TEAM,BMC RACING TEAM,BMC RACING TEAM,,,,,,,,
Valentin IGLINSKIY,Valentin,IGLINSKIY,KAZ,KAZ0005,"Paris-Roubaix, 2013",,ASTANA,PRO TEAM ASTANA,ASTANA PRO TEAM,AG2R LA MONDIALE,ASTANA PRO TEAM,,,,,
Michele MERLO,Michele,MERLO,ITA,ITA0072,"Giro d'Italia, 2010",,FOOTON-SERVETTO,,,,,,,,,
Anthony RAVARD,Anthony,RAVARD,FRA,FRA0030,"Paris-Nice, 2012",,AG2R LA MONDIALE,AG2R LA MONDIALE,AG2R LA MONDIALE,,,,,,,
Adam James HANSEN,Adam James,HANSEN,AUS,AUS0016,"Vuelta a España, 2011",TEAM COLUMBIA - HTC,TEAM HTC - COLUMBIA,OMEGA PHARMA-LOTTO,LOTTO BELISOL TEAM,LOTTO BELISOL,LOTTO BELISOL,LOTTO SOUDAL,LOTTO SOUDAL,LOTTO SOUDAL,LOTTO SOUDAL,LOTTO SOUDAL
Adam BLYTHE,Adam,BLYTHE,GBR,GBR0011,"Paris-Roubaix, 2015",,OMEGA PHARMA-LOTTO,OMEGA PHARMA-LOTTO,BMC RACING TEAM,BMC RACING TEAM,,ORICA GreenEDGE,TINKOFF,AQUA BLUE SPORT,,
Federico CANUTI,Federico,CANUTI,ITA,ITA0073,"Critérium du Dauphiné, 2013",,COLNAGO - CSF INOX,COLNAGO - CSF INOX,LIQUIGAS-CANNONDALE,CANNONDALE PRO CYCLING,,,,,,
Xavier TONDO VOLPINI,Xavier,TONDO VOLPINI,ESP,ESP0030,"Paris-Nice, 2011",ANDALUCIA CAJASUR,CERVELO TEST TEAM,MOVISTAR TEAM,,,,,,,,
David LOOSLI,David,LOOSLI,SUI,SUI0010,"Tour de France, 2011",LAMPRE - N.G.C,LAMPRE-FARNESE VINI,LAMPRE - ISD,,,,,,,,
Alberto LODDO,Alberto,LODDO,ITA,ITA0074,"Giro d'Italia, 2010",,ANDRONI GIOCATTOLI - SERRAMENTI PVC DIQUIGIOVANNI,,,,,,,,,
Mauro SANTAMBROGIO,Mauro,SANTAMBROGIO,ITA,ITA0075,"Vuelta a España, 2011",LAMPRE - N.G.C,BMC RACING TEAM,BMC RACING TEAM,BMC RACING TEAM,VINI FANTINI - SELLE ITALIA,,,,,,
John MURPHY,John,MURPHY,USA,USA0014,"Paris-Roubaix, 2015",,BMC RACING TEAM,BMC RACING TEAM,,,UNITEDHEALTHCARE PROFESSIONAL CYCLING TEAM,UNITEDHEALTHCARE PROFESSIONAL CYCLING TEAM,,,,
Ermanno CAPELLI,Ermanno,CAPELLI,ITA,ITA0076,"Tirreno-Adriatico, 2009",FUJI-SERVETTO,FOOTON-SERVETTO,,,,,,,,,
Robbie MCEWEN,Robbie,MCEWEN,AUS,AUS0017,"Tirreno-Adriatico, 2009",TEAM KATUSHA,TEAM KATUSHA,TEAM RADIOSHACK,,,,,,,,
Baden COOKE,Baden,COOKE,AUS,AUS0018,"Tirreno-Adriatico, 2011",VACANSOLEIL PRO CYCLING TEAM,TEAM SAXO BANK,SAXO BANK SUNGARD,ORICA GreenEDGE,ORICA GreenEDGE,,,,,,
André GREIPEL,André,GREIPEL,GER,GER0016,"Tour de Suisse, 2018",TEAM COLUMBIA - HTC,TEAM HTC - COLUMBIA,OMEGA PHARMA-LOTTO,LOTTO BELISOL TEAM,LOTTO BELISOL,LOTTO BELISOL,LOTTO SOUDAL,LOTTO SOUDAL,LOTTO SOUDAL,LOTTO SOUDAL,TEAM ARKEA - SAMSIC
Martin PEDERSEN,Martin,PEDERSEN,DEN,DEN0007,"Giro d'Italia, 2010",,FOOTON-SERVETTO,,,,,,,,,
Martin KOHLER,Martin,KOHLER,SUI,SUI0011,"Paris-Roubaix, 2009",BMC RACING TEAM,BMC RACING TEAM,BMC RACING TEAM,BMC RACING TEAM,BMC RACING TEAM,BMC RACING TEAM,,TEAM ROTH,,,
Roman KREUZIGER,Roman,KREUZIGER,CZE,CZE0002,"Tirreno-Adriatico, 2014",LIQUIGAS,LIQUIGAS-DOIMO,PRO TEAM ASTANA,ASTANA PRO TEAM,Team SAXO-TINKOFF,TINKOFF-SAXO,TINKOFF - SAXO,TINKOFF,ORICA - SCOTT,MITCHELTON - SCOTT,TEAM DIMENSION DATA
José RUJANO GUILLEN,José,RUJANO GUILLEN,VEN,VEN0003,"Giro d'Italia, 2012",,,ANDRONI GIOCATTOLI - C.I.P.I,ANDRONI GIOCATTOLI - VENEZUELA,,,,,,,
Mikel NIEVE ITURRALDE,Mikel,NIEVE ITURRALDE,ESP,ESP0031,"Critérium du Dauphiné, 2009",EUSKALTEL - EUSKADI,EUSKALTEL - EUSKADI,EUSKALTEL-EUSKADI,EUSKALTEL - EUSKADI,EUSKALTEL EUSKADI,TEAM SKY,TEAM SKY,TEAM SKY,TEAM SKY,MITCHELTON - SCOTT,MITCHELTON - SCOTT
Christophe LE MEVEL,Christophe,LE MEVEL,FRA,FRA0031,"Vuelta a España, 2014",FRANÇAISE DES JEUX,FDJ,TEAM GARMIN-CERVELO,GARMIN - SHARP,"COFIDIS, SOLUTIONS CREDITS","COFIDIS, SOLUTIONS CREDITS",,,,,
Matteo CARRARA,Matteo,CARRARA,ITA,ITA0077,"Tour de Suisse, 2010",VACANSOLEIL PRO CYCLING TEAM,VACANSOLEIL PRO CYCLING TEAM,VACANSOLEIL-DCM PRO CYCLING TEAM,VACANSOLEIL-DCM PRO CYCLING TEAM,,,,,,,
Igor ANTON HERNANDEZ,Igor,ANTON HERNANDEZ,ESP,ESP0032,"Vuelta a España, 2018",EUSKALTEL - EUSKADI,EUSKALTEL - EUSKADI,EUSKALTEL-EUSKADI,EUSKALTEL - EUSKADI,EUSKALTEL EUSKADI,MOVISTAR TEAM,MOVISTAR TEAM,TEAM DIMENSION DATA,TEAM DIMENSION DATA,TEAM DIMENSION DATA,
Tiago MACHADO,Tiago,MACHADO,POR,POR0001,"Paris-Nice, 2010",,TEAM RADIOSHACK,TEAM RADIOSHACK,RADIOSHACK-NISSAN,RADIOSHACK LEOPARD,TEAM NETAPP - ENDURA,TEAM KATUSHA,TEAM KATUSHA,TEAM KATUSHA ALPECIN,TEAM KATUSHA ALPECIN,
Peter STETINA,Peter,STETINA,USA,USA0015,"Il Lombardia, 2018",,GARMIN - TRANSITIONS,TEAM GARMIN-CERVELO,GARMIN - BARRACUDA,GARMIN SHARP,BMC RACING TEAM,,TREK - SEGAFREDO,TREK - SEGAFREDO,TREK - SEGAFREDO,TREK - SEGAFREDO
Bart DE CLERCQ,Bart,DE CLERCQ,BEL,BEL0016,"Critérium du Dauphiné, 2019",,,OMEGA PHARMA-LOTTO,LOTTO BELISOL TEAM,LOTTO BELISOL,LOTTO BELISOL,LOTTO SOUDAL,LOTTO SOUDAL,LOTTO SOUDAL,,WANTY - GOBERT CYCLING TEAM
Jesus HERNANDEZ BLAZQUEZ,Jesus,HERNANDEZ BLAZQUEZ,ESP,ESP0033,"Il Lombardia, 2015",ASTANA,ASTANA,SAXO BANK SUNGARD,TEAM SAXO BANK-TINKOFF BANK,Team SAXO-TINKOFF,TINKOFF-SAXO,TINKOFF - SAXO,TINKOFF,TREK - SEGAFREDO,,
Emanuele SELLA,Emanuele,SELLA,ITA,ITA0078,"Il Lombardia, 2010",,CARMIOORO NGC,ANDRONI GIOCATTOLI - C.I.P.I,ANDRONI GIOCATTOLI - VENEZUELA,ANDRONI GIOCATTOLI - VENEZUELA,ANDRONI GIOCATTOLI - VENEZUELA,,,,,
Bram TANKINK,Bram,TANKINK,NED,NED0012,"Tour de Suisse, 2018",RABOBANK,RABOBANK,RABOBANK CYCLING TEAM,RABOBANK CYCLING TEAM,BELKIN-PRO CYCLING TEAM,BELKIN-PRO CYCLING TEAM,TEAM LOTTO NL - JUMBO,TEAM LOTTO NL - JUMBO,TEAM LOTTO NL - JUMBO,TEAM LOTTO NL - JUMBO,
Przemyslaw NIEMIEC,Przemyslaw,NIEMIEC,POL,POL0004,"Vuelta a España, 2017",,,LAMPRE - ISD,LAMPRE - ISD,LAMPRE-MERIDA,LAMPRE-MERIDA,LAMPRE - MERIDA,LAMPRE - MERIDA,UAE TEAM EMIRATES,,
Diego ULISSI,Diego,ULISSI,ITA,ITA0079,"Tour de Suisse, 2010",,LAMPRE-FARNESE VINI,LAMPRE - ISD,LAMPRE - ISD,LAMPRE-MERIDA,LAMPRE-MERIDA,LAMPRE - MERIDA,LAMPRE - MERIDA,UAE TEAM EMIRATES,UAE TEAM EMIRATES,UAE TEAM EMIRATES
Sergio PARDILLA BELLON,Sergio,PARDILLA BELLON,ESP,ESP0034,"Tirreno-Adriatico, 2013",,,MOVISTAR TEAM,MOVISTAR TEAM,MTN - QHUBEKA,MTN - QHUBEKA,,CAJA RURAL-SEGUROS RGA,CAJA RURAL - SEGUROS RGA,CAJA RURAL - SEGUROS RGA,CAJA RURAL - SEGUROS RGA
Luis PASAMONTES RODRIGUEZ,Luis,PASAMONTES RODRIGUEZ,ESP,ESP0035,"Vuelta a España, 2010",CAISSE D'EPARGNE,CAISSE D'EPARGNE,MOVISTAR TEAM,,,,,,,,
Cristiano SALERNO,Cristiano,SALERNO,ITA,ITA0080,"Paris-Nice, 2014",,,LIQUIGAS-CANNONDALE,LIQUIGAS-CANNONDALE,CANNONDALE PRO CYCLING,CANNONDALE,BORA-ARGON 18,,,,
Johnny HOOGERLAND,Johnny,HOOGERLAND,NED,NED0013,"Liège-Bastogne-Liège, 2016",VACANSOLEIL PRO CYCLING TEAM,VACANSOLEIL PRO CYCLING TEAM,VACANSOLEIL-DCM PRO CYCLING TEAM,VACANSOLEIL-DCM PRO CYCLING TEAM,VACANSOLEIL-DCM PRO CYCLING TEAM,ANDRONI GIOCATTOLI - VENEZUELA,ROOMPOT ORANJE PELOTON,ROOMPOT - ORANJE PELOTON,,,
Carlos BETANCUR,Carlos,BETANCUR,COL,COL0008,"Tour de Suisse, 2019",,,ACQUA & SAPONE,ACQUA & SAPONE,AG2R LA MONDIALE,AG2R LA MONDIALE,AG2R LA MONDIALE,MOVISTAR TEAM,MOVISTAR TEAM,MOVISTAR TEAM,MOVISTAR TEAM
Mikael CHEREL,Mikael,CHEREL,FRA,FRA0032,"Paris-Nice, 2017",FRANÇAISE DES JEUX,FDJ,AG2R LA MONDIALE,AG2R LA MONDIALE,AG2R LA MONDIALE,AG2R LA MONDIALE,AG2R LA MONDIALE,AG2R LA MONDIALE,AG2R LA MONDIALE,AG2R LA MONDIALE,AG2R LA MONDIALE
Iñaki ISASI FLORES,Iñaki,ISASI FLORES,ESP,ESP0036,"Vuelta a España, 2009",EUSKALTEL - EUSKADI,EUSKALTEL - EUSKADI,EUSKALTEL-EUSKADI,,,,,,,,
David BLANCO RODRIGUEZ,David,BLANCO RODRIGUEZ,ESP,ESP0037,"Giro d'Italia, 2011",,,GEOX-TMC,,,,,,,,
Fumiyuki BEPPU,Fumiyuki,BEPPU,JPN,JPN0002,"Milano-Sanremo, 2010",SKIL-SHIMANO,TEAM RADIOSHACK,TEAM RADIOSHACK,ORICA GreenEDGE,ORICA GreenEDGE,TREK FACTORY RACING,TREK FACTORY RACING,TREK - SEGAFREDO,TREK - SEGAFREDO,,
Jorge AZANZA SOTO,Jorge,AZANZA SOTO,ESP,ESP0038,"Tour de Suisse, 2009",EUSKALTEL - EUSKADI,EUSKALTEL - EUSKADI,EUSKALTEL-EUSKADI,EUSKALTEL - EUSKADI,EUSKALTEL EUSKADI,,,,,,
Rinaldo NOCENTINI,Rinaldo,NOCENTINI,ITA,ITA0081,"Vuelta a España, 2014",AG2R LA MONDIALE,AG2R LA MONDIALE,AG2R LA MONDIALE,AG2R LA MONDIALE,AG2R LA MONDIALE,AG2R LA MONDIALE,AG2R LA MONDIALE,,,,
Ángel VICIOSO ARCOS,Ángel,VICIOSO ARCOS,ESP,ESP0039,"Tirreno-Adriatico, 2017",,,ANDRONI GIOCATTOLI - C.I.P.I,KATUSHA TEAM,KATUSHA,TEAM KATUSHA,TEAM KATUSHA,TEAM KATUSHA,TEAM KATUSHA ALPECIN,,
Ivan ROVNY,Ivan,ROVNY,RUS,RUS0015,"Il Lombardia, 2010",TEAM KATUSHA,TEAM RADIOSHACK,TEAM RADIOSHACK,,,TINKOFF-SAXO,TINKOFF - SAXO,TINKOFF,GAZPROM - RUSVELO,,GAZPROM - RUSVELO
Mathias FRANK,Mathias,FRANK,SUI,SUI0012,"Paris-Nice, 2013",BMC RACING TEAM,BMC RACING TEAM,BMC RACING TEAM,BMC RACING TEAM,BMC RACING TEAM,IAM CYCLING,IAM CYCLING,IAM CYCLING,AG2R LA MONDIALE,AG2R LA MONDIALE,AG2R LA MONDIALE
Peter KENNAUGH,Peter,KENNAUGH,GBR,GBR0012,"Critérium du Dauphiné, 2018",,SKY PROFESSIONAL CYCLING TEAM,SKY PROCYCLING,SKY PROCYCLING,SKY PROCYCLING,TEAM SKY,TEAM SKY,TEAM SKY,TEAM SKY,BORA - HANSGROHE,
Ben GASTAUER,Ben,GASTAUER,LUX,LUX0002,"Liège-Bastogne-Liège, 2010",,AG2R LA MONDIALE,AG2R LA MONDIALE,AG2R LA MONDIALE,AG2R LA MONDIALE,AG2R LA MONDIALE,AG2R LA MONDIALE,AG2R LA MONDIALE,AG2R LA MONDIALE,AG2R LA MONDIALE,AG2R LA MONDIALE
Thomas PETERSON,Thomas,PETERSON,USA,USA0016,"Liège-Bastogne-Liège, 2014",GARMIN - SLIPSTREAM,GARMIN - TRANSITIONS,TEAM GARMIN-CERVELO,GARMIN - SHARP,TEAM ARGOS-SHIMANO,TEAM GIANT-SHIMANO,,,,,
Aliaksandr KUCHYNSKI,Aliaksandr,KUCHYNSKI,BLR,BLR0004,"Paris-Nice, 2014",LIQUIGAS,LIQUIGAS-DOIMO,KATUSHA TEAM,KATUSHA TEAM,KATUSHA,TEAM KATUSHA,,,,,
Sergey LAGUTIN,Sergey,LAGUTIN,UZB,UZB0001,"Tour de Suisse, 2010",VACANSOLEIL PRO CYCLING TEAM,VACANSOLEIL PRO CYCLING TEAM,VACANSOLEIL-DCM PRO CYCLING TEAM,VACANSOLEIL-DCM PRO CYCLING TEAM,VACANSOLEIL-DCM PRO CYCLING TEAM,,,,,,
Lars Petter NORDHAUG,Lars Petter,NORDHAUG,NOR,NOR0003,"Tour de Suisse, 2017",,SKY PROFESSIONAL CYCLING TEAM,SKY PROCYCLING,SKY PROCYCLING,BELKIN-PRO CYCLING TEAM,BELKIN-PRO CYCLING TEAM,TEAM SKY,TEAM SKY,AQUA BLUE SPORT,,
Kristof VANDEWALLE,Kristof,VANDEWALLE,BEL,BEL0017,"Liège-Bastogne-Liège, 2010",,,QUICKSTEP CYCLING TEAM,OMEGA PHARMA-QUICKSTEP,OMEGA PHARMA - QUICK-STEP CYCLING TEAM,TREK FACTORY RACING,TREK FACTORY RACING,,,,
Gianluca BRAMBILLA,Gianluca,BRAMBILLA,ITA,ITA0082,"Il Lombardia, 2010",,COLNAGO - CSF INOX,COLNAGO - CSF INOX,COLNAGO - CSF INOX,OMEGA PHARMA - QUICK-STEP CYCLING TEAM,OMEGA PHARMA - QUICK-STEP CYCLING TEAM,ETIXX - QUICK STEP,ETIXX - QUICK STEP,QUICK - STEP FLOORS,TREK - SEGAFREDO,TREK - SEGAFREDO
Gert DOCKX,Gert,DOCKX,BEL,BEL0018,"Critérium du Dauphiné, 2015",,TEAM HTC - COLUMBIA,OMEGA PHARMA-LOTTO,LOTTO BELISOL TEAM,LOTTO BELISOL,LOTTO BELISOL,LOTTO SOUDAL,LOTTO SOUDAL,,,
Fabio * TABORRE,Fabio *,TABORRE,ITA,ITA0083,"Milano-Sanremo, 2015",SERRAMENTI PVC DIQUIGIOVANNI-ANDRONI GIOCATTOLI,ANDRONI GIOCATTOLI - SERRAMENTI PVC DIQUIGIOVANNI,ACQUA & SAPONE,ACQUA & SAPONE,VINI FANTINI - SELLE ITALIA,NERI SOTTOLI,ANDRONI GIOCATTOLI,,,,
Cyril DESSEL,Cyril,DESSEL,FRA,FRA0033,"Critérium du Dauphiné, 2010",AG2R LA MONDIALE,AG2R LA MONDIALE,AG2R LA MONDIALE,,,,,,,,
Maxim BELKOV,Maxim,BELKOV,RUS,RUS0016,"Milano-Sanremo, 2009",ISD,,VACANSOLEIL-DCM PRO CYCLING TEAM,KATUSHA TEAM,KATUSHA,TEAM KATUSHA,TEAM KATUSHA,TEAM KATUSHA,TEAM KATUSHA ALPECIN,TEAM KATUSHA ALPECIN,
Frederik VEUCHELEN,Frederik,VEUCHELEN,BEL,BEL0019,"Ronde van Vlaanderen, 2015",VACANSOLEIL PRO CYCLING TEAM,,VACANSOLEIL-DCM PRO CYCLING TEAM,VACANSOLEIL-DCM PRO CYCLING TEAM,VACANSOLEIL-DCM PRO CYCLING TEAM,WANTY - GROUPE GOBERT,WANTY - GROUPE GOBERT,WANTY - GROUPE GOBERT,WANTY - GROUPE GOBERT,,
Stef CLEMENT,Stef,CLEMENT,NED,NED0014,"Tour de France, 2016",RABOBANK,,RABOBANK CYCLING TEAM,RABOBANK CYCLING TEAM,BLANCO PRO CYCLING TEAM,BELKIN-PRO CYCLING TEAM,IAM CYCLING,IAM CYCLING,TEAM LOTTO NL - JUMBO,,
Alessandro DE MARCHI,Alessandro,DE MARCHI,ITA,ITA0084,"Critérium du Dauphiné, 2019",,,ANDRONI GIOCATTOLI - C.I.P.I,ANDRONI GIOCATTOLI - VENEZUELA,CANNONDALE PRO CYCLING,CANNONDALE,BMC RACING TEAM,BMC RACING TEAM,BMC RACING TEAM,BMC RACING TEAM,CCC TEAM
Carlos OYARZÚN,Carlos,OYARZÚN,CHI,CHI0001,"Giro d'Italia, 2011",,,MOVISTAR TEAM,,,,,,,,
Matteo RABOTTINI,Matteo,RABOTTINI,ITA,ITA0085,"Giro d'Italia, 2014",,,FARNESE VINI - NERI SOTTOLI,FARNESE VINI - SELLE ITALIA,VINI FANTINI - SELLE ITALIA,NERI SOTTOLI,,,,,
Leonardo GIORDANI,Leonardo,GIORDANI,ITA,ITA0086,"Il Lombardia, 2012",CERAMICA FLAMINIA - BOSSINI DOCCE,,FARNESE VINI - NERI SOTTOLI,FARNESE VINI - SELLE ITALIA,,,,,,,
Javier Francisco ARAMENDIA LORENTE,Javier Francisco,ARAMENDIA LORENTE,ESP,ESP0040,"Tour de Suisse, 2010",EUSKALTEL - EUSKADI,EUSKALTEL - EUSKADI,EUSKALTEL-EUSKADI,CAJA RURAL,CAJA RURAL - SEGUROS RGA,CAJA RURAL - SEGUROS RGA,,,,,
Mirko SELVAGGI,Mirko,SELVAGGI,ITA,ITA0087,"Tour de Suisse, 2015",,ASTANA,VACANSOLEIL-DCM PRO CYCLING TEAM,VACANSOLEIL-DCM PRO CYCLING TEAM,VACANSOLEIL-DCM PRO CYCLING TEAM,WANTY - GROUPE GOBERT,WANTY - GROUPE GOBERT,ANDRONI GIOCATTOLI - SIDERMEC,,,
Simon ŠPILAK,Simon,ŠPILAK,SLO,SLO0005,"Tirreno-Adriatico, 2018",LAMPRE - N.G.C,LAMPRE-FARNESE VINI,LAMPRE - ISD,KATUSHA TEAM,KATUSHA,TEAM KATUSHA,TEAM KATUSHA,TEAM KATUSHA,TEAM KATUSHA ALPECIN,TEAM KATUSHA ALPECIN,TEAM KATUSHA ALPECIN
Jussi VEIKKANEN,Jussi,VEIKKANEN,FIN,FIN0002,"Tirreno-Adriatico, 2010",FRANÇAISE DES JEUX,FRANÇAISE DES JEUX,OMEGA PHARMA-LOTTO,FDJ-BIG MAT,FDJ.fr,FDJ.fr,FDJ,,,,
Dennis VAN WINDEN,Dennis,VAN WINDEN,NED,NED0015,"Tirreno-Adriatico, 2018",,RABOBANK,RABOBANK CYCLING TEAM,RABOBANK CYCLING TEAM,,,TEAM LOTTO NL - JUMBO,TEAM LOTTO NL - JUMBO,,ISRAEL CYCLING ACADEMY,
Julien BERARD,Julien,BERARD,FRA,FRA0034,"Paris-Roubaix, 2010",,AG2R LA MONDIALE,AG2R LA MONDIALE,AG2R LA MONDIALE,AG2R LA MONDIALE,AG2R LA MONDIALE,AG2R LA MONDIALE,,AG2R LA MONDIALE,,
Pierre CAZAUX,Pierre,CAZAUX,FRA,FRA0035,"Vuelta a España, 2010",,FDJ,EUSKALTEL-EUSKADI,EUSKALTEL - EUSKADI,,,,,,,
Bjorn SELANDER,Bjorn,SELANDER,USA,USA0017,"Paris-Roubaix, 2010",,TEAM RADIOSHACK,TEAM RADIOSHACK,,,,,,,,
Simon ZAHNER,Simon,ZAHNER,SUI,SUI0013,"Liège-Bastogne-Liège, 2010",,BMC RACING TEAM,BMC RACING TEAM,,,,,,,,
Miguel MINGUEZ AYALA,Miguel,MINGUEZ AYALA,ESP,ESP0041,"Giro d'Italia, 2013",,,EUSKALTEL-EUSKADI,EUSKALTEL - EUSKADI,EUSKALTEL EUSKADI,,,,,,
Patrick GRETSCH,Patrick,GRETSCH,GER,GER0017,"Critérium du Dauphiné, 2010",,TEAM HTC - COLUMBIA,HTC-HIGHROAD,TEAM ARGOS - SHIMANO,TEAM ARGOS-SHIMANO,AG2R LA MONDIALE,AG2R LA MONDIALE,AG2R LA MONDIALE,,,
Russell DOWNING,Russell,DOWNING,GBR,GBR0013,"Paris-Roubaix, 2013",,SKY PROFESSIONAL CYCLING TEAM,SKY PROCYCLING,,TEAM NETAPP - ENDURA,,,,,,
Roberto FERRARI,Roberto,FERRARI,ITA,ITA0088,"Tour de France, 2018",,,ANDRONI GIOCATTOLI - C.I.P.I,ANDRONI GIOCATTOLI - VENEZUELA,LAMPRE-MERIDA,LAMPRE-MERIDA,LAMPRE - MERIDA,LAMPRE - MERIDA,UAE TEAM EMIRATES,UAE TEAM EMIRATES,
Alberto ONGARATO,Alberto,ONGARATO,ITA,ITA0089,"Milano-Sanremo, 2009",,VACANSOLEIL PRO CYCLING TEAM,VACANSOLEIL-DCM PRO CYCLING TEAM,,,,,,,,
Klaas LODEWYCK,Klaas,LODEWYCK,BEL,BEL0020,"Ronde van Vlaanderen, 2010",,,OMEGA PHARMA-LOTTO,BMC RACING TEAM,BMC RACING TEAM,BMC RACING TEAM,BMC RACING TEAM,,,,
Davide RICCI BITTI,Davide,RICCI BITTI,ITA,ITA0090,"Il Lombardia, 2010",,ISD - NERI,FARNESE VINI - NERI SOTTOLI,,,,,,,,
Daniel SESMA,Daniel,SESMA,ESP,ESP0042,"Tour de Suisse, 2010",,EUSKALTEL - EUSKADI,EUSKALTEL-EUSKADI,,,,,,,,
Claudio CORIONI,Claudio,CORIONI,ITA,ITA0091,"Milano-Sanremo, 2012",LIQUIGAS,,ACQUA & SAPONE,ACQUA & SAPONE,,,,,,,
Maxim GOUROV,Maxim,GOUROV,KAZ,KAZ0006,"Paris-Nice, 2010",,ASTANA,PRO TEAM ASTANA,,,,,,,,
Chad BEYER,Chad,BEYER,USA,USA0018,"Giro d'Italia, 2011",,,BMC RACING TEAM,,,,,,,,
Alex RASMUSSEN,Alex,RASMUSSEN,DEN,DEN0008,"Vuelta a España, 2013",,,HTC-HIGHROAD,GARMIN - BARRACUDA,GARMIN SHARP,,,,,,
Alexander KRISTOFF,Alexander,KRISTOFF,NOR,NOR0004,"Paris-Roubaix, 2010",,BMC RACING TEAM,BMC RACING TEAM,KATUSHA TEAM,KATUSHA,TEAM KATUSHA,TEAM KATUSHA,TEAM KATUSHA,TEAM KATUSHA ALPECIN,UAE TEAM EMIRATES,UAE TEAM EMIRATES
Elia FAVILLI,Elia,FAVILLI,ITA,ITA0092,"Vuelta a España, 2014",,,FARNESE VINI - NERI SOTTOLI,FARNESE VINI - SELLE ITALIA,LAMPRE-MERIDA,LAMPRE-MERIDA,SOUTHEAST,,,,
Alberto CONTADOR VELASCO,Alberto,CONTADOR VELASCO,ESP,ESP0043,"Vuelta a España, 2012",ASTANA,ASTANA,SAXO BANK SUNGARD,TEAM SAXO BANK-TINKOFF BANK,Team SAXO-TINKOFF,TINKOFF-SAXO,TINKOFF - SAXO,TINKOFF,TREK - SEGAFREDO,,
Bruno PIRES,Bruno,PIRES,POR,POR0002,"Tour de Suisse, 2016",,,LEOPARD TREK,TEAM SAXO BANK-TINKOFF BANK,Team SAXO-TINKOFF,TINKOFF-SAXO,TINKOFF - SAXO,TEAM ROTH,,,
Francisco Jose VENTOSO ALBERDI,Francisco Jose,VENTOSO ALBERDI,ESP,ESP0044,"Milano-Sanremo, 2010",,CARMIOORO NGC,MOVISTAR TEAM,MOVISTAR TEAM,MOVISTAR TEAM,MOVISTAR TEAM,MOVISTAR TEAM,MOVISTAR TEAM,BMC RACING TEAM,BMC RACING TEAM,CCC TEAM
Fabio Andres DUARTE AREVALO,Fabio Andres,DUARTE AREVALO,COL,COL0009,"Tirreno-Adriatico, 2012",,,GEOX-TMC,COLOMBIA - COLDEPORTES,COLOMBIA,COLOMBIA,COLOMBIA,,,,
Manuel CARDOSO,Manuel,CARDOSO,POR,POR0003,"Vuelta a España, 2012",,FOOTON-SERVETTO,TEAM RADIOSHACK,CAJA RURAL,,,,,,,
Juan José OROZ,Juan José,OROZ,ESP,ESP0045,"Tour de France, 2013",EUSKALTEL - EUSKADI,EUSKALTEL - EUSKADI,EUSKALTEL-EUSKADI,EUSKALTEL - EUSKADI,EUSKALTEL EUSKADI,,,,,,
Francesco CHICCHI,Francesco,CHICCHI,ITA,ITA0093,"Ronde van Vlaanderen, 2015",LIQUIGAS,LIQUIGAS-DOIMO,QUICKSTEP CYCLING TEAM,OMEGA PHARMA-QUICKSTEP,VINI FANTINI - SELLE ITALIA,NERI SOTTOLI,ANDRONI GIOCATTOLI,ANDRONI GIOCATTOLI - SIDERMEC,,,
Brett LANCASTER,Brett,LANCASTER,AUS,AUS0019,"Tour de France, 2010",CERVELO TEST TEAM,CERVELO TEST TEAM,TEAM GARMIN-CERVELO,ORICA GreenEDGE,ORICA GreenEDGE,ORICA GreenEDGE,ORICA GreenEDGE,,,,
Oliver ZAUGG,Oliver,ZAUGG,SUI,SUI0014,"Tour de Suisse, 2016",LIQUIGAS,LIQUIGAS-DOIMO,LEOPARD TREK,RADIOSHACK-NISSAN,Team SAXO-TINKOFF,TINKOFF-SAXO,,IAM CYCLING,,,
Michal GOLAS,Michal,GOLAS,POL,POL0005,"Liège-Bastogne-Liège, 2019",VACANSOLEIL PRO CYCLING TEAM,VACANSOLEIL PRO CYCLING TEAM,VACANSOLEIL-DCM PRO CYCLING TEAM,OMEGA PHARMA-QUICKSTEP,OMEGA PHARMA - QUICK-STEP CYCLING TEAM,OMEGA PHARMA - QUICK-STEP CYCLING TEAM,ETIXX - QUICK STEP,TEAM SKY,TEAM SKY,TEAM SKY,TEAM INEOS
Davide APPOLLONIO,Davide,APPOLLONIO,ITA,ITA0094,"Liège-Bastogne-Liège, 2012",,CERVELO TEST TEAM,SKY PROCYCLING,SKY PROCYCLING,AG2R LA MONDIALE,AG2R LA MONDIALE,ANDRONI GIOCATTOLI - SIDERMEC,,,,
Matthew WILSON,Matthew,WILSON,AUS,AUS0020,"Paris-Nice, 2012",,GARMIN - TRANSITIONS,TEAM GARMIN-CERVELO,GREENEDGE CYCLING TEAM,,,,,,,
Brice FEILLU,Brice,FEILLU,FRA,FRA0036,"Paris-Roubaix, 2019",AGRITUBEL,VACANSOLEIL PRO CYCLING TEAM,LEOPARD TREK,SAUR - SOJASUN,SOJASUN,BRETAGNE - SECHE ENVIRONNEMENT,BRETAGNE-SECHE ENVIRONNEMENT,FORTUNEO - VITAL CONCEPT,FORTUNEO - OSCARO,TEAM FORTUNEO - SAMSIC,TEAM ARKEA - SAMSIC
Borut BOZIC,Borut,BOZIC,SLO,SLO0006,"Paris-Roubaix, 2018",VACANSOLEIL PRO CYCLING TEAM,VACANSOLEIL PRO CYCLING TEAM,VACANSOLEIL-DCM PRO CYCLING TEAM,ASTANA PRO TEAM,ASTANA PRO TEAM,ASTANA PRO TEAM,ASTANA PRO TEAM,"COFIDIS, SOLUTIONS CREDITS",BAHRAIN - MERIDA,BAHRAIN - MERIDA,
Filippo SAVINI,Filippo,SAVINI,ITA,ITA0095,"Tirreno-Adriatico, 2012",,,COLNAGO - CSF INOX,COLNAGO - CSF INOX,,,,,,,
Dominic KLEMME,Dominic,KLEMME,GER,GER0018,"Paris-Roubaix, 2012",,TEAM SAXO BANK,LEOPARD TREK,TEAM ARGOS - SHIMANO,IAM CYCLING,IAM CYCLING,,,,,
Gerald CIOLEK,Gerald,CIOLEK,GER,GER0019,"Tirreno-Adriatico, 2015",TEAM MILRAM,TEAM MILRAM,QUICKSTEP CYCLING TEAM,OMEGA PHARMA-QUICKSTEP,MTN - QHUBEKA,MTN - QHUBEKA,MTN - QHUBEKA,,,,
Rafael VALLS FERRI,Rafael,VALLS FERRI,ESP,ESP0046,"Giro d'Italia, 2018",,FOOTON-SERVETTO,GEOX-TMC,VACANSOLEIL-DCM PRO CYCLING TEAM,VACANSOLEIL-DCM PRO CYCLING TEAM,LAMPRE-MERIDA,LAMPRE - MERIDA,LOTTO SOUDAL,LOTTO SOUDAL,MOVISTAR TEAM,MOVISTAR TEAM
Chris BARTON,Chris,BARTON,USA,USA0019,"Giro d'Italia, 2011",,,BMC RACING TEAM,,,,,,,,
Andrea NOE,Andrea,NOE,ITA,ITA0096,"Giro d'Italia, 2011",,,FARNESE VINI - NERI SOTTOLI,,,,,,,,
Danilo NAPOLITANO,Danilo,NAPOLITANO,ITA,ITA0097,"Paris-Roubaix, 2017",TEAM KATUSHA,TEAM KATUSHA,ACQUA & SAPONE,ACQUA & SAPONE,,,,,WANTY - GROUPE GOBERT,,
Tom-Jelte SLAGTER,Tom-Jelte,SLAGTER,NED,NED0016,"Tirreno-Adriatico, 2019",,,RABOBANK CYCLING TEAM,RABOBANK CYCLING TEAM,BLANCO PRO CYCLING TEAM,GARMIN SHARP,TEAM CANNONDALE - GARMIN,CANNONDALE-DRAPAC PRO CYCLING TEAM,CANNONDALE DRAPAC PROFESSIONAL CYCLING TEAM,TEAM DIMENSION DATA,TEAM DIMENSION DATA
Chris BUTLER,Chris,BUTLER,USA,USA0020,"Il Lombardia, 2010",,BMC RACING TEAM,BMC RACING TEAM,,,,,,,,
Ryder HESJEDAL,Ryder,HESJEDAL,CAN,CAN0003,"Tour de France, 2011",GARMIN - SLIPSTREAM,GARMIN - TRANSITIONS,TEAM GARMIN-CERVELO,GARMIN - BARRACUDA,GARMIN SHARP,GARMIN SHARP,TEAM CANNONDALE - GARMIN,TREK - SEGAFREDO,,,
Thomas DE GENDT,Thomas,DE GENDT,BEL,BEL0021,"Ronde van Vlaanderen, 2010",,,VACANSOLEIL-DCM PRO CYCLING TEAM,VACANSOLEIL-DCM PRO CYCLING TEAM,VACANSOLEIL-DCM PRO CYCLING TEAM,OMEGA PHARMA - QUICK-STEP CYCLING TEAM,LOTTO SOUDAL,LOTTO SOUDAL,LOTTO SOUDAL,LOTTO SOUDAL,LOTTO SOUDAL
Sergio Luis HENAO MONTOYA,Sergio Luis,HENAO MONTOYA,COL,COL0010,"Tour de Suisse, 2014",,,,SKY PROCYCLING,SKY PROCYCLING,TEAM SKY,TEAM SKY,TEAM SKY,TEAM SKY,TEAM SKY,UAE TEAM EMIRATES
Damiano CARUSO,Damiano,CARUSO,ITA,ITA0098,"Vuelta a España, 2014",,,LIQUIGAS-CANNONDALE,LIQUIGAS-CANNONDALE,CANNONDALE PRO CYCLING,CANNONDALE,BMC RACING TEAM,BMC RACING TEAM,BMC RACING TEAM,BMC RACING TEAM,BAHRAIN - MERIDA
Sandy CASAR,Sandy,CASAR,FRA,FRA0037,"Tour de France, 2011",FRANÇAISE DES JEUX,FDJ,FDJ,FDJ-BIG MAT,FDJ,,,,,,
Tanel KANGERT,Tanel,KANGERT,EST,EST0003,"Paris-Nice, 2017",,,PRO TEAM ASTANA,ASTANA PRO TEAM,ASTANA PRO TEAM,ASTANA PRO TEAM,ASTANA PRO TEAM,ASTANA PRO TEAM,ASTANA PRO TEAM,ASTANA PRO TEAM,EF EDUCATION FIRST
Juan Antonio FLECHA GIANNONI,Juan Antonio,FLECHA GIANNONI,ESP,ESP0047,"Tour de France, 2013",RABOBANK,SKY PROFESSIONAL CYCLING TEAM,SKY PROCYCLING,SKY PROCYCLING,VACANSOLEIL-DCM PRO CYCLING TEAM,,,,,,
Beñat INTXAUSTI ELORRIAGA,Beñat,INTXAUSTI ELORRIAGA,ESP,ESP0048,"Vuelta a España, 2010",FUJI-SERVETTO,EUSKALTEL - EUSKADI,MOVISTAR TEAM,MOVISTAR TEAM,MOVISTAR TEAM,MOVISTAR TEAM,MOVISTAR TEAM,,,,
Amets TXURRUKA ANSOLA,Amets,TXURRUKA ANSOLA,ESP,ESP0049,"Vuelta a España, 2015",EUSKALTEL - EUSKADI,EUSKALTEL - EUSKADI,EUSKALTEL-EUSKADI,EUSKALTEL - EUSKADI,CAJA RURAL - SEGUROS RGA,CAJA RURAL - SEGUROS RGA,CAJA RURAL-SEGUROS RGA,ORICA GreenEDGE,,,
Jose HERRADA,Jose,HERRADA,ESP,ESP0050,"Vuelta a España, 2019",,,,MOVISTAR TEAM,MOVISTAR TEAM,MOVISTAR TEAM,MOVISTAR TEAM,MOVISTAR TEAM,MOVISTAR TEAM,"COFIDIS, SOLUTIONS CREDITS","COFIDIS, SOLUTIONS CREDITS"
Ion IZAGUIRRE INSAUSTI,Ion,IZAGUIRRE INSAUSTI,ESP,ESP0051,"Tirreno-Adriatico, 2011",,,EUSKALTEL-EUSKADI,EUSKALTEL - EUSKADI,EUSKALTEL EUSKADI,MOVISTAR TEAM,MOVISTAR TEAM,MOVISTAR TEAM,BAHRAIN - MERIDA,BAHRAIN - MERIDA,ASTANA PRO TEAM
Fabio FELLINE,Fabio,FELLINE,ITA,ITA0099,"Il Lombardia, 2011",,FOOTON-SERVETTO,GEOX-TMC,ANDRONI GIOCATTOLI - VENEZUELA,ANDRONI GIOCATTOLI - VENEZUELA,TREK FACTORY RACING,TREK FACTORY RACING,TREK - SEGAFREDO,TREK - SEGAFREDO,TREK - SEGAFREDO,TREK - SEGAFREDO
Ivan SANTAROMITA,Ivan,SANTAROMITA,ITA,ITA0100,"Tirreno-Adriatico, 2018",LIQUIGAS,LIQUIGAS-DOIMO,BMC RACING TEAM,BMC RACING TEAM,BMC RACING TEAM,ORICA GreenEDGE,ORICA GreenEDGE,,NIPPO - VINI FANTINI,NIPPO - VINI FANTINI - EUROPA OVINI,NIPPO - VINI FANTINI - FAIZANE'
Grischa Jan NIERMANN,Grischa Jan,NIERMANN,GER,GER0020,"Tour de France, 2011",RABOBANK,RABOBANK,RABOBANK CYCLING TEAM,RABOBANK CYCLING TEAM,,,,,,,
Juan Manuel GARATE CEPA,Juan Manuel,GARATE CEPA,ESP,ESP0052,"Tour de France, 2011",RABOBANK,RABOBANK,RABOBANK CYCLING TEAM,RABOBANK CYCLING TEAM,BLANCO PRO CYCLING TEAM,,,,,,
Miguel Angel RUBIANO CHAVEZ,Miguel Angel,RUBIANO CHAVEZ,COL,COL0011,"Vuelta a España, 2015",,,,ANDRONI GIOCATTOLI - VENEZUELA,ANDRONI GIOCATTOLI - VENEZUELA,COLOMBIA,COLOMBIA,,,,
Nelson OLIVEIRA,Nelson,OLIVEIRA,POR,POR0004,"Vuelta a España, 2018",,,TEAM RADIOSHACK,RADIOSHACK-NISSAN,RADIOSHACK LEOPARD,LAMPRE-MERIDA,LAMPRE - MERIDA,MOVISTAR TEAM,MOVISTAR TEAM,MOVISTAR TEAM,MOVISTAR TEAM
Jan BÁRTA,Jan,BÁRTA,CZE,CZE0003,"Tour de Suisse, 2011",,,TEAM NETAPP,TEAM NETAPP,TEAM NETAPP - ENDURA,TEAM NETAPP - ENDURA,BORA-ARGON 18,BORA-ARGON 18,BORA - HANSGROHE,,
Adriano MALORI,Adriano,MALORI,ITA,ITA0101,"Tour de France, 2015",,LAMPRE-FARNESE VINI,LAMPRE - ISD,LAMPRE - ISD,LAMPRE-MERIDA,MOVISTAR TEAM,MOVISTAR TEAM,,,,
Ben HERMANS,Ben,HERMANS,BEL,BEL0022,"Liège-Bastogne-Liège, 2009",,TEAM RADIOSHACK,TEAM RADIOSHACK,RADIOSHACK-NISSAN,RADIOSHACK LEOPARD,BMC RACING TEAM,BMC RACING TEAM,BMC RACING TEAM,BMC RACING TEAM,ISRAEL CYCLING ACADEMY,ISRAEL CYCLING ACADEMY
Enrico BATTAGLIN,Enrico,BATTAGLIN,ITA,ITA0102,"Giro d'Italia, 2019",,,,COLNAGO - CSF INOX,BARDIANI VALVOLE - CSF INOX,BARDIANI CSF,BARDIANI CSF,TEAM LOTTO NL - JUMBO,TEAM LOTTO NL - JUMBO,TEAM LOTTO NL - JUMBO,TEAM KATUSHA ALPECIN
Stefan DENIFL,Stefan,DENIFL,AUT,AUT0004,"Tour de Suisse, 2018",,CERVELO TEST TEAM,LEOPARD TREK,VACANSOLEIL-DCM PRO CYCLING TEAM,IAM CYCLING,IAM CYCLING,IAM CYCLING,IAM CYCLING,AQUA BLUE SPORT,AQUA BLUE SPORT,
Geoffrey SOUPE,Geoffrey,SOUPE,FRA,FRA0038,"Paris-Roubaix, 2018",,,FDJ,FDJ-BIG MAT,FDJ.fr,FDJ.fr,"COFIDIS, SOLUTIONS CREDITS","COFIDIS, SOLUTIONS CREDITS","COFIDIS, SOLUTIONS CREDITS","COFIDIS, SOLUTIONS CREDITS","COFIDIS, SOLUTIONS CREDITS"
Francis MOUREY,Francis,MOUREY,FRA,FRA0039,"Paris-Roubaix, 2017",FRANÇAISE DES JEUX,FRANÇAISE DES JEUX,FDJ,FDJ-BIG MAT,FDJ,FDJ.fr,FDJ,FORTUNEO - VITAL CONCEPT,FORTUNEO - VITAL CONCEPT,,
Geraint THOMAS,Geraint,THOMAS,GBR,GBR0014,"Tirreno-Adriatico, 2017",BARLOWORLD,SKY PROFESSIONAL CYCLING TEAM,SKY PROCYCLING,SKY PROCYCLING,SKY PROCYCLING,TEAM SKY,TEAM SKY,TEAM SKY,TEAM SKY,TEAM SKY,TEAM INEOS
Gatis SMUKULIS,Gatis,SMUKULIS,LAT,LAT0001,"Paris-Roubaix, 2018",AG2R LA MONDIALE,AG2R LA MONDIALE,HTC-HIGHROAD,KATUSHA TEAM,KATUSHA,TEAM KATUSHA,TEAM KATUSHA,ASTANA PRO TEAM,DELKO MARSEILLE PROVENCE KTM,DELKO MARSEILLE PROVENCE KTM,
Simone PONZI,Simone,PONZI,ITA,ITA0103,"Il Lombardia, 2015",,LAMPRE-FARNESE VINI,LIQUIGAS-CANNONDALE,ASTANA PRO TEAM,ASTANA PRO TEAM,NERI SOTTOLI,SOUTHEAST,CCC SPRANDI POLKOWICE,CCC SPRANDI POLKOWICE,NIPPO - VINI FANTINI - EUROPA OVINI,
Julien VERMOTE,Julien,VERMOTE,BEL,BEL0023,"Paris-Nice, 2019",,,QUICKSTEP CYCLING TEAM,OMEGA PHARMA-QUICKSTEP,OMEGA PHARMA - QUICK-STEP CYCLING TEAM,OMEGA PHARMA - QUICK-STEP CYCLING TEAM,ETIXX - QUICK STEP,ETIXX - QUICK STEP,QUICK - STEP FLOORS,TEAM DIMENSION DATA,TEAM DIMENSION DATA
Angelo PAGANI,Angelo,PAGANI,ITA,ITA0104,"Il Lombardia, 2014",,,COLNAGO - CSF INOX,COLNAGO - CSF INOX,,BARDIANI CSF,,,,,
Sonny COLBRELLI,Sonny,COLBRELLI,ITA,ITA0105,"Tour de France, 2019",,,,COLNAGO - CSF INOX,BARDIANI VALVOLE - CSF INOX,BARDIANI CSF,BARDIANI CSF,BARDIANI CSF,BAHRAIN - MERIDA,BAHRAIN - MERIDA,BAHRAIN - MERIDA
Brian BULGAC,Brian,BULGAC,NED,NED0017,"Critérium du Dauphiné, 2015",,,,LOTTO BELISOL TEAM,LOTTO BELISOL,,TEAM LOTTO NL - JUMBO,,,,
Alessandro BALLAN,Alessandro,BALLAN,ITA,ITA0106,"Tirreno-Adriatico, 2011",LAMPRE - N.G.C,BMC RACING TEAM,BMC RACING TEAM,BMC RACING TEAM,,,,,,,
Nikolas MAES,Nikolas,MAES,BEL,BEL0024,"Ronde van Vlaanderen, 2009",,QUICK STEP,QUICKSTEP CYCLING TEAM,OMEGA PHARMA-QUICKSTEP,OMEGA PHARMA - QUICK-STEP CYCLING TEAM,OMEGA PHARMA - QUICK-STEP CYCLING TEAM,ETIXX - QUICK STEP,ETIXX - QUICK STEP,LOTTO SOUDAL,LOTTO SOUDAL,LOTTO SOUDAL
Cesare BENEDETTI,Cesare,BENEDETTI,ITA,ITA0107,"Il Lombardia, 2015",,,TEAM NETAPP,TEAM NETAPP,TEAM NETAPP - ENDURA,TEAM NETAPP - ENDURA,BORA-ARGON 18,BORA-ARGON 18,BORA - HANSGROHE,BORA - HANSGROHE,BORA - HANSGROHE
Andreas DIETZIKER,Andreas,DIETZIKER,SUI,SUI0015,"Tour de Suisse, 2011",VORARLBERG - CORRATEC,,TEAM NETAPP,TEAM NETAPP,,,,,,,
Jack BAUER,Jack,BAUER,NZL,NZL0003,"Critérium du Dauphiné, 2016",,,,GARMIN - BARRACUDA,GARMIN SHARP,GARMIN SHARP,TEAM CANNONDALE - GARMIN,CANNONDALE PRO CYCLING TEAM,QUICK - STEP FLOORS,MITCHELTON - SCOTT,MITCHELTON - SCOTT
Pier Paolo DE NEGRI,Pier Paolo,DE NEGRI,ITA,ITA0108,"Ronde van Vlaanderen, 2013",,ISD - NERI,,FARNESE VINI - SELLE ITALIA,VINI FANTINI - SELLE ITALIA,,NIPPO - VINI FANTINI,NIPPO - VINI FANTINI,NIPPO - VINI FANTINI,,
Daniel SCHORN,Daniel,SCHORN,AUT,AUT0005,"Tour de Suisse, 2011",,,TEAM NETAPP,TEAM NETAPP,TEAM NETAPP - ENDURA,TEAM NETAPP - ENDURA,,,,,
Sebastien ROSSELER,Sebastien,ROSSELER,BEL,BEL0025,"Tirreno-Adriatico, 2013",QUICK STEP,TEAM RADIOSHACK,TEAM RADIOSHACK,GARMIN - BARRACUDA,GARMIN SHARP,,,,,,
Martijn KEIZER,Martijn,KEIZER,NED,NED0018,"Vuelta a España, 2011",,,VACANSOLEIL-DCM PRO CYCLING TEAM,VACANSOLEIL-DCM PRO CYCLING TEAM,VACANSOLEIL-DCM PRO CYCLING TEAM,BELKIN-PRO CYCLING TEAM,TEAM LOTTO NL - JUMBO,TEAM LOTTO NL - JUMBO,TEAM LOTTO NL - JUMBO,,
Jens KEUKELEIRE,Jens,KEUKELEIRE,BEL,BEL0026,"Paris-Roubaix, 2010",,"COFIDIS, LE CREDIT EN LIGNE","COFIDIS, LE CREDIT EN LIGNE",ORICA GreenEDGE,ORICA GreenEDGE,ORICA GreenEDGE,ORICA GreenEDGE,ORICA-BIKEEXCHANGE,ORICA - SCOTT,LOTTO SOUDAL,LOTTO SOUDAL
Victor CABEDO,Victor,CABEDO,ESP,ESP0053,"Giro d'Italia, 2012",,,,EUSKALTEL - EUSKADI,,,,,,,
Giacomo NIZZOLO,Giacomo,NIZZOLO,ITA,ITA0109,"Paris-Roubaix, 2011",,,LEOPARD TREK,RADIOSHACK-NISSAN,RADIOSHACK LEOPARD,TREK FACTORY RACING,TREK FACTORY RACING,TREK - SEGAFREDO,TREK - SEGAFREDO,TREK - SEGAFREDO,TEAM DIMENSION DATA
Manuele BOARO,Manuele,BOARO,ITA,ITA0110,"Tour de Suisse, 2011",,,SAXO BANK SUNGARD,TEAM SAXO BANK,Team SAXO-TINKOFF,TINKOFF-SAXO,TINKOFF - SAXO,TINKOFF,BAHRAIN - MERIDA,BAHRAIN - MERIDA,ASTANA PRO TEAM
Dennis VANENDERT,Dennis,VANENDERT,BEL,BEL0027,"Tirreno-Adriatico, 2015",,,,LOTTO BELISOL TEAM,LOTTO BELISOL,LOTTO BELISOL,LOTTO SOUDAL,,,,
Gregor GAZVODA,Gregor,GAZVODA,SLO,SLO0007,"Giro d'Italia, 2012",,,,AG2R LA MONDIALE,,,,,,,
Christian MEIER,Christian,MEIER,CAN,CAN0004,"Critérium du Dauphiné, 2016",GARMIN - SLIPSTREAM,GARMIN - TRANSITIONS,,ORICA GreenEDGE,ORICA GreenEDGE,ORICA GreenEDGE,ORICA GreenEDGE,ORICA GreenEDGE,,,
Michal KWIATKOWSKI,Michal,KWIATKOWSKI,POL,POL0006,"Il Lombardia, 2011",,,TEAM RADIOSHACK,OMEGA PHARMA-QUICKSTEP,OMEGA PHARMA - QUICK-STEP CYCLING TEAM,OMEGA PHARMA - QUICK-STEP CYCLING TEAM,ETIXX - QUICK STEP,TEAM SKY,TEAM SKY,TEAM SKY,TEAM INEOS
Ramunas NAVARDAUSKAS,Ramunas,NAVARDAUSKAS,LTU,LTU0002,"Paris-Nice, 2019",,,TEAM GARMIN-CERVELO,GARMIN - BARRACUDA,GARMIN SHARP,GARMIN SHARP,TEAM CANNONDALE - GARMIN,CANNONDALE PRO CYCLING TEAM,BAHRAIN - MERIDA,BAHRAIN - MERIDA,DELKO MARSEILLE PROVENCE
Jesse SERGENT,Jesse,SERGENT,NZL,NZL0004,"Paris-Roubaix, 2011",,,TEAM RADIOSHACK,RADIOSHACK-NISSAN,RADIOSHACK LEOPARD,TREK FACTORY RACING,TREK FACTORY RACING,AG2R LA MONDIALE,,,
Marco BANDIERA,Marco,BANDIERA,ITA,ITA0111,"Tirreno-Adriatico, 2016",LAMPRE - N.G.C,TEAM KATUSHA,QUICKSTEP CYCLING TEAM,OMEGA PHARMA-QUICKSTEP,IAM CYCLING,ANDRONI GIOCATTOLI - VENEZUELA,ANDRONI GIOCATTOLI - SIDERMEC,ANDRONI GIOCATTOLI - SIDERMEC,,,
Jonas AAEN,Jonas,AAEN,DEN,DEN0009,"Milano-Sanremo, 2013",,TEAM SAXO BANK,SAXO BANK SUNGARD,TEAM SAXO BANK,Team SAXO-TINKOFF,,,,,,
Mickael DELAGE,Mickael,DELAGE,FRA,FRA0040,"Vuelta a España, 2019",SILENCE-LOTTO,OMEGA PHARMA-LOTTO,FDJ,FDJ-BIG MAT,FDJ,FDJ.fr,FDJ,FDJ,FDJ,GROUPAMA - FDJ,GROUPAMA - FDJ
Bernhard EISEL,Bernhard,EISEL,AUT,AUT0006,"Tirreno-Adriatico, 2018",TEAM COLUMBIA - HTC,TEAM HTC - COLUMBIA,HTC-HIGHROAD,SKY PROCYCLING,SKY PROCYCLING,TEAM SKY,TEAM SKY,TEAM DIMENSION DATA,TEAM DIMENSION DATA,TEAM DIMENSION DATA,TEAM DIMENSION DATA
Marco COLEDAN,Marco,COLEDAN,ITA,ITA0112,"Tirreno-Adriatico, 2017",,,,COLNAGO - CSF INOX,,BARDIANI CSF,TREK FACTORY RACING,TREK - SEGAFREDO,TREK - SEGAFREDO,WILIER TRIESTINA - SELLE ITALIA,
Andreas SCHILLINGER,Andreas,SCHILLINGER,GER,GER0021,"Paris-Roubaix, 2011",,,TEAM NETAPP,TEAM NETAPP,TEAM NETAPP - ENDURA,TEAM NETAPP - ENDURA,BORA-ARGON 18,BORA-ARGON 18,BORA - HANSGROHE,BORA - HANSGROHE,BORA - HANSGROHE
Taylor PHINNEY,Taylor,PHINNEY,USA,USA0021,"Tirreno-Adriatico, 2019",,,BMC RACING TEAM,BMC RACING TEAM,BMC RACING TEAM,BMC RACING TEAM,,BMC RACING TEAM,CANNONDALE DRAPAC PROFESSIONAL CYCLING TEAM,TEAM EF EDUCATION FIRST - DRAPAC P/B CANNONDALE,EF EDUCATION FIRST
Adrian SAEZ,Adrian,SAEZ,ESP,ESP0054,"Tour de Suisse, 2013",,,,EUSKALTEL - EUSKADI,EUSKALTEL EUSKADI,,,,,,
Thor HUSHOVD,Thor,HUSHOVD,NOR,NOR0005,"Critérium du Dauphiné, 2014",CERVELO TEST TEAM,CERVELO TEST TEAM,TEAM GARMIN-CERVELO,BMC RACING TEAM,BMC RACING TEAM,BMC RACING TEAM,,,,,
Stefano LOCATELLI,Stefano,LOCATELLI,ITA,ITA0113,"Il Lombardia, 2014",,,,COLNAGO - CSF INOX,BARDIANI VALVOLE - CSF INOX,BARDIANI CSF,,,,,
Ivan VELASCO MURILLO,Ivan,VELASCO MURILLO,ESP,ESP0055,"Tirreno-Adriatico, 2009",EUSKALTEL - EUSKADI,EUSKALTEL - EUSKADI,EUSKALTEL-EUSKADI,EUSKALTEL - EUSKADI,CAJA RURAL - SEGUROS RGA,,,,,,
Andrea GUARDINI,Andrea,GUARDINI,ITA,ITA0114,"Paris-Roubaix, 2013",,,,FARNESE VINI - SELLE ITALIA,ASTANA PRO TEAM,ASTANA PRO TEAM,ASTANA PRO TEAM,,UAE TEAM EMIRATES,BARDIANI CSF,
Alfredo BALLONI,Alfredo,BALLONI,ITA,ITA0115,"Tour de Suisse, 2011",,LAMPRE-FARNESE VINI,LAMPRE - ISD,FARNESE VINI - SELLE ITALIA,,,,,,,
Arnaud DEMARE,Arnaud,DEMARE,FRA,FRA0041,"Tirreno-Adriatico, 2013",,,,FDJ-BIG MAT,FDJ,FDJ.fr,FDJ,FDJ,FDJ,GROUPAMA - FDJ,GROUPAMA - FDJ
Dominique ROLLIN,Dominique,ROLLIN,CAN,CAN0005,"Milano-Sanremo, 2011",CERVELO TEST TEAM,CERVELO TEST TEAM,FDJ,FDJ-BIG MAT,FDJ,,"COFIDIS, SOLUTIONS CREDITS",,,,
Daryl IMPEY,Daryl,IMPEY,RSA,RSA0003,"Ronde van Vlaanderen, 2009",BARLOWORLD,TEAM RADIOSHACK,TEAM NETAPP,ORICA GreenEDGE,ORICA GreenEDGE,ORICA GreenEDGE,ORICA GreenEDGE,ORICA-BIKEEXCHANGE,ORICA - SCOTT,MITCHELTON - SCOTT,MITCHELTON - SCOTT
Tomas VAITKUS,Tomas,VAITKUS,LTU,LTU0003,"Critérium du Dauphiné, 2010",ASTANA,TEAM RADIOSHACK,PRO TEAM ASTANA,ORICA GreenEDGE,,,,,,,
Gaetan BILLE,Gaetan,BILLE,BEL,BEL0028,"Ronde van Vlaanderen, 2017",,,,LOTTO BELISOL TEAM,LOTTO BELISOL,,,WANTY - GROUPE GOBERT,VERANDA'S WILLEMS - CRELAN,,
Gianni MEERSMAN,Gianni,MEERSMAN,BEL,BEL0029,"Tirreno-Adriatico, 2009",FRANÇAISE DES JEUX,FDJ,FDJ,LOTTO BELISOL TEAM,OMEGA PHARMA - QUICK-STEP CYCLING TEAM,OMEGA PHARMA - QUICK-STEP CYCLING TEAM,ETIXX - QUICK STEP,ETIXX - QUICK STEP,,,
Martin VELITS,Martin,VELITS,SVK,SVK0001,"Critérium du Dauphiné, 2017",TEAM MILRAM,TEAM HTC - COLUMBIA,HTC-HIGHROAD,OMEGA PHARMA-QUICKSTEP,OMEGA PHARMA - QUICK-STEP CYCLING TEAM,OMEGA PHARMA - QUICK-STEP CYCLING TEAM,ETIXX - QUICK STEP,ETIXX - QUICK STEP,QUICK - STEP FLOORS,,
Theo BOS,Theo,BOS,NED,NED0019,"Paris-Roubaix, 2015",,CERVELO TEST TEAM,RABOBANK CYCLING TEAM,RABOBANK CYCLING TEAM,,,MTN - QHUBEKA,,,,
Thomas LEEZER,Thomas,LEEZER,NED,NED0020,"Tirreno-Adriatico, 2016",RABOBANK,RABOBANK,RABOBANK CYCLING TEAM,RABOBANK CYCLING TEAM,BELKIN-PRO CYCLING TEAM,BELKIN-PRO CYCLING TEAM,TEAM LOTTO NL - JUMBO,TEAM LOTTO NL - JUMBO,TEAM LOTTO NL - JUMBO,TEAM LOTTO NL - JUMBO,TEAM JUMBO - VISMA
Fränk SCHLECK,Fränk,SCHLECK,LUX,LUX0003,"Vuelta a España, 2015",TEAM SAXO BANK,TEAM SAXO BANK,LEOPARD TREK,RADIOSHACK-NISSAN,,TREK FACTORY RACING,TREK FACTORY RACING,TREK - SEGAFREDO,,,
Daniele BENNATI,Daniele,BENNATI,ITA,ITA0116,"Milano-Sanremo, 2019",LIQUIGAS,LIQUIGAS-DOIMO,LEOPARD TREK,RADIOSHACK-NISSAN,Team SAXO-TINKOFF,TINKOFF-SAXO,TINKOFF - SAXO,TINKOFF,MOVISTAR TEAM,MOVISTAR TEAM,MOVISTAR TEAM
Timon SEUBERT,Timon,SEUBERT,GER,GER0022,"Paris-Roubaix, 2011",,,TEAM NETAPP,TEAM NETAPP,,,,,,,
Reto HOLLENSTEIN,Reto,HOLLENSTEIN,SUI,SUI0016,"Tour de Suisse, 2013",VORARLBERG - CORRATEC,,,TEAM NETAPP,IAM CYCLING,IAM CYCLING,IAM CYCLING,IAM CYCLING,TEAM KATUSHA ALPECIN,TEAM KATUSHA ALPECIN,TEAM KATUSHA ALPECIN
Mads CHRISTENSEN,Mads,CHRISTENSEN,DEN,DEN0010,"Vuelta a España, 2011",,,SAXO BANK SUNGARD,TEAM SAXO BANK,Team SAXO-TINKOFF,,,,,,
Romain FEILLU,Romain,FEILLU,FRA,FRA0042,"Paris-Nice, 2013",AGRITUBEL,VACANSOLEIL PRO CYCLING TEAM,VACANSOLEIL-DCM PRO CYCLING TEAM,VACANSOLEIL-DCM PRO CYCLING TEAM,VACANSOLEIL-DCM PRO CYCLING TEAM,BRETAGNE - SECHE ENVIRONNEMENT,,,,,
Tomasz MARCZYNSKI,Tomasz,MARCZYNSKI,POL,POL0007,"Tour de Suisse, 2014",,,,VACANSOLEIL-DCM PRO CYCLING TEAM,VACANSOLEIL-DCM PRO CYCLING TEAM,CCC POLSAT POLKOWICE,,LOTTO SOUDAL,LOTTO SOUDAL,LOTTO SOUDAL,LOTTO SOUDAL
Rafal MAJKA,Rafal,MAJKA,POL,POL0008,"Vuelta a España, 2017",,,SAXO BANK SUNGARD,TEAM SAXO BANK-TINKOFF BANK,Team SAXO-TINKOFF,TINKOFF-SAXO,TINKOFF - SAXO,TINKOFF,BORA - HANSGROHE,BORA - HANSGROHE,BORA - HANSGROHE
Samuel SANCHEZ GONZALEZ,Samuel,SANCHEZ GONZALEZ,ESP,ESP0056,"Liège-Bastogne-Liège, 2017",EUSKALTEL - EUSKADI,EUSKALTEL - EUSKADI,EUSKALTEL-EUSKADI,EUSKALTEL - EUSKADI,EUSKALTEL EUSKADI,BMC RACING TEAM,BMC RACING TEAM,BMC RACING TEAM,BMC RACING TEAM,,
Wilco KELDERMAN,Wilco,KELDERMAN,NED,NED0021,"Critérium du Dauphiné, 2012",,,,RABOBANK CYCLING TEAM,BLANCO PRO CYCLING TEAM,BELKIN-PRO CYCLING TEAM,TEAM LOTTO NL - JUMBO,TEAM LOTTO NL - JUMBO,TEAM SUNWEB,TEAM SUNWEB,TEAM SUNWEB
Jhon Darwin ATAPUMA HURTADO,Jhon Darwin,ATAPUMA HURTADO,COL,COL0012,"Tirreno-Adriatico, 2012",,,,COLOMBIA - COLDEPORTES,COLOMBIA,BMC RACING TEAM,BMC RACING TEAM,BMC RACING TEAM,UAE TEAM EMIRATES,UAE TEAM EMIRATES,"COFIDIS, SOLUTIONS CREDITS"
Egoi MARTINEZ DE ESTEBAN,Egoi,MARTINEZ DE ESTEBAN,ESP,ESP0057,"Tour de France, 2012",EUSKALTEL - EUSKADI,EUSKALTEL - EUSKADI,EUSKALTEL-EUSKADI,EUSKALTEL - EUSKADI,EUSKALTEL EUSKADI,,,,,,
Diego ROSA,Diego,ROSA,ITA,ITA0117,"Il Lombardia, 2019",,,,,ANDRONI GIOCATTOLI - VENEZUELA,ANDRONI GIOCATTOLI - VENEZUELA,ASTANA PRO TEAM,ASTANA PRO TEAM,TEAM SKY,TEAM SKY,TEAM INEOS
Petr IGNATENKO,Petr,IGNATENKO,RUS,RUS0017,"Il Lombardia, 2011",,,KATUSHA TEAM,KATUSHA TEAM,KATUSHA,,,,,,
Fabio ARU,Fabio,ARU,ITA,ITA0118,"Il Lombardia, 2012",,,,ASTANA PRO TEAM,ASTANA PRO TEAM,ASTANA PRO TEAM,ASTANA PRO TEAM,ASTANA PRO TEAM,ASTANA PRO TEAM,UAE TEAM EMIRATES,UAE TEAM EMIRATES
Jarlinson PANTANO GOMEZ,Jarlinson,PANTANO GOMEZ,COL,COL0013,"Tirreno-Adriatico, 2012",,,,COLOMBIA - COLDEPORTES,COLOMBIA,COLOMBIA,IAM CYCLING,IAM CYCLING,TREK - SEGAFREDO,TREK - SEGAFREDO,TREK - SEGAFREDO
Thomas DAMUSEAU,Thomas,DAMUSEAU,FRA,FRA0043,"Liège-Bastogne-Liège, 2011",,,SKIL - SHIMANO,TEAM ARGOS - SHIMANO,TEAM ARGOS-SHIMANO,TEAM GIANT-SHIMANO,,,,,
Rob RUIJGH,Rob,RUIJGH,NED,NED0022,"Tour de France, 2012",,,VACANSOLEIL-DCM PRO CYCLING TEAM,VACANSOLEIL-DCM PRO CYCLING TEAM,VACANSOLEIL-DCM PRO CYCLING TEAM,,,,,,
Luca PAOLINI,Luca,PAOLINI,ITA,ITA0119,"Tirreno-Adriatico, 2010",ACQUA & SAPONE - CAFFE MOKAMBO,ACQUA & SAPONE,KATUSHA TEAM,KATUSHA TEAM,KATUSHA,TEAM KATUSHA,TEAM KATUSHA,,,,
Christian KNEES,Christian,KNEES,GER,GER0023,"Vuelta a España, 2015",TEAM MILRAM,TEAM MILRAM,SKY PROCYCLING,SKY PROCYCLING,SKY PROCYCLING,TEAM SKY,TEAM SKY,TEAM SKY,TEAM SKY,TEAM SKY,TEAM INEOS
Paul MARTENS,Paul,MARTENS,GER,GER0024,"Critérium du Dauphiné, 2012",RABOBANK,RABOBANK,RABOBANK CYCLING TEAM,RABOBANK CYCLING TEAM,BLANCO PRO CYCLING TEAM,BELKIN-PRO CYCLING TEAM,TEAM LOTTO NL - JUMBO,TEAM LOTTO NL - JUMBO,TEAM LOTTO NL - JUMBO,TEAM LOTTO NL - JUMBO,TEAM JUMBO - VISMA
Gorka VERDUGO MARCOTEGUI,Gorka,VERDUGO MARCOTEGUI,ESP,ESP0058,"Tour de France, 2012",EUSKALTEL - EUSKADI,EUSKALTEL - EUSKADI,EUSKALTEL-EUSKADI,EUSKALTEL - EUSKADI,EUSKALTEL EUSKADI,,,,,,
Vladimir GUSEV,Vladimir,GUSEV,RUS,RUS0018,"Vuelta a España, 2010",,TEAM KATUSHA,KATUSHA TEAM,KATUSHA TEAM,KATUSHA,TEAM KATUSHA,,,,,
Kristijan ĐURASEK,Kristijan,ĐURASEK,CRO,CRO0003,"Tour de France, 2018",,,,,LAMPRE-MERIDA,LAMPRE-MERIDA,LAMPRE - MERIDA,LAMPRE - MERIDA,UAE TEAM EMIRATES,UAE TEAM EMIRATES,
Francesco Manuel BONGIORNO,Francesco Manuel,BONGIORNO,ITA,ITA0120,"Il Lombardia, 2019",,,,,BARDIANI VALVOLE - CSF INOX,BARDIANI CSF,BARDIANI CSF,BARDIANI CSF,,,NERI SOTTOLI SELLE ITALIA KTM
Salvatore PUCCIO,Salvatore,PUCCIO,ITA,ITA0121,"Tour de Suisse, 2012",,,,SKY PROCYCLING,SKY PROCYCLING,TEAM SKY,TEAM SKY,TEAM SKY,TEAM SKY,TEAM SKY,TEAM INEOS
Marco MARCATO,Marco,MARCATO,ITA,ITA0122,"Paris-Roubaix, 2016",VACANSOLEIL PRO CYCLING TEAM,VACANSOLEIL PRO CYCLING TEAM,VACANSOLEIL-DCM PRO CYCLING TEAM,VACANSOLEIL-DCM PRO CYCLING TEAM,VACANSOLEIL-DCM PRO CYCLING TEAM,CANNONDALE,WANTY - GROUPE GOBERT,WANTY - GROUPE GOBERT,UAE TEAM EMIRATES,UAE TEAM EMIRATES,UAE TEAM EMIRATES
Koen DE KORT,Koen,DE KORT,NED,NED0023,"Paris-Nice, 2010",SKIL-SHIMANO,SKIL - SHIMANO,SKIL - SHIMANO,TEAM ARGOS - SHIMANO,TEAM ARGOS-SHIMANO,TEAM GIANT-SHIMANO,TEAM GIANT - ALPECIN,TEAM GIANT - ALPECIN,TREK - SEGAFREDO,TREK - SEGAFREDO,TREK - SEGAFREDO
Alessandro PRONI,Alessandro,PRONI,ITA,ITA0123,"Il Lombardia, 2012",ISD - NERI,ACQUA & SAPONE - D'ANGELO & ANTENUCCI,ACQUA & SAPONE,FARNESE VINI - SELLE ITALIA,VINI FANTINI - SELLE ITALIA,,,,,,
Robert VRECER,Robert,VRECER,SLO,SLO0008,"Giro d'Italia, 2013",,,,,EUSKALTEL EUSKADI,,,,,,
Robinson Eduardo CHALAPUD GOMEZ,Robinson Eduardo,CHALAPUD GOMEZ,COL,COL0014,"Tirreno-Adriatico, 2012",,,,COLOMBIA - COLDEPORTES,COLOMBIA,COLOMBIA,,,,,
Rory SUTHERLAND,Rory,SUTHERLAND,AUS,AUS0021,"Critérium du Dauphiné, 2019",,,,,Team SAXO-TINKOFF,TINKOFF-SAXO,MOVISTAR TEAM,MOVISTAR TEAM,MOVISTAR TEAM,UAE TEAM EMIRATES,UAE TEAM EMIRATES
Dirk BELLEMAKERS,Dirk,BELLEMAKERS,NED,NED0024,"Liège-Bastogne-Liège, 2012",LANDBOUWKREDIET - COLNAGO,LANDBOUWKREDIET,LANDBOUWKREDIET,LANDBOUWKREDIET - EUPHONY,LOTTO BELISOL,,,,,,
Tobias LUDVIGSSON,Tobias,LUDVIGSSON,SWE,SWE0005,"Il Lombardia, 2012",,,,TEAM ARGOS - SHIMANO,TEAM ARGOS-SHIMANO,TEAM GIANT-SHIMANO,TEAM GIANT - ALPECIN,TEAM GIANT - ALPECIN,FDJ,GROUPAMA - FDJ,GROUPAMA - FDJ
Johan LE BON,Johan,LE BON,FRA,FRA0044,"Paris-Roubaix, 2012",,,BRETAGNE - SCHULLER,BRETAGNE - SCHULLER,FDJ,FDJ.fr,FDJ,FDJ,FDJ,VITAL CONCEPT CYCLING CLUB,
Juan Jose COBO ACEBO,Juan Jose,COBO ACEBO,ESP,ESP0059,"Critérium du Dauphiné, 2010",FUJI-SERVETTO,CAISSE D'EPARGNE,GEOX-TMC,MOVISTAR TEAM,MOVISTAR TEAM,,,,,,
Frederik WILLEMS,Frederik,WILLEMS,BEL,BEL0030,"Critérium du Dauphiné, 2014",LIQUIGAS,LIQUIGAS-DOIMO,OMEGA PHARMA-LOTTO,LOTTO BELISOL TEAM,LOTTO BELISOL,LOTTO BELISOL,,,,,
Matteo TRENTIN,Matteo,TRENTIN,ITA,ITA0124,"Il Lombardia, 2011",,,QUICKSTEP CYCLING TEAM,OMEGA PHARMA-QUICKSTEP,OMEGA PHARMA - QUICK-STEP CYCLING TEAM,OMEGA PHARMA - QUICK-STEP CYCLING TEAM,ETIXX - QUICK STEP,ETIXX - QUICK STEP,QUICK - STEP FLOORS,MITCHELTON - SCOTT,MITCHELTON - SCOTT
Elia VIVIANI,Elia,VIVIANI,ITA,ITA0125,"Ronde van Vlaanderen, 2011",,,LIQUIGAS-CANNONDALE,LIQUIGAS-CANNONDALE,CANNONDALE PRO CYCLING,CANNONDALE,TEAM SKY,TEAM SKY,TEAM SKY,QUICK - STEP FLOORS,DECEUNINCK  -  QUICK - STEP
George BENNETT,George,BENNETT,NZL,NZL0005,"Il Lombardia, 2012",,,,RADIOSHACK-NISSAN,RADIOSHACK LEOPARD,CANNONDALE,TEAM LOTTO NL - JUMBO,TEAM LOTTO NL - JUMBO,TEAM LOTTO NL - JUMBO,TEAM LOTTO NL - JUMBO,TEAM JUMBO - VISMA
Luka MEZGEC,Luka,MEZGEC,SLO,SLO0009,"Critérium du Dauphiné, 2019",,,,,TEAM ARGOS-SHIMANO,TEAM GIANT-SHIMANO,TEAM GIANT - ALPECIN,ORICA GreenEDGE,ORICA - SCOTT,MITCHELTON - SCOTT,MITCHELTON - SCOTT
Albert TIMMER,Albert,TIMMER,NED,NED0025,"Paris-Nice, 2010",SKIL-SHIMANO,SKIL - SHIMANO,SKIL - SHIMANO,TEAM ARGOS - SHIMANO,TEAM ARGOS-SHIMANO,TEAM GIANT-SHIMANO,TEAM GIANT - ALPECIN,TEAM GIANT - ALPECIN,TEAM SUNWEB,,
Thomas DEKKER,Thomas,DEKKER,NED,NED0026,"Tirreno-Adriatico, 2009",SILENCE-LOTTO,,,GARMIN - SHARP,GARMIN SHARP,GARMIN SHARP,,,,,
Nicola BOEM,Nicola,BOEM,ITA,ITA0126,"Giro d'Italia, 2017",,,,,BARDIANI VALVOLE - CSF INOX,BARDIANI CSF,BARDIANI CSF,BARDIANI CSF,BARDIANI CSF,,
Edoardo ZARDINI,Edoardo,ZARDINI,ITA,ITA0127,"Il Lombardia, 2017",,,,,BARDIANI VALVOLE - CSF INOX,BARDIANI CSF,BARDIANI CSF,BARDIANI CSF,BARDIANI CSF,WILIER TRIESTINA - SELLE ITALIA,NERI SOTTOLI SELLE ITALIA KTM
Marco CANOLA,Marco,CANOLA,ITA,ITA0128,"Milano-Sanremo, 2012",,,,COLNAGO - CSF INOX,BARDIANI VALVOLE - CSF INOX,BARDIANI CSF,UNITEDHEALTHCARE PROFESSIONAL CYCLING TEAM,,NIPPO - VINI FANTINI,NIPPO - VINI FANTINI - EUROPA OVINI,NIPPO - VINI FANTINI - FAIZANE'
Daniel OSS,Daniel,OSS,ITA,ITA0129,"Tour de Suisse, 2009",LIQUIGAS,LIQUIGAS-DOIMO,LIQUIGAS-CANNONDALE,LIQUIGAS-CANNONDALE,BMC RACING TEAM,BMC RACING TEAM,BMC RACING TEAM,BMC RACING TEAM,BMC RACING TEAM,BORA - HANSGROHE,BORA - HANSGROHE
Luke DURBRIDGE,Luke,DURBRIDGE,AUS,AUS0022,"Tirreno-Adriatico, 2017",,,,ORICA GreenEDGE,ORICA GreenEDGE,ORICA GreenEDGE,ORICA GreenEDGE,ORICA-BIKEEXCHANGE,ORICA - SCOTT,MITCHELTON - SCOTT,MITCHELTON - SCOTT
Ricardo MESTRE,Ricardo,MESTRE,POR,POR0005,"Giro d'Italia, 2013",,,,,EUSKALTEL EUSKADI,,,,,,
Dmitriy GRUZDEV,Dmitriy,GRUZDEV,KAZ,KAZ0007,"Milano-Sanremo, 2012",,,,ASTANA PRO TEAM,ASTANA PRO TEAM,ASTANA PRO TEAM,ASTANA PRO TEAM,ASTANA PRO TEAM,ASTANA PRO TEAM,ASTANA PRO TEAM,ASTANA PRO TEAM
Alex DOWSETT,Alex,DOWSETT,GBR,GBR0015,"Tirreno-Adriatico, 2017",,,,,MOVISTAR TEAM,MOVISTAR TEAM,MOVISTAR TEAM,MOVISTAR TEAM,MOVISTAR TEAM,TEAM KATUSHA ALPECIN,TEAM KATUSHA ALPECIN
Ioannis TAMOURIDIS,Ioannis,TAMOURIDIS,GRE,GRE0001,"Giro d'Italia, 2013",,,,,EUSKALTEL EUSKADI,,,,,,
Maurits LAMMERTINK,Maurits,LAMMERTINK,NED,NED0027,"Liège-Bastogne-Liège, 2015",,,,,VACANSOLEIL-DCM PRO CYCLING TEAM,,ROOMPOT ORANJE PELOTON,ROOMPOT - ORANJE PELOTON,TEAM KATUSHA ALPECIN,TEAM KATUSHA ALPECIN,
Kenny DEHAES,Kenny,DEHAES,BEL,BEL0031,"Paris-Roubaix, 2018",TEAM KATUSHA,,OMEGA PHARMA-LOTTO,LOTTO BELISOL TEAM,LOTTO BELISOL,LOTTO BELISOL,LOTTO SOUDAL,WANTY - GROUPE GOBERT,,WB AQUA PROTECT VERANCLASSIC,
Bert DE BACKER,Bert,DE BACKER,BEL,BEL0032,"Paris-Roubaix, 2019",SKIL-SHIMANO,,SKIL - SHIMANO,TEAM ARGOS - SHIMANO,TEAM ARGOS-SHIMANO,TEAM GIANT-SHIMANO,TEAM GIANT - ALPECIN,TEAM GIANT - ALPECIN,TEAM SUNWEB,VITAL CONCEPT CYCLING CLUB,VITAL CONCEPT - B&B HOTELS
Willem WAUTERS,Willem,WAUTERS,BEL,BEL0033,"Giro d'Italia, 2013",,,,,VACANSOLEIL-DCM PRO CYCLING TEAM,,,,,,
Iljo KEISSE,Iljo,KEISSE,BEL,BEL0034,"Paris-Roubaix, 2012",,,,OMEGA PHARMA-QUICKSTEP,OMEGA PHARMA - QUICK-STEP CYCLING TEAM,OMEGA PHARMA - QUICK-STEP CYCLING TEAM,ETIXX - QUICK STEP,ETIXX - QUICK STEP,QUICK - STEP FLOORS,QUICK - STEP FLOORS,DECEUNINCK  -  QUICK - STEP
Jens MOURIS,Jens,MOURIS,NED,NED0028,"Tirreno-Adriatico, 2015",VACANSOLEIL PRO CYCLING TEAM,VACANSOLEIL PRO CYCLING TEAM,VACANSOLEIL-DCM PRO CYCLING TEAM,GREENEDGE CYCLING TEAM,ORICA GreenEDGE,ORICA GreenEDGE,ORICA GreenEDGE,,,,
Pim LIGTHART,Pim,LIGTHART,NED,NED0029,"Ronde van Vlaanderen, 2018",,,VACANSOLEIL-DCM PRO CYCLING TEAM,VACANSOLEIL-DCM PRO CYCLING TEAM,VACANSOLEIL-DCM PRO CYCLING TEAM,LOTTO BELISOL,LOTTO SOUDAL,LOTTO SOUDAL,ROOMPOT - NEDERLANDSE LOTERIJ,ROOMPOT - NEDERLANDSE LOTERIJ,TOTAL DIRECT ENERGIE
Wilson Alexander MARENTES TORRES,Wilson Alexander,MARENTES TORRES,COL,COL0015,"Tirreno-Adriatico, 2012",,,,COLOMBIA - COLDEPORTES,COLOMBIA,,,,,,
Laurent PICHON,Laurent,PICHON,FRA,FRA0045,"Paris-Roubaix, 2012",,,,BRETAGNE - SCHULLER,FDJ,FDJ.fr,FDJ,FDJ,FORTUNEO - OSCARO,TEAM FORTUNEO - SAMSIC,TEAM ARKEA - SAMSIC
Edwin Alcibiades AVILA VANEGAS,Edwin Alcibiades,AVILA VANEGAS,COL,COL0016,"Il Lombardia, 2019",,,,,COLOMBIA,COLOMBIA,COLOMBIA,,,,ISRAEL CYCLING ACADEMY
Rafael ANDRIATO,Rafael,ANDRIATO,BRA,BRA0002,"Ronde van Vlaanderen, 2017",,,,,VINI FANTINI - SELLE ITALIA,NERI SOTTOLI,,WILIER TRIESTINA - SOUTHEAST,WILIER TRIESTINA - SELLE ITALIA,,
Matti BRESCHEL,Matti,BRESCHEL,DEN,DEN0011,"Paris-Nice, 2017",TEAM SAXO BANK,TEAM SAXO BANK,RABOBANK CYCLING TEAM,RABOBANK CYCLING TEAM,Team SAXO-TINKOFF,TINKOFF-SAXO,TINKOFF - SAXO,CANNONDALE-DRAPAC PRO CYCLING TEAM,ASTANA PRO TEAM,TEAM EF EDUCATION FIRST - DRAPAC P/B CANNONDALE,EF EDUCATION FIRST
Anthony ROUX,Anthony,ROUX,FRA,FRA0046,"Vuelta a España, 2017",FRANÇAISE DES JEUX,FDJ,FDJ,FDJ-BIG MAT,FDJ,FDJ.fr,FDJ,FDJ,FDJ,GROUPAMA - FDJ,GROUPAMA - FDJ
Gert STEEGMANS,Gert,STEEGMANS,BEL,BEL0035,"Paris-Nice, 2015",TEAM KATUSHA,TEAM RADIOSHACK,QUICKSTEP CYCLING TEAM,OMEGA PHARMA-QUICKSTEP,OMEGA PHARMA - QUICK-STEP CYCLING TEAM,OMEGA PHARMA - QUICK-STEP CYCLING TEAM,TREK FACTORY RACING,,,,
Karsten KROON,Karsten,KROON,NED,NED0030,"Paris-Nice, 2014",TEAM SAXO BANK,BMC RACING TEAM,BMC RACING TEAM,TEAM SAXO BANK-TINKOFF BANK,Team SAXO-TINKOFF,TINKOFF-SAXO,,,,,
Sylvain GEORGES,Sylvain,GEORGES,FRA,FRA0047,"Critérium du Dauphiné, 2012",,,,AG2R LA MONDIALE,AG2R LA MONDIALE,,,,,,
Nathan HAAS,Nathan,HAAS,AUS,AUS0023,"Il Lombardia, 2012",,,,GARMIN - SHARP,GARMIN SHARP,GARMIN SHARP,TEAM CANNONDALE - GARMIN,TEAM DIMENSION DATA,TEAM DIMENSION DATA,TEAM KATUSHA ALPECIN,TEAM KATUSHA ALPECIN
Robert GESINK,Robert,GESINK,NED,NED0031,"Tirreno-Adriatico, 2017",RABOBANK,RABOBANK,RABOBANK CYCLING TEAM,RABOBANK CYCLING TEAM,BLANCO PRO CYCLING TEAM,BELKIN-PRO CYCLING TEAM,TEAM LOTTO NL - JUMBO,TEAM LOTTO NL - JUMBO,TEAM LOTTO NL - JUMBO,TEAM LOTTO NL - JUMBO,TEAM JUMBO - VISMA
Cheng JI,Cheng,JI,CHN,CHN0001,"Liège-Bastogne-Liège, 2011",,,SKIL - SHIMANO,TEAM ARGOS - SHIMANO,TEAM ARGOS-SHIMANO,TEAM GIANT-SHIMANO,TEAM GIANT - ALPECIN,TEAM GIANT - ALPECIN,,,
Hayden ROULSTON,Hayden,ROULSTON,NZL,NZL0006,"Tirreno-Adriatico, 2015",CERVELO TEST TEAM,TEAM HTC - COLUMBIA,HTC-HIGHROAD,RADIOSHACK-NISSAN,RADIOSHACK LEOPARD,TREK FACTORY RACING,TREK FACTORY RACING,,,,
Leigh HOWARD,Leigh,HOWARD,AUS,AUS0024,"Ronde van Vlaanderen, 2015",,,HTC-HIGHROAD,ORICA GreenEDGE,ORICA GreenEDGE,ORICA GreenEDGE,ORICA GreenEDGE,IAM CYCLING,,,
Tomas Aurelio GIL MARTINEZ,Tomas Aurelio,GIL MARTINEZ,VEN,VEN0004,"Giro d'Italia, 2013",,,,,ANDRONI GIOCATTOLI - VENEZUELA,,,,,,
Carlos Julian QUINTERO NOREÑA,Carlos Julian,QUINTERO NOREÑA,COL,COL0017,"Milano-Sanremo, 2012",,,,COLOMBIA - COLDEPORTES,COLOMBIA,COLOMBIA,COLOMBIA,,,,
Mattia GAVAZZI,Mattia,GAVAZZI,ITA,ITA0130,"Tirreno-Adriatico, 2010",SERRAMENTI PVC DIQUIGIOVANNI-ANDRONI GIOCATTOLI,COLNAGO - CSF INOX,,,ANDRONI GIOCATTOLI - VENEZUELA,,,,,,
Maarten WYNANTS,Maarten,WYNANTS,BEL,BEL0036,"Critérium du Dauphiné, 2019",QUICK STEP,QUICK STEP,RABOBANK CYCLING TEAM,RABOBANK CYCLING TEAM,BLANCO PRO CYCLING TEAM,BELKIN-PRO CYCLING TEAM,TEAM LOTTO NL - JUMBO,TEAM LOTTO NL - JUMBO,TEAM LOTTO NL - JUMBO,TEAM LOTTO NL - JUMBO,TEAM JUMBO - VISMA
Pablo URTASUN PEREZ,Pablo,URTASUN PEREZ,ESP,ESP0060,"Tirreno-Adriatico, 2009",EUSKALTEL - EUSKADI,EUSKALTEL - EUSKADI,EUSKALTEL-EUSKADI,EUSKALTEL - EUSKADI,EUSKALTEL EUSKADI,,,,,,
Mattia CATTANEO,Mattia,CATTANEO,ITA,ITA0131,"Tirreno-Adriatico, 2017",,,,,LAMPRE-MERIDA,LAMPRE-MERIDA,LAMPRE - MERIDA,LAMPRE - MERIDA,ANDRONI GIOCATTOLI,ANDRONI GIOCATTOLI - SIDERMEC,ANDRONI GIOCATTOLI - SIDERMEC
Grega BOLE,Grega,BOLE,SLO,SLO0010,"Tour de France, 2017",,LAMPRE-FARNESE VINI,LAMPRE - ISD,LAMPRE - ISD,VACANSOLEIL-DCM PRO CYCLING TEAM,,CCC SPRANDI POLKOWICE,NIPPO - VINI FANTINI,BAHRAIN - MERIDA,,BAHRAIN - MERIDA
John DEGENKOLB,John,DEGENKOLB,GER,GER0025,"Vuelta a España, 2019",,,HTC-HIGHROAD,TEAM ARGOS - SHIMANO,TEAM ARGOS-SHIMANO,TEAM GIANT-SHIMANO,TEAM GIANT - ALPECIN,TEAM GIANT - ALPECIN,TREK - SEGAFREDO,TREK - SEGAFREDO,TREK - SEGAFREDO
Nacer BOUHANNI,Nacer,BOUHANNI,FRA,FRA0048,"Paris-Nice, 2018",,,,FDJ-BIG MAT,FDJ,FDJ.fr,"COFIDIS, SOLUTIONS CREDITS","COFIDIS, SOLUTIONS CREDITS","COFIDIS, SOLUTIONS CREDITS","COFIDIS, SOLUTIONS CREDITS","COFIDIS, SOLUTIONS CREDITS"
Dalivier OSPINA,Dalivier,OSPINA,COL,COL0018,"Il Lombardia, 2012",,,,COLOMBIA - COLDEPORTES,COLOMBIA,,,,,,
Nairo QUINTANA,Nairo,QUINTANA,COL,COL0019,"Vuelta a España, 2012",,,,MOVISTAR TEAM,MOVISTAR TEAM,MOVISTAR TEAM,MOVISTAR TEAM,MOVISTAR TEAM,MOVISTAR TEAM,MOVISTAR TEAM,MOVISTAR TEAM
Pierre ROLLAND,Pierre,ROLLAND,FRA,FRA0049,"Critérium du Dauphiné, 2019",BBOX BOUYGUES TELECOM,BBOX BOUYGUES TELECOM,TEAM EUROPCAR,TEAM EUROPCAR,TEAM EUROPCAR,TEAM EUROPCAR,TEAM EUROPCAR,CANNONDALE-DRAPAC PRO CYCLING TEAM,CANNONDALE DRAPAC PROFESSIONAL CYCLING TEAM,TEAM EF EDUCATION FIRST - DRAPAC P/B CANNONDALE,VITAL CONCEPT - B&B HOTELS
Alexis VUILLERMOZ,Alexis,VUILLERMOZ,FRA,FRA0050,"Paris-Nice, 2018",,,,,SOJASUN,AG2R LA MONDIALE,AG2R LA MONDIALE,AG2R LA MONDIALE,AG2R LA MONDIALE,AG2R LA MONDIALE,AG2R LA MONDIALE
Alexandre GENIEZ,Alexandre,GENIEZ,FRA,FRA0051,"Critérium du Dauphiné, 2019",,SKIL - SHIMANO,SKIL - SHIMANO,TEAM ARGOS - SHIMANO,FDJ.fr,FDJ.fr,FDJ,FDJ,AG2R LA MONDIALE,AG2R LA MONDIALE,AG2R LA MONDIALE
Maxime MONFORT,Maxime,MONFORT,BEL,BEL0037,"Vuelta a España, 2018",TEAM COLUMBIA - HTC,TEAM HTC - COLUMBIA,LEOPARD TREK,RADIOSHACK-NISSAN,RADIOSHACK LEOPARD,LOTTO BELISOL,LOTTO SOUDAL,LOTTO SOUDAL,LOTTO SOUDAL,LOTTO SOUDAL,LOTTO SOUDAL
André CARDOSO,André,CARDOSO,POR,POR0006,"Critérium du Dauphiné, 2017",,,,CAJA RURAL,CAJA RURAL - SEGUROS RGA,GARMIN SHARP,TEAM CANNONDALE - GARMIN,CANNONDALE PRO CYCLING TEAM,TREK - SEGAFREDO,,
Wouter POELS,Wouter,POELS,NED,NED0032,"Il Lombardia, 2009",VACANSOLEIL PRO CYCLING TEAM,VACANSOLEIL PRO CYCLING TEAM,VACANSOLEIL-DCM PRO CYCLING TEAM,VACANSOLEIL-DCM PRO CYCLING TEAM,VACANSOLEIL-DCM PRO CYCLING TEAM,OMEGA PHARMA - QUICK-STEP CYCLING TEAM,TEAM SKY,TEAM SKY,TEAM SKY,TEAM SKY,TEAM INEOS
Sebastian HENAO GOMEZ,Sebastian,HENAO GOMEZ,COL,COL0020,"Tour de Suisse, 2018",,,,,,TEAM SKY,TEAM SKY,TEAM SKY,TEAM SKY,TEAM SKY,TEAM INEOS
Georg PREIDLER,Georg,PREIDLER,AUT,AUT0007,"Tour de Suisse, 2012",,,,TEAM TYPE 1 - SANOFI,TEAM ARGOS-SHIMANO,TEAM GIANT-SHIMANO,TEAM GIANT - ALPECIN,TEAM GIANT - ALPECIN,TEAM SUNWEB,GROUPAMA - FDJ,
Nicolas ROCHE,Nicolas,ROCHE,IRL,IRL0003,"Vuelta a España, 2018",AG2R LA MONDIALE,AG2R LA MONDIALE,AG2R LA MONDIALE,AG2R LA MONDIALE,Team SAXO-TINKOFF,TINKOFF-SAXO,TEAM SKY,TEAM SKY,BMC RACING TEAM,BMC RACING TEAM,TEAM SUNWEB
Mikel LANDA MEANA,Mikel,LANDA MEANA,ESP,ESP0061,"Critérium du Dauphiné, 2011",,,EUSKALTEL-EUSKADI,EUSKALTEL - EUSKADI,EUSKALTEL EUSKADI,ASTANA PRO TEAM,ASTANA PRO TEAM,TEAM SKY,TEAM SKY,MOVISTAR TEAM,MOVISTAR TEAM
Marc GOOS,Marc,GOOS,NED,NED0033,"Critérium du Dauphiné, 2013",,,,,BLANCO PRO CYCLING TEAM,BELKIN-PRO CYCLING TEAM,,,,,
Maxime BOUET,Maxime,BOUET,FRA,FRA0052,"Vuelta a España, 2016",AGRITUBEL,AG2R LA MONDIALE,AG2R LA MONDIALE,AG2R LA MONDIALE,AG2R LA MONDIALE,AG2R LA MONDIALE,ETIXX - QUICK STEP,ETIXX - QUICK STEP,FORTUNEO - OSCARO,TEAM FORTUNEO - SAMSIC,TEAM ARKEA - SAMSIC
Riccardo ZOIDL,Riccardo,ZOIDL,AUT,AUT0008,"Critérium du Dauphiné, 2019",,,,,,TREK FACTORY RACING,TREK FACTORY RACING,TREK - SEGAFREDO,,,CCC TEAM
Jan POLANC,Jan,POLANC,SLO,SLO0011,"Tour de France, 2016",,,,,,LAMPRE-MERIDA,LAMPRE - MERIDA,LAMPRE - MERIDA,UAE TEAM EMIRATES,UAE TEAM EMIRATES,UAE TEAM EMIRATES
Sander ARMEE,Sander,ARMEE,BEL,BEL0038,"Liège-Bastogne-Liège, 2013",,,,,,LOTTO BELISOL,LOTTO SOUDAL,LOTTO SOUDAL,LOTTO SOUDAL,LOTTO SOUDAL,LOTTO SOUDAL
Pawel POLJANSKI,Pawel,POLJANSKI,POL,POL0009,"Vuelta a España, 2015",,,,,,TINKOFF-SAXO,TINKOFF - SAXO,TINKOFF,BORA - HANSGROHE,BORA - HANSGROHE,BORA - HANSGROHE
Romain SICARD,Romain,SICARD,FRA,FRA0053,"Paris-Nice, 2011",,EUSKALTEL - EUSKADI,EUSKALTEL-EUSKADI,EUSKALTEL - EUSKADI,EUSKALTEL EUSKADI,TEAM EUROPCAR,TEAM EUROPCAR,DIRECT ENERGIE,DIRECT ENERGIE,DIRECT ENERGIE,TOTAL DIRECT ENERGIE
Tim WELLENS,Tim,WELLENS,BEL,BEL0039,"Il Lombardia, 2012",,,,LOTTO BELISOL TEAM,LOTTO BELISOL,LOTTO BELISOL,LOTTO SOUDAL,LOTTO SOUDAL,LOTTO SOUDAL,LOTTO SOUDAL,LOTTO SOUDAL
Jonathan CASTROVIEJO NICOLAS,Jonathan,CASTROVIEJO NICOLAS,ESP,ESP0062,"Tour de Suisse, 2010",,EUSKALTEL - EUSKADI,EUSKALTEL-EUSKADI,MOVISTAR TEAM,MOVISTAR TEAM,MOVISTAR TEAM,MOVISTAR TEAM,MOVISTAR TEAM,MOVISTAR TEAM,TEAM SKY,TEAM INEOS
Axel DOMONT,Axel,DOMONT,FRA,FRA0054,"Il Lombardia, 2019",,,,,,AG2R LA MONDIALE,AG2R LA MONDIALE,AG2R LA MONDIALE,AG2R LA MONDIALE,AG2R LA MONDIALE,AG2R LA MONDIALE
Julian David ARREDONDO MORENO,Julian David,ARREDONDO MORENO,COL,COL0021,"Tirreno-Adriatico, 2017",,,,,,TREK FACTORY RACING,TREK FACTORY RACING,,NIPPO - VINI FANTINI,,
Winner Andrew ANACONA,Winner Andrew,ANACONA,COL,COL0022,"Paris-Nice, 2019",,,,LAMPRE - ISD,LAMPRE-MERIDA,LAMPRE-MERIDA,MOVISTAR TEAM,MOVISTAR TEAM,MOVISTAR TEAM,MOVISTAR TEAM,MOVISTAR TEAM
Yonnatta MONSALVE,Yonnatta,MONSALVE,VEN,VEN0005,"Milano-Sanremo, 2013",,,,,VINI FANTINI - SELLE ITALIA,NERI SOTTOLI,SOUTHEAST,,,,
Simon GESCHKE,Simon,GESCHKE,GER,GER0026,"Paris-Nice, 2010",SKIL-SHIMANO,SKIL - SHIMANO,SKIL - SHIMANO,TEAM ARGOS - SHIMANO,TEAM ARGOS-SHIMANO,TEAM GIANT-SHIMANO,TEAM GIANT - ALPECIN,TEAM GIANT - ALPECIN,TEAM SUNWEB,TEAM SUNWEB,CCC TEAM
Pieter SERRY,Pieter,SERRY,BEL,BEL0040,"Liège-Bastogne-Liège, 2012",,,,,OMEGA PHARMA - QUICK-STEP CYCLING TEAM,OMEGA PHARMA - QUICK-STEP CYCLING TEAM,ETIXX - QUICK STEP,ETIXX - QUICK STEP,QUICK - STEP FLOORS,QUICK - STEP FLOORS,DECEUNINCK  -  QUICK - STEP
Yonder GODOY,Yonder,GODOY,VEN,VEN0006,"Il Lombardia, 2017",,,,,,ANDRONI GIOCATTOLI - VENEZUELA,,WILIER TRIESTINA - SOUTHEAST,WILIER TRIESTINA - SELLE ITALIA,,
Perrig QUEMENEUR,Perrig,QUEMENEUR,FRA,FRA0055,"Il Lombardia, 2009",BBOX BOUYGUES TELECOM,BBOX BOUYGUES TELECOM,TEAM EUROPCAR,,TEAM EUROPCAR,TEAM EUROPCAR,TEAM EUROPCAR,DIRECT ENERGIE,DIRECT ENERGIE,DIRECT ENERGIE,
Rodolfo Andres TORRES AGUDELO,Rodolfo Andres,TORRES AGUDELO,COL,COL0023,"Il Lombardia, 2017",,,,,,COLOMBIA,COLOMBIA,ANDRONI GIOCATTOLI - SIDERMEC,ANDRONI - SIDERMEC - BOTTECCHIA,ANDRONI GIOCATTOLI - SIDERMEC,
Gorka IZAGIRRE INSAUSTI,Gorka,IZAGIRRE INSAUSTI,ESP,ESP0063,"Il Lombardia, 2010",,EUSKALTEL - EUSKADI,EUSKALTEL-EUSKADI,EUSKALTEL - EUSKADI,EUSKALTEL EUSKADI,MOVISTAR TEAM,MOVISTAR TEAM,MOVISTAR TEAM,MOVISTAR TEAM,BAHRAIN - MERIDA,ASTANA PRO TEAM
Jay MC CARTHY,Jay,MC CARTHY,AUS,AUS0025,"Vuelta a España, 2018",,,,,,TINKOFF-SAXO,TINKOFF - SAXO,TINKOFF,BORA - HANSGROHE,BORA - HANSGROHE,BORA - HANSGROHE
Tosh VAN DER SANDE,Tosh,VAN DER SANDE,BEL,BEL0041,"Paris-Nice, 2017",,,,LOTTO BELISOL TEAM,LOTTO BELISOL,LOTTO BELISOL,LOTTO SOUDAL,LOTTO SOUDAL,LOTTO SOUDAL,LOTTO SOUDAL,LOTTO SOUDAL
Christopher JUUL JENSEN,Christopher,JUUL JENSEN,DEN,DEN0012,"Paris-Roubaix, 2013",,,,TEAM SAXO BANK,Team SAXO-TINKOFF,TINKOFF-SAXO,TINKOFF - SAXO,ORICA-BIKEEXCHANGE,ORICA - SCOTT,MITCHELTON - SCOTT,MITCHELTON - SCOTT
Enrico BARBIN,Enrico,BARBIN,ITA,ITA0132,"Tirreno-Adriatico, 2019",,,,,,BARDIANI CSF,BARDIANI CSF,BARDIANI CSF,BARDIANI CSF,BARDIANI CSF,BARDIANI CSF
Moreno MOSER,Moreno,MOSER,ITA,ITA0133,"Tour de Suisse, 2012",,,,LIQUIGAS-CANNONDALE,CANNONDALE PRO CYCLING,CANNONDALE,TEAM CANNONDALE - GARMIN,CANNONDALE PRO CYCLING TEAM,ASTANA PRO TEAM,,
Angelo TULIK,Angelo,TULIK,FRA,FRA0056,"Liège-Bastogne-Liège, 2019",,,,,TEAM EUROPCAR,TEAM EUROPCAR,TEAM EUROPCAR,DIRECT ENERGIE,DIRECT ENERGIE,DIRECT ENERGIE,TOTAL DIRECT ENERGIE
Daniele RATTO,Daniele,RATTO,ITA,ITA0134,"Milano-Sanremo, 2011",,CARMIOORO NGC,GEOX-TMC,LIQUIGAS-CANNONDALE,CANNONDALE PRO CYCLING,CANNONDALE,UNITEDHEALTHCARE PROFESSIONAL CYCLING TEAM,ANDRONI GIOCATTOLI - SIDERMEC,,,
David TANNER,David,TANNER,AUS,AUS0026,"Liège-Bastogne-Liège, 2016",,,SAXO BANK SUNGARD,TEAM SAXO BANK,BELKIN-PRO CYCLING TEAM,BELKIN-PRO CYCLING TEAM,IAM CYCLING,IAM CYCLING,,,
Boy VAN POPPEL,Boy,VAN POPPEL,NED,NED0034,"Paris-Roubaix, 2019",,,,,VACANSOLEIL-DCM PRO CYCLING TEAM,TREK FACTORY RACING,TREK FACTORY RACING,TREK - SEGAFREDO,TREK - SEGAFREDO,TREK - SEGAFREDO,ROOMPOT - CHARLES
Tony HUREL,Tony,HUREL,FRA,FRA0057,"Critérium du Dauphiné, 2017",,,,,,TEAM EUROPCAR,TEAM EUROPCAR,DIRECT ENERGIE,DIRECT ENERGIE,,
Tom VEELERS,Tom,VEELERS,NED,NED0035,"Tirreno-Adriatico, 2015",SKIL-SHIMANO,SKIL - SHIMANO,SKIL - SHIMANO,TEAM ARGOS - SHIMANO,TEAM ARGOS-SHIMANO,TEAM GIANT-SHIMANO,TEAM GIANT - ALPECIN,,,,
Andrea FEDI,Andrea,FEDI,ITA,ITA0135,"Il Lombardia, 2016",,,,,,NERI SOTTOLI,,WILIER TRIESTINA - SOUTHEAST,,,
Jeffry Johan ROMERO CORREDOR,Jeffry Johan,ROMERO CORREDOR,COL,COL0024,"Il Lombardia, 2013",,,,COLOMBIA - COLDEPORTES,COLOMBIA,COLOMBIA,,,,,
Sebastien CHAVANEL,Sebastien,CHAVANEL,FRA,FRA0058,"Paris-Roubaix, 2013",FRANÇAISE DES JEUX,FDJ,TEAM EUROPCAR,TEAM EUROPCAR,TEAM EUROPCAR,FDJ.fr,FDJ,,,,
Eugenio ALAFACI,Eugenio,ALAFACI,ITA,ITA0136,"Giro d'Italia, 2017",,,,,,TREK FACTORY RACING,TREK FACTORY RACING,TREK - SEGAFREDO,TREK - SEGAFREDO,,
Michel KOCH,Michel,KOCH,GER,GER0027,"Tour de Suisse, 2013",,,,,CANNONDALE PRO CYCLING,CANNONDALE,,,,,
Michael HEPBURN,Michael,HEPBURN,AUS,AUS0027,"Tour de France, 2019",,,,,,ORICA GreenEDGE,ORICA GreenEDGE,ORICA GreenEDGE,ORICA - SCOTT,MITCHELTON - SCOTT,MITCHELTON - SCOTT
Jetse BOL,Jetse,BOL,NED,NED0036,"Paris-Roubaix, 2013",,,,,BLANCO PRO CYCLING TEAM,BELKIN-PRO CYCLING TEAM,,,MANZANA POSTOBON TEAM,BURGOS - BH,BURGOS - BH
Koldo FERNANDEZ,Koldo,FERNANDEZ,ESP,ESP0064,"Tour de Suisse, 2011",EUSKALTEL - EUSKADI,EUSKALTEL - EUSKADI,EUSKALTEL-EUSKADI,GARMIN - SHARP,GARMIN SHARP,GARMIN SHARP,,,,,
Arnaud COURTEILLE,Arnaud,COURTEILLE,FRA,FRA0059,"Il Lombardia, 2011",,,FDJ,FDJ-BIG MAT,FDJ.fr,FDJ.fr,FDJ,FDJ,FDJ,VITAL CONCEPT CYCLING CLUB,VITAL CONCEPT - B&B HOTELS
Ramon CARRETERO,Ramon,CARRETERO,PAN,PAN0001,"Giro d'Italia, 2015",,,,,,NERI SOTTOLI,SOUTHEAST,,,,
Giorgio CECCHINEL,Giorgio,CECCHINEL,ITA,ITA0137,"Tirreno-Adriatico, 2016",,,,,,NERI SOTTOLI,,ANDRONI GIOCATTOLI - SIDERMEC,,,
Maxime MEDEREL,Maxime,MEDEREL,FRA,FRA0060,"Tirreno-Adriatico, 2015",,,,SAUR - SOJASUN,SOJASUN,TEAM EUROPCAR,TEAM EUROPCAR,,,,
Mauro FINETTO,Mauro,FINETTO,ITA,ITA0138,"Tirreno-Adriatico, 2013",,LIQUIGAS-DOIMO,LIQUIGAS-CANNONDALE,,VINI FANTINI - SELLE ITALIA,NERI SOTTOLI,SOUTHEAST,,DELKO MARSEILLE PROVENCE KTM,,DELKO MARSEILLE PROVENCE
Davide VILLELLA,Davide,VILLELLA,ITA,ITA0139,"Vuelta a España, 2016",,,,,,CANNONDALE,TEAM CANNONDALE - GARMIN,CANNONDALE-DRAPAC PRO CYCLING TEAM,CANNONDALE DRAPAC PROFESSIONAL CYCLING TEAM,ASTANA PRO TEAM,ASTANA PRO TEAM
Michael MATTHEWS,Michael,MATTHEWS,AUS,AUS0028,"Milano-Sanremo, 2011",,,RABOBANK CYCLING TEAM,RABOBANK CYCLING TEAM,ORICA GreenEDGE,ORICA GreenEDGE,ORICA GreenEDGE,ORICA-BIKEEXCHANGE,TEAM SUNWEB,TEAM SUNWEB,TEAM SUNWEB
Daniele COLLI,Daniele,COLLI,ITA,ITA0140,"Il Lombardia, 2011",,,GEOX-TMC,TEAM TYPE 1 - SANOFI,,NERI SOTTOLI,NIPPO - VINI FANTINI,,,,
Yannick EIJSSEN,Yannick,EIJSSEN,BEL,BEL0042,"Liège-Bastogne-Liège, 2015",,,BMC RACING TEAM,BMC RACING TEAM,BMC RACING TEAM,BMC RACING TEAM,WANTY - GROUPE GOBERT,,,,
Mitchell DOCKER,Mitchell,DOCKER,AUS,AUS0029,"Paris-Roubaix, 2011",SKIL-SHIMANO,SKIL - SHIMANO,SKIL - SHIMANO,ORICA GreenEDGE,ORICA GreenEDGE,ORICA GreenEDGE,ORICA GreenEDGE,ORICA GreenEDGE,ORICA - SCOTT,TEAM EF EDUCATION FIRST - DRAPAC P/B CANNONDALE,EF EDUCATION FIRST
Dylan VAN BAARLE,Dylan,VAN BAARLE,NED,NED0037,"Critérium du Dauphiné, 2018",,,,,,GARMIN SHARP,TEAM CANNONDALE - GARMIN,CANNONDALE-DRAPAC PRO CYCLING TEAM,CANNONDALE DRAPAC PROFESSIONAL CYCLING TEAM,TEAM SKY,TEAM INEOS
Björn THURAU,Björn,THURAU,GER,GER0028,"Il Lombardia, 2013",,,,,TEAM EUROPCAR,TEAM EUROPCAR,BORA-ARGON 18,WANTY - GROUPE GOBERT,,,
Marcel KITTEL,Marcel,KITTEL,GER,GER0029,"Paris-Nice, 2019",,,SKIL - SHIMANO,TEAM ARGOS - SHIMANO,TEAM ARGOS-SHIMANO,TEAM GIANT-SHIMANO,,ETIXX - QUICK STEP,QUICK - STEP FLOORS,TEAM KATUSHA ALPECIN,TEAM KATUSHA ALPECIN
Nicola RUFFONI,Nicola,RUFFONI,ITA,ITA0141,"Tirreno-Adriatico, 2017",,,,,,BARDIANI CSF,BARDIANI CSF,BARDIANI CSF,BARDIANI CSF,,
Leopold KÖNIG,Leopold,KÖNIG,CZE,CZE0004,"Tirreno-Adriatico, 2018",,,TEAM NETAPP,,TEAM NETAPP - ENDURA,TEAM NETAPP - ENDURA,TEAM SKY,TEAM SKY,BORA - HANSGROHE,BORA - HANSGROHE,
Jurgen VAN DEN BROECK,Jurgen,VAN DEN BROECK,BEL,BEL0043,"Tour de France, 2016",SILENCE-LOTTO,OMEGA PHARMA-LOTTO,OMEGA PHARMA-LOTTO,LOTTO BELISOL TEAM,LOTTO BELISOL,LOTTO BELISOL,LOTTO SOUDAL,TEAM KATUSHA,TEAM LOTTO NL - JUMBO,,
Amael MOINARD,Amael,MOINARD,FRA,FRA0061,"Tour de France, 2019","COFIDIS, LE CREDIT EN LIGNE","COFIDIS, LE CREDIT EN LIGNE",BMC RACING TEAM,BMC RACING TEAM,BMC RACING TEAM,BMC RACING TEAM,BMC RACING TEAM,BMC RACING TEAM,BMC RACING TEAM,TEAM FORTUNEO - SAMSIC,TEAM ARKEA - SAMSIC
Davide FORMOLO,Davide,FORMOLO,ITA,ITA0142,"Tour de Suisse, 2014",,,,,,CANNONDALE,TEAM CANNONDALE - GARMIN,CANNONDALE PRO CYCLING TEAM,CANNONDALE DRAPAC PROFESSIONAL CYCLING TEAM,BORA - HANSGROHE,BORA - HANSGROHE
David DE LA CRUZ MELGAREJO,David,DE LA CRUZ MELGAREJO,ESP,ESP0065,"Paris-Nice, 2017",,,,,TEAM NETAPP - ENDURA,TEAM NETAPP - ENDURA,ETIXX - QUICK STEP,ETIXX - QUICK STEP,QUICK - STEP FLOORS,TEAM SKY,TEAM INEOS
Luis León SANCHEZ,Luis León,SANCHEZ,ESP,ESP0066,"Vuelta a España, 2019",CAISSE D'EPARGNE,CAISSE D'EPARGNE,RABOBANK CYCLING TEAM,RABOBANK CYCLING TEAM,BELKIN-PRO CYCLING TEAM,CAJA RURAL - SEGUROS RGA,ASTANA PRO TEAM,ASTANA PRO TEAM,ASTANA PRO TEAM,ASTANA PRO TEAM,ASTANA PRO TEAM
Sylvain CHAVANEL,Sylvain,CHAVANEL,FRA,FRA0062,"Tour de France, 2018",QUICK STEP,QUICK STEP,QUICKSTEP CYCLING TEAM,OMEGA PHARMA-QUICKSTEP,OMEGA PHARMA - QUICK-STEP CYCLING TEAM,IAM CYCLING,IAM CYCLING,DIRECT ENERGIE,DIRECT ENERGIE,DIRECT ENERGIE,
Pavel KOCHETKOV,Pavel,KOCHETKOV,RUS,RUS0019,"Tirreno-Adriatico, 2017",,,,,,,TEAM KATUSHA,TEAM KATUSHA,TEAM KATUSHA ALPECIN,TEAM KATUSHA ALPECIN,TEAM KATUSHA ALPECIN
Ilnur ZAKARIN,Ilnur,ZAKARIN,RUS,RUS0020,"Tour de France, 2018",,,,,,,TEAM KATUSHA,TEAM KATUSHA,TEAM KATUSHA ALPECIN,TEAM KATUSHA ALPECIN,TEAM KATUSHA ALPECIN
Kenny ELISSONDE,Kenny,ELISSONDE,FRA,FRA0063,"Liège-Bastogne-Liège, 2012",,,,FDJ-BIG MAT,FDJ.fr,FDJ.fr,FDJ,FDJ,TEAM SKY,TEAM SKY,TEAM INEOS
Silvan DILLIER,Silvan,DILLIER,SUI,SUI0017,"Tour de Suisse, 2014",,,,,,BMC RACING TEAM,BMC RACING TEAM,BMC RACING TEAM,BMC RACING TEAM,AG2R LA MONDIALE,AG2R LA MONDIALE
Jhoan Esteban CHAVES RUBIO,Jhoan Esteban,CHAVES RUBIO,COL,COL0025,"Tirreno-Adriatico, 2012",,,,COLOMBIA - COLDEPORTES,,ORICA GreenEDGE,ORICA GreenEDGE,ORICA GreenEDGE,ORICA - SCOTT,MITCHELTON - SCOTT,MITCHELTON - SCOTT
Ruben FERNANDEZ,Ruben,FERNANDEZ,ESP,ESP0067,"Critérium du Dauphiné, 2017",,,,,,,MOVISTAR TEAM,MOVISTAR TEAM,MOVISTAR TEAM,MOVISTAR TEAM,MOVISTAR TEAM
Simon CLARKE,Simon,CLARKE,AUS,AUS0030,"Il Lombardia, 2009",ISD - NERI,ISD - NERI,PRO TEAM ASTANA,ORICA GreenEDGE,ORICA GreenEDGE,ORICA GreenEDGE,ORICA GreenEDGE,CANNONDALE PRO CYCLING TEAM,CANNONDALE DRAPAC PROFESSIONAL CYCLING TEAM,TEAM EF EDUCATION FIRST - DRAPAC P/B CANNONDALE,EF EDUCATION FIRST
Nathan BROWN,Nathan,BROWN,USA,USA0022,"Vuelta a España, 2014",,,,,,GARMIN SHARP,TEAM CANNONDALE - GARMIN,CANNONDALE PRO CYCLING TEAM,CANNONDALE DRAPAC PROFESSIONAL CYCLING TEAM,TEAM EF EDUCATION FIRST - DRAPAC P/B CANNONDALE,EF EDUCATION FIRST
Clément CHEVRIER,Clément,CHEVRIER,FRA,FRA0064,"Vuelta a España, 2019",,,,,,,IAM CYCLING,IAM CYCLING,AG2R LA MONDIALE,,AG2R LA MONDIALE
Marcus BURGHARDT,Marcus,BURGHARDT,GER,GER0030,"Paris-Nice, 2009",TEAM COLUMBIA - HIGH ROAD,BMC RACING TEAM,BMC RACING TEAM,BMC RACING TEAM,BMC RACING TEAM,BMC RACING TEAM,BMC RACING TEAM,BMC RACING TEAM,BORA - HANSGROHE,BORA - HANSGROHE,BORA - HANSGROHE
Gianfranco ZILIOLI,Gianfranco,ZILIOLI,ITA,ITA0143,"Il Lombardia, 2014",,,,,,ANDRONI GIOCATTOLI - VENEZUELA,ANDRONI GIOCATTOLI - SIDERMEC,NIPPO - VINI FANTINI,,,
Sergey LAGUTIN,Sergey,LAGUTIN,RUS,RUS0021,"Vuelta a España, 2016",,,,,,,TEAM KATUSHA,TEAM KATUSHA,GAZPROM - RUSVELO,,
Jesus HERRADA,Jesus,HERRADA,ESP,ESP0068,"Tour de Suisse, 2012",,,MOVISTAR TEAM,MOVISTAR TEAM,MOVISTAR TEAM,MOVISTAR TEAM,MOVISTAR TEAM,MOVISTAR TEAM,MOVISTAR TEAM,"COFIDIS, SOLUTIONS CREDITS","COFIDIS, SOLUTIONS CREDITS"
Maciej PATERSKI,Maciej,PATERSKI,POL,POL0010,"Tour de Suisse, 2016",,LIQUIGAS-DOIMO,LIQUIGAS-CANNONDALE,LIQUIGAS-CANNONDALE,CANNONDALE PRO CYCLING,CCC POLSAT POLKOWICE,CCC SPRANDI POLKOWICE,CCC SPRANDI POLKOWICE,CCC SPRANDI POLKOWICE,,
Marek RUTKIEWICZ,Marek,RUTKIEWICZ,POL,POL0011,"Tour de Suisse, 2014",,,,,,CCC POLSAT POLKOWICE,CCC SPRANDI POLKOWICE,,,,
Nick VAN DER LIJKE,Nick,VAN DER LIJKE,NED,NED0038,"Tour de Suisse, 2017",,,,,,BELKIN-PRO CYCLING TEAM,TEAM LOTTO NL - JUMBO,ROOMPOT - ORANJE PELOTON,ROOMPOT - NEDERLANDSE LOTERIJ,,
Luca CHIRICO,Luca,CHIRICO,ITA,ITA0144,"Giro d'Italia, 2015",,,,,,,BARDIANI CSF,,,,
Tsgabu Gebremaryam GRMAY,Tsgabu Gebremaryam,GRMAY,ETH,ETH0001,"Il Lombardia, 2013",,,,,MTN - QHUBEKA,,LAMPRE - MERIDA,LAMPRE - MERIDA,BAHRAIN - MERIDA,TREK - SEGAFREDO,MITCHELTON - SCOTT
Dayer QUINTANA,Dayer,QUINTANA,COL,COL0026,"Il Lombardia, 2014",,,,,,MOVISTAR TEAM,MOVISTAR TEAM,MOVISTAR TEAM,MOVISTAR TEAM,MOVISTAR TEAM,NERI SOTTOLI SELLE ITALIA KTM
Bert-Jan LINDEMAN,Bert-Jan,LINDEMAN,NED,NED0039,"Paris-Nice, 2019",,,,VACANSOLEIL-DCM PRO CYCLING TEAM,VACANSOLEIL-DCM PRO CYCLING TEAM,,TEAM LOTTO NL - JUMBO,TEAM LOTTO NL - JUMBO,TEAM LOTTO NL - JUMBO,TEAM LOTTO NL - JUMBO,TEAM JUMBO - VISMA
Sérgio PAULINHO,Sérgio,PAULINHO,POR,POR0007,"Vuelta a España, 2016",ASTANA,TEAM RADIOSHACK,TEAM RADIOSHACK,TEAM SAXO BANK-TINKOFF BANK,Team SAXO-TINKOFF,TINKOFF-SAXO,TINKOFF - SAXO,TINKOFF,,,
Chad HAGA,Chad,HAGA,USA,USA0023,"Vuelta a España, 2014",,,,,,TEAM GIANT-SHIMANO,TEAM GIANT - ALPECIN,TEAM GIANT - ALPECIN,TEAM SUNWEB,TEAM SUNWEB,TEAM SUNWEB
Giacomo BERLATO,Giacomo,BERLATO,ITA,ITA0145,"Il Lombardia, 2017",,,,,,,NIPPO - VINI FANTINI,NIPPO - VINI FANTINI,NIPPO - VINI FANTINI,,
Kevin REZA,Kevin,REZA,FRA,FRA0065,"Paris-Nice, 2019",,,,TEAM EUROPCAR,TEAM EUROPCAR,TEAM EUROPCAR,FDJ,FDJ,FDJ,VITAL CONCEPT CYCLING CLUB,VITAL CONCEPT - B&B HOTELS
Matteo BUSATO,Matteo,BUSATO,ITA,ITA0146,"Milano-Sanremo, 2019",,,,,,,SOUTHEAST,WILIER TRIESTINA - SOUTHEAST,WILIER TRIESTINA - SELLE ITALIA,WILIER TRIESTINA - SELLE ITALIA,ANDRONI GIOCATTOLI - SIDERMEC
Heinrich HAUSSLER,Heinrich,HAUSSLER,AUS,AUS0031,"Paris-Nice, 2013",,,TEAM GARMIN-CERVELO,GARMIN - BARRACUDA,IAM CYCLING,IAM CYCLING,IAM CYCLING,IAM CYCLING,,BAHRAIN - MERIDA,BAHRAIN - MERIDA
Hugo HOULE,Hugo,HOULE,CAN,CAN0006,"Milano-Sanremo, 2014",,,,,AG2R LA MONDIALE,AG2R LA MONDIALE,AG2R LA MONDIALE,AG2R LA MONDIALE,AG2R LA MONDIALE,ASTANA PRO TEAM,ASTANA PRO TEAM
Sergei CHERNETSKII,Sergei,CHERNETSKII,RUS,RUS0022,"Tirreno-Adriatico, 2016",,,,,KATUSHA,TEAM KATUSHA,TEAM KATUSHA,TEAM KATUSHA,ASTANA PRO TEAM,ASTANA PRO TEAM,CAJA RURAL - SEGUROS RGA
Petr VAKOČ,Petr,VAKOČ,CZE,CZE0005,"Critérium du Dauphiné, 2019",,,,,,,ETIXX - QUICK STEP,ETIXX - QUICK STEP,QUICK - STEP FLOORS,,DECEUNINCK  -  QUICK - STEP
Lukasz OWSIAN,Lukasz,OWSIAN,POL,POL0012,"Tour de Suisse, 2014",,,,,,CCC POLSAT POLKOWICE,CCC SPRANDI POLKOWICE,CCC SPRANDI POLKOWICE,CCC SPRANDI POLKOWICE,,CCC TEAM
Janier Alexis ACEVEDO CALLE,Janier Alexis,ACEVEDO CALLE,COL,COL0027,"Tour de France, 2014",,,,,,GARMIN SHARP,TEAM CANNONDALE - GARMIN,,,,
Cedric PINEAU,Cedric,PINEAU,FRA,FRA0066,"Paris-Roubaix, 2009",AG2R LA MONDIALE,,FDJ,FDJ-BIG MAT,FDJ.fr,FDJ.fr,FDJ,FDJ,FDJ,,
Samuel BEWLEY,Samuel,BEWLEY,NZL,NZL0007,"Vuelta a España, 2019",,,,,ORICA GreenEDGE,ORICA GreenEDGE,ORICA GreenEDGE,ORICA GreenEDGE,ORICA - SCOTT,MITCHELTON - SCOTT,MITCHELTON - SCOTT
Maximiliano Ariel RICHEZE,Maximiliano Ariel,RICHEZE,ARG,ARG0003,"Vuelta a España, 2013",,,,,LAMPRE-MERIDA,LAMPRE-MERIDA,LAMPRE - MERIDA,ETIXX - QUICK STEP,QUICK - STEP FLOORS,QUICK - STEP FLOORS,DECEUNINCK  -  QUICK - STEP
Nikolay MIHAYLOV,Nikolay,MIHAYLOV,BUL,BUL0001,"Tirreno-Adriatico, 2016",,,,,,,CCC SPRANDI POLKOWICE,CCC SPRANDI POLKOWICE,,,
Alexander PORSEV,Alexander,PORSEV,RUS,RUS0023,"Paris-Roubaix, 2012",,,,KATUSHA TEAM,,TEAM KATUSHA,TEAM KATUSHA,TEAM KATUSHA,GAZPROM - RUSVELO,,GAZPROM - RUSVELO
Caleb FAIRLY,Caleb,FAIRLY,USA,USA0024,"Liège-Bastogne-Liège, 2016",,,HTC-HIGHROAD,SPIDERTECH POWERED BY C10,GARMIN SHARP,,TEAM GIANT - ALPECIN,TEAM GIANT - ALPECIN,,,
Moreno HOFLAND,Moreno,HOFLAND,NED,NED0040,"Vuelta a España, 2014",,,,,,BELKIN-PRO CYCLING TEAM,TEAM LOTTO NL - JUMBO,TEAM LOTTO NL - JUMBO,LOTTO SOUDAL,,
Serghei TVETCOV,Serghei,TVETCOV,ROU,ROU0001,"Il Lombardia, 2016",,,,,,,ANDRONI GIOCATTOLI - SIDERMEC,ANDRONI GIOCATTOLI - SIDERMEC,,,
Bartlomiej MATYSIAK,Bartlomiej,MATYSIAK,POL,POL0013,"Milano-Sanremo, 2016",,,,,,,CCC SPRANDI POLKOWICE,CCC SPRANDI POLKOWICE,,,
Rick ZABEL,Rick,ZABEL,GER,GER0031,"Tour de Suisse, 2019",,,,,,,BMC RACING TEAM,BMC RACING TEAM,TEAM KATUSHA ALPECIN,TEAM KATUSHA ALPECIN,TEAM KATUSHA ALPECIN
Nikias ARNDT,Nikias,ARNDT,GER,GER0032,"Vuelta a España, 2014",,,,,TEAM ARGOS-SHIMANO,TEAM GIANT-SHIMANO,TEAM GIANT - ALPECIN,TEAM GIANT - ALPECIN,TEAM SUNWEB,TEAM SUNWEB,TEAM SUNWEB
Fábio SILVESTRE,Fábio,SILVESTRE,POR,POR0008,"Giro d'Italia, 2015",,,,,,,TREK FACTORY RACING,,,,
Eduard-Michael GROSU,Eduard-Michael,GROSU,ROU,ROU0002,"Tirreno-Adriatico, 2018",,,,,,,NIPPO - VINI FANTINI,NIPPO - VINI FANTINI,NIPPO - VINI FANTINI,NIPPO - VINI FANTINI - EUROPA OVINI,DELKO MARSEILLE PROVENCE
Calvin WATSON,Calvin,WATSON,AUS,AUS0032,"Il Lombardia, 2014",,,,,,TREK FACTORY RACING,TREK FACTORY RACING,,,AQUA BLUE SPORT,
Riccardo STACCHIOTTI,Riccardo,STACCHIOTTI,ITA,ITA0147,"Giro d'Italia, 2016",,,,,,,NIPPO - VINI FANTINI,NIPPO - VINI FANTINI,,,
Alessandro MALAGUTI,Alessandro,MALAGUTI,ITA,ITA0148,"Giro d'Italia, 2015",,,,,,,NIPPO - VINI FANTINI,,,,
Eugert ZHUPA,Eugert,ZHUPA,ALB,ALB0001,"Giro d'Italia, 2018",,,,,,,SOUTHEAST,WILIER TRIESTINA - SOUTHEAST,WILIER TRIESTINA - SELLE ITALIA,WILIER TRIESTINA - SELLE ITALIA,
Aleksejs SARAMOTINS,Aleksejs,SARAMOTINS,LAT,LAT0002,"Paris-Roubaix, 2012",,TEAM HTC - COLUMBIA,"COFIDIS, LE CREDIT EN LIGNE","COFIDIS, LE CREDIT EN LIGNE",IAM CYCLING,IAM CYCLING,IAM CYCLING,IAM CYCLING,BORA - HANSGROHE,BORA - HANSGROHE,
Roger KLUGE,Roger,KLUGE,GER,GER0033,"Paris-Roubaix, 2013",,TEAM MILRAM,SKIL - SHIMANO,TEAM ARGOS - SHIMANO,TEAM NETAPP - ENDURA,IAM CYCLING,IAM CYCLING,IAM CYCLING,ORICA - SCOTT,MITCHELTON - SCOTT,LOTTO SOUDAL
Stig BROECKX,Stig,BROECKX,BEL,BEL0044,"Critérium du Dauphiné, 2014",,,,,,LOTTO BELISOL,LOTTO SOUDAL,,,,
Tom BOONEN,Tom,BOONEN,BEL,BEL0045,"Tirreno-Adriatico, 2017",QUICK STEP,QUICK STEP,QUICKSTEP CYCLING TEAM,OMEGA PHARMA-QUICKSTEP,OMEGA PHARMA - QUICK-STEP CYCLING TEAM,OMEGA PHARMA - QUICK-STEP CYCLING TEAM,ETIXX - QUICK STEP,ETIXX - QUICK STEP,QUICK - STEP FLOORS,,
Gang XU,Gang,XU,CHN,CHN0002,"Paris-Roubaix, 2016",,,,,,,LAMPRE - MERIDA,LAMPRE - MERIDA,,,
Juan Jose LOBATO DEL VALLE,Juan Jose,LOBATO DEL VALLE,ESP,ESP0069,"Il Lombardia, 2018",,,ANDALUCIA CAJA GRANADA,ANDALUCIA,EUSKALTEL EUSKADI,MOVISTAR TEAM,MOVISTAR TEAM,MOVISTAR TEAM,TEAM LOTTO NL - JUMBO,NIPPO - VINI FANTINI - EUROPA OVINI,NIPPO - VINI FANTINI - FAIZANE'
Louis VERVAEKE,Louis,VERVAEKE,BEL,BEL0046,"Il Lombardia, 2014",,,,,,LOTTO BELISOL,LOTTO SOUDAL,LOTTO SOUDAL,LOTTO SOUDAL,TEAM SUNWEB,TEAM SUNWEB
Robert Thomas WAGNER,Robert Thomas,WAGNER,GER,GER0034,"Paris-Roubaix, 2010",,SKIL - SHIMANO,LEOPARD TREK,RADIOSHACK-NISSAN,BELKIN-PRO CYCLING TEAM,BELKIN-PRO CYCLING TEAM,TEAM LOTTO NL - JUMBO,TEAM LOTTO NL - JUMBO,TEAM LOTTO NL - JUMBO,TEAM LOTTO NL - JUMBO,
Matteo PELUCCHI,Matteo,PELUCCHI,ITA,ITA0149,"Milano-Sanremo, 2011",,,GEOX-TMC,,,IAM CYCLING,IAM CYCLING,IAM CYCLING,BORA - HANSGROHE,,
Sébastien REICHENBACH,Sébastien,REICHENBACH,SUI,SUI0018,"Tour de Suisse, 2013",,,,,IAM CYCLING,IAM CYCLING,IAM CYCLING,FDJ,FDJ,GROUPAMA - FDJ,GROUPAMA - FDJ
Anton VOROBYEV,Anton,VOROBYEV,RUS,RUS0024,"Critérium du Dauphiné, 2014",,,,,,TEAM KATUSHA,TEAM KATUSHA,TEAM KATUSHA,,,
Jaroslaw MARYCZ,Jaroslaw,MARYCZ,POL,POL0014,"Tour de Suisse, 2014",,TEAM SAXO BANK,SAXO BANK SUNGARD,TEAM SAXO BANK,,CCC POLSAT POLKOWICE,CCC SPRANDI POLKOWICE,CCC SPRANDI POLKOWICE,,,
Stefan KÜNG,Stefan,KÜNG,SUI,SUI0019,"Tour de France, 2019",,,,,,,BMC RACING TEAM,BMC RACING TEAM,BMC RACING TEAM,BMC RACING TEAM,GROUPAMA - FDJ
Manabu ISHIBASHI,Manabu,ISHIBASHI,JPN,JPN0003,"Giro d'Italia, 2015",,,,,,,NIPPO - VINI FANTINI,,,,
Alejandro VALVERDE,Alejandro,VALVERDE,ESP,ESP0070,"Paris-Nice, 2010",CAISSE D'EPARGNE,CAISSE D'EPARGNE,,MOVISTAR TEAM,MOVISTAR TEAM,MOVISTAR TEAM,MOVISTAR TEAM,MOVISTAR TEAM,MOVISTAR TEAM,MOVISTAR TEAM,MOVISTAR TEAM
Bob JUNGELS,Bob,JUNGELS,LUX,LUX0004,"Paris-Roubaix, 2013",,,,,RADIOSHACK LEOPARD,TREK FACTORY RACING,TREK FACTORY RACING,ETIXX - QUICK STEP,QUICK - STEP FLOORS,QUICK - STEP FLOORS,DECEUNINCK  -  QUICK - STEP
Jakob FUGLSANG,Jakob,FUGLSANG,DEN,DEN0013,"Tour de Suisse, 2012",TEAM SAXO BANK,TEAM SAXO BANK,LEOPARD TREK,RADIOSHACK-NISSAN,ASTANA PRO TEAM,ASTANA PRO TEAM,ASTANA PRO TEAM,ASTANA PRO TEAM,ASTANA PRO TEAM,ASTANA PRO TEAM,ASTANA PRO TEAM
Valerio CONTI,Valerio,CONTI,ITA,ITA0150,"Vuelta a España, 2019",,,,,,LAMPRE-MERIDA,LAMPRE - MERIDA,LAMPRE - MERIDA,UAE TEAM EMIRATES,UAE TEAM EMIRATES,UAE TEAM EMIRATES
Rein TAARAMÄE,Rein,TAARAMÄE,EST,EST0004,"Tour de Suisse, 2018","COFIDIS, LE CREDIT EN LIGNE","COFIDIS, LE CREDIT EN LIGNE","COFIDIS, LE CREDIT EN LIGNE","COFIDIS, LE CREDIT EN LIGNE","COFIDIS, SOLUTIONS CREDITS","COFIDIS, SOLUTIONS CREDITS",ASTANA PRO TEAM,TEAM KATUSHA,TEAM KATUSHA ALPECIN,DIRECT ENERGIE,TOTAL DIRECT ENERGIE
Sergey FIRSANOV,Sergey,FIRSANOV,RUS,RUS0025,"Tirreno-Adriatico, 2018",,,,,,,,GAZPROM-RUSVELO,GAZPROM - RUSVELO,GAZPROM - RUSVELO,
Joseph Lloyd DOMBROWSKI,Joseph Lloyd,DOMBROWSKI,USA,USA0025,"Tour de Suisse, 2014",,,,,SKY PROCYCLING,TEAM SKY,TEAM CANNONDALE - GARMIN,CANNONDALE PRO CYCLING TEAM,CANNONDALE DRAPAC PROFESSIONAL CYCLING TEAM,TEAM EF EDUCATION FIRST - DRAPAC P/B CANNONDALE,EF EDUCATION FIRST
Merhawi KUDUS,Merhawi,KUDUS,ERI,ERI0001,"Tour de Suisse, 2019",,,,,,MTN - QHUBEKA,MTN - QHUBEKA,TEAM DIMENSION DATA,TEAM DIMENSION DATA,TEAM DIMENSION DATA,ASTANA PRO TEAM
Egor SILIN,Egor,SILIN,RUS,RUS0026,"Paris-Nice, 2015",,TEAM KATUSHA,KATUSHA TEAM,ASTANA PRO TEAM,ASTANA PRO TEAM,TEAM KATUSHA,TEAM KATUSHA,TEAM KATUSHA,,,
Carlos VERONA QUINTANILLA,Carlos,VERONA QUINTANILLA,ESP,ESP0071,"Liège-Bastogne-Liège, 2013",,,,,OMEGA PHARMA - QUICK-STEP CYCLING TEAM,OMEGA PHARMA - QUICK-STEP CYCLING TEAM,ETIXX - QUICK STEP,ETIXX - QUICK STEP,ORICA - SCOTT,MITCHELTON - SCOTT,MOVISTAR TEAM
Alexander FOLIFOROV,Alexander,FOLIFOROV,RUS,RUS0027,"Tirreno-Adriatico, 2018",,,,,,,,GAZPROM-RUSVELO,GAZPROM - RUSVELO,GAZPROM - RUSVELO,
José ROJAS,José,ROJAS,ESP,ESP0072,"Tour de Suisse, 2018",CAISSE D'EPARGNE,CAISSE D'EPARGNE,MOVISTAR TEAM,MOVISTAR TEAM,MOVISTAR TEAM,MOVISTAR TEAM,MOVISTAR TEAM,MOVISTAR TEAM,MOVISTAR TEAM,MOVISTAR TEAM,MOVISTAR TEAM
Damien HOWSON,Damien,HOWSON,AUS,AUS0033,"Critérium du Dauphiné, 2014",,,,,,ORICA GreenEDGE,ORICA GreenEDGE,ORICA GreenEDGE,ORICA - SCOTT,MITCHELTON - SCOTT,MITCHELTON - SCOTT
Ruben PLAZA,Ruben,PLAZA,ESP,ESP0073,"Il Lombardia, 2011",,CAISSE D'EPARGNE,MOVISTAR TEAM,MOVISTAR TEAM,MOVISTAR TEAM,MOVISTAR TEAM,LAMPRE - MERIDA,ORICA GreenEDGE,ORICA - SCOTT,ISRAEL CYCLING ACADEMY,ISRAEL CYCLING ACADEMY
Primož ROGLIČ,Primož,ROGLIČ,SLO,SLO0012,"Tour de France, 2018",,,,,,,,TEAM LOTTO NL - JUMBO,TEAM LOTTO NL - JUMBO,TEAM LOTTO NL - JUMBO,TEAM JUMBO - VISMA
Bakhtiyar KOZHATAYEV,Bakhtiyar,KOZHATAYEV,KAZ,KAZ0008,"Critérium du Dauphiné, 2018",,,,,,,ASTANA PRO TEAM,ASTANA PRO TEAM,ASTANA PRO TEAM,ASTANA PRO TEAM,
Ian BOSWELL,Ian,BOSWELL,USA,USA0026,"Liège-Bastogne-Liège, 2014",,,,,SKY PROCYCLING,TEAM SKY,TEAM SKY,TEAM SKY,TEAM SKY,TEAM KATUSHA ALPECIN,
Alexander KOLOBNEV,Alexander,KOLOBNEV,RUS,RUS0028,"Milano-Sanremo, 2015",TEAM SAXO BANK,TEAM KATUSHA,KATUSHA TEAM,KATUSHA TEAM,KATUSHA,TEAM KATUSHA,TEAM KATUSHA,GAZPROM-RUSVELO,,,
Manuel SENNI,Manuel,SENNI,ITA,ITA0151,"Giro d'Italia, 2018",,,,,,,BMC RACING TEAM,BMC RACING TEAM,BMC RACING TEAM,BARDIANI CSF,BARDIANI CSF
Simone PETILLI,Simone,PETILLI,ITA,ITA0152,"Critérium du Dauphiné, 2019",,,,,,,,LAMPRE - MERIDA,UAE TEAM EMIRATES,UAE TEAM EMIRATES,UAE TEAM EMIRATES
Johann VAN ZYL,Johann,VAN ZYL,RSA,RSA0004,"Ronde van Vlaanderen, 2014",,,,,,MTN - QHUBEKA,MTN - QHUBEKA,TEAM DIMENSION DATA,TEAM DIMENSION DATA,TEAM DIMENSION DATA,
Vegard Stake LAENGEN,Vegard Stake,LAENGEN,NOR,NOR0006,"Paris-Roubaix, 2014",,,,TEAM TYPE 1 - SANOFI,BRETAGNE - SECHE ENVIRONNEMENT,BRETAGNE - SECHE ENVIRONNEMENT,,IAM CYCLING,UAE TEAM EMIRATES,UAE TEAM EMIRATES,UAE TEAM EMIRATES
Joseph ROSSKOPF,Joseph,ROSSKOPF,USA,USA0027,"Vuelta a España, 2018",,,,,,,BMC RACING TEAM,BMC RACING TEAM,BMC RACING TEAM,BMC RACING TEAM,CCC TEAM
Alberto BETTIOL,Alberto,BETTIOL,ITA,ITA0153,"Liège-Bastogne-Liège, 2014",,,,,,CANNONDALE,TEAM CANNONDALE - GARMIN,CANNONDALE PRO CYCLING TEAM,CANNONDALE DRAPAC PROFESSIONAL CYCLING TEAM,BMC RACING TEAM,EF EDUCATION FIRST
Daniel Felipe MARTINEZ POVEDA,Daniel Felipe,MARTINEZ POVEDA,COL,COL0028,"Il Lombardia, 2015",,,,,,,COLOMBIA,WILIER TRIESTINA - SOUTHEAST,WILIER TRIESTINA - SELLE ITALIA,TEAM EF EDUCATION FIRST - DRAPAC P/B CANNONDALE,EF EDUCATION FIRST
Benoit VAUGRENARD,Benoit,VAUGRENARD,FRA,FRA0067,"Milano-Sanremo, 2011",FRANÇAISE DES JEUX,FDJ,FDJ,FDJ-BIG MAT,FDJ,FDJ.fr,FDJ,FDJ,FDJ,GROUPAMA - FDJ,GROUPAMA - FDJ
Kristian SBARAGLI,Kristian,SBARAGLI,ITA,ITA0154,"Tirreno-Adriatico, 2013",,,,,MTN - QHUBEKA,MTN - QHUBEKA,MTN - QHUBEKA,TEAM DIMENSION DATA,TEAM DIMENSION DATA,ISRAEL CYCLING ACADEMY,ISRAEL CYCLING ACADEMY
Ilia KOSHEVOY,Ilia,KOSHEVOY,BLR,BLR0005,"Il Lombardia, 2018",,,,,,,LAMPRE - MERIDA,LAMPRE - MERIDA,WILIER TRIESTINA - SELLE ITALIA,WILIER TRIESTINA - SELLE ITALIA,
Matej MOHORIC,Matej,MOHORIC,SLO,SLO0013,"Liège-Bastogne-Liège, 2014",,,,,,CANNONDALE,TEAM CANNONDALE - GARMIN,LAMPRE - MERIDA,UAE TEAM EMIRATES,BAHRAIN - MERIDA,BAHRAIN - MERIDA
Jaco VENTER,Jaco,VENTER,RSA,RSA0005,"Tirreno-Adriatico, 2013",,,,,MTN - QHUBEKA,MTN - QHUBEKA,MTN - QHUBEKA,TEAM DIMENSION DATA,TEAM DIMENSION DATA,TEAM DIMENSION DATA,TEAM DIMENSION DATA
Cristian RODRIGUEZ MARTIN,Cristian,RODRIGUEZ MARTIN,ESP,ESP0074,"Vuelta a España, 2019",,,,,,,,WILIER TRIESTINA - SOUTHEAST,WILIER TRIESTINA - SELLE ITALIA,CAJA RURAL - SEGUROS RGA,CAJA RURAL - SEGUROS RGA
Ivan SAVITCKII,Ivan,SAVITCKII,RUS,RUS0029,"Giro d'Italia, 2017",,,,,,,,GAZPROM-RUSVELO,GAZPROM - RUSVELO,,
Aleksei RYBALKIN,Aleksei,RYBALKIN,RUS,RUS0030,"Il Lombardia, 2019",,,,,,,,GAZPROM-RUSVELO,,,GAZPROM - RUSVELO
Sean DE BIE,Sean,DE BIE,BEL,BEL0047,"Ronde van Vlaanderen, 2018",,,,,,,LOTTO SOUDAL,LOTTO SOUDAL,LOTTO SOUDAL,VERANDA'S WILLEMS - CRELAN,
Julen AMEZQUETA MORENO,Julen,AMEZQUETA MORENO,ESP,ESP0075,"Giro d'Italia, 2017",,,,,,,,WILIER TRIESTINA - SOUTHEAST,WILIER TRIESTINA - SELLE ITALIA,,
Jasha SÜTTERLIN,Jasha,SÜTTERLIN,GER,GER0035,"Il Lombardia, 2015",,,,,,MOVISTAR TEAM,MOVISTAR TEAM,MOVISTAR TEAM,MOVISTAR TEAM,MOVISTAR TEAM,MOVISTAR TEAM
Twan CASTELIJNS,Twan,CASTELIJNS,NED,NED0041,"Giro d'Italia, 2017",,,,,,,,TEAM LOTTO NL - JUMBO,TEAM LOTTO NL - JUMBO,,
Mirco MAESTRI,Mirco,MAESTRI,ITA,ITA0155,"Giro d'Italia, 2018",,,,,,,,BARDIANI CSF,BARDIANI CSF,BARDIANI CSF,BARDIANI CSF
Viacheslav KUZNETSOV,Viacheslav,KUZNETSOV,RUS,RUS0031,"Paris-Roubaix, 2014",,,,,KATUSHA,TEAM KATUSHA,TEAM KATUSHA,TEAM KATUSHA,TEAM KATUSHA ALPECIN,TEAM KATUSHA ALPECIN,TEAM KATUSHA ALPECIN
Andrei SOLOMENNIKOV,Andrei,SOLOMENNIKOV,RUS,RUS0032,"Giro d'Italia, 2016",,,,,,,,GAZPROM-RUSVELO,,,
Paolo SIMION,Paolo,SIMION,ITA,ITA0156,"Milano-Sanremo, 2017",,,,,,,BARDIANI CSF,BARDIANI CSF,BARDIANI CSF,BARDIANI CSF,BARDIANI CSF
Olivier LE GAC,Olivier,LE GAC,FRA,FRA0068,"Vuelta a España, 2015",,,,,,,FDJ,FDJ,FDJ,GROUPAMA - FDJ,GROUPAMA - FDJ
Lukasz WISNIOWSKI,Lukasz,WISNIOWSKI,POL,POL0015,"Milano-Sanremo, 2017",,,,,,,ETIXX - QUICK STEP,ETIXX - QUICK STEP,TEAM SKY,TEAM SKY,CCC TEAM
Simone ANDREETTA,Simone,ANDREETTA,ITA,ITA0157,"Giro d'Italia, 2018",,,,,,,,BARDIANI CSF,BARDIANI CSF,BARDIANI CSF,
Artem OVECHKIN,Artem,OVECHKIN,RUS,RUS0033,"Tour de Suisse, 2011",,TEAM KATUSHA,KATUSHA TEAM,,,,,GAZPROM-RUSVELO,,,
Songezo JIM,Songezo,JIM,RSA,RSA0006,"Liège-Bastogne-Liège, 2014",,,,,MTN - QHUBEKA,MTN - QHUBEKA,MTN - QHUBEKA,TEAM DIMENSION DATA,,,
Blel KADRI,Blel,KADRI,FRA,FRA0069,"Vuelta a España, 2015",,AG2R LA MONDIALE,AG2R LA MONDIALE,AG2R LA MONDIALE,AG2R LA MONDIALE,AG2R LA MONDIALE,AG2R LA MONDIALE,AG2R LA MONDIALE,,,
Jay Robert THOMSON,Jay Robert,THOMSON,RSA,RSA0007,"Tour de Suisse, 2019",,,,,MTN - QHUBEKA,MTN - QHUBEKA,MTN - QHUBEKA,TEAM DIMENSION DATA,TEAM DIMENSION DATA,TEAM DIMENSION DATA,TEAM DIMENSION DATA
Genki YAMAMOTO,Genki,YAMAMOTO,JPN,JPN0004,"Il Lombardia, 2015",,,,,,,NIPPO - VINI FANTINI,NIPPO - VINI FANTINI,,,
Marc SARREAU,Marc,SARREAU,FRA,FRA0070,"Paris-Roubaix, 2015",,,,,,,FDJ,FDJ,FDJ,GROUPAMA - FDJ,GROUPAMA - FDJ
Jean Christophe PERAUD,Jean Christophe,PERAUD,FRA,FRA0071,"Vuelta a España, 2010",,OMEGA PHARMA-LOTTO,AG2R LA MONDIALE,AG2R LA MONDIALE,AG2R LA MONDIALE,AG2R LA MONDIALE,AG2R LA MONDIALE,AG2R LA MONDIALE,,,
Omar FRAILE MATARRANZ,Omar,FRAILE MATARRANZ,ESP,ESP0076,"Vuelta a España, 2015",,,,,,,CAJA RURAL-SEGUROS RGA,TEAM DIMENSION DATA,TEAM DIMENSION DATA,ASTANA PRO TEAM,ASTANA PRO TEAM
Jakub MARECZKO,Jakub,MARECZKO,ITA,ITA0158,"Giro d'Italia, 2019",,,,,,,,WILIER TRIESTINA - SOUTHEAST,WILIER TRIESTINA - SELLE ITALIA,WILIER TRIESTINA - SELLE ITALIA,CCC TEAM
Tom DUMOULIN,Tom,DUMOULIN,NED,NED0042,"Tirreno-Adriatico, 2019",,,,TEAM ARGOS - SHIMANO,TEAM ARGOS-SHIMANO,TEAM GIANT-SHIMANO,TEAM GIANT - ALPECIN,TEAM GIANT - ALPECIN,TEAM SUNWEB,TEAM SUNWEB,TEAM SUNWEB
Lawrence WARBASSE,Lawrence,WARBASSE,USA,USA0028,"Tour de Suisse, 2018",,,,,BMC RACING TEAM,BMC RACING TEAM,IAM CYCLING,IAM CYCLING,AQUA BLUE SPORT,AQUA BLUE SPORT,AG2R LA MONDIALE
Javier MORENO BAZAN,Javier,MORENO BAZAN,ESP,ESP0077,"Vuelta a España, 2015",,ANDALUCIA - CAJASUR,,MOVISTAR TEAM,MOVISTAR TEAM,MOVISTAR TEAM,MOVISTAR TEAM,MOVISTAR TEAM,BAHRAIN - MERIDA,,
Caleb EWAN,Caleb,EWAN,AUS,AUS0034,"Tirreno-Adriatico, 2018",,,,,,,ORICA GreenEDGE,ORICA GreenEDGE,ORICA - SCOTT,MITCHELTON - SCOTT,LOTTO SOUDAL
Aleksei TCATEVICH,Aleksei,TCATEVICH,RUS,RUS0034,"Ronde van Vlaanderen, 2013",,,,,KATUSHA,TEAM KATUSHA,TEAM KATUSHA,TEAM KATUSHA,GAZPROM - RUSVELO,,
Liam BERTAZZO,Liam,BERTAZZO,ITA,ITA0159,"Ronde van Vlaanderen, 2017",,,,,,,,WILIER TRIESTINA - SOUTHEAST,WILIER TRIESTINA - SELLE ITALIA,WILIER TRIESTINA - SELLE ITALIA,NERI SOTTOLI SELLE ITALIA KTM
Giulio CICCONE,Giulio,CICCONE,ITA,ITA0160,"Giro d'Italia, 2019",,,,,,,,BARDIANI CSF,BARDIANI CSF,BARDIANI CSF,TREK - SEGAFREDO
Artur ERSHOV,Artur,ERSHOV,RUS,RUS0035,"Milano-Sanremo, 2017",,,,,,,,GAZPROM-RUSVELO,GAZPROM - RUSVELO,,
Jurgen ROELANDTS,Jurgen,ROELANDTS,BEL,BEL0048,"Tirreno-Adriatico, 2015",SILENCE-LOTTO,OMEGA PHARMA-LOTTO,OMEGA PHARMA-LOTTO,LOTTO BELISOL TEAM,LOTTO BELISOL,LOTTO BELISOL,LOTTO SOUDAL,LOTTO SOUDAL,LOTTO SOUDAL,BMC RACING TEAM,MOVISTAR TEAM
Iuri FILOSI,Iuri,FILOSI,ITA,ITA0161,"Paris-Roubaix, 2019",,,,,,,,NIPPO - VINI FANTINI,NIPPO - VINI FANTINI,DELKO MARSEILLE PROVENCE KTM,DELKO MARSEILLE PROVENCE
Thibaut PINOT,Thibaut,PINOT,FRA,FRA0072,"Critérium du Dauphiné, 2019",,FRANÇAISE DES JEUX,FDJ,FDJ-BIG MAT,FDJ.fr,FDJ.fr,FDJ,FDJ,FDJ,GROUPAMA - FDJ,GROUPAMA - FDJ
Adam YATES,Adam,YATES,GBR,GBR0016,"Vuelta a España, 2014",,,,,,ORICA GreenEDGE,ORICA GreenEDGE,ORICA-BIKEEXCHANGE,ORICA - SCOTT,MITCHELTON - SCOTT,MITCHELTON - SCOTT
Jan HIRT,Jan,HIRT,CZE,CZE0006,"Tour de Suisse, 2016",,,,,,,CCC SPRANDI POLKOWICE,CCC SPRANDI POLKOWICE,CCC SPRANDI POLKOWICE,ASTANA PRO TEAM,ASTANA PRO TEAM
Patrick KONRAD,Patrick,KONRAD,AUT,AUT0009,"Tirreno-Adriatico, 2015",,,,,,,BORA-ARGON 18,BORA-ARGON 18,BORA - HANSGROHE,BORA - HANSGROHE,BORA - HANSGROHE
Tejay VAN GARDEREN,Tejay,VAN GARDEREN,USA,USA0029,"Critérium du Dauphiné, 2019",,TEAM HTC - COLUMBIA,HTC-HIGHROAD,BMC RACING TEAM,BMC RACING TEAM,BMC RACING TEAM,BMC RACING TEAM,BMC RACING TEAM,BMC RACING TEAM,BMC RACING TEAM,EF EDUCATION FIRST
Laurens DE PLUS,Laurens,DE PLUS,BEL,BEL0049,"Critérium du Dauphiné, 2018",,,,,,,,ETIXX - QUICK STEP,QUICK - STEP FLOORS,QUICK - STEP FLOORS,TEAM JUMBO - VISMA
Rui COSTA,Rui,COSTA,POR,POR0009,"Paris-Nice, 2018",CAISSE D'EPARGNE,CAISSE D'EPARGNE,MOVISTAR TEAM,MOVISTAR TEAM,MOVISTAR TEAM,LAMPRE-MERIDA,LAMPRE - MERIDA,LAMPRE - MERIDA,UAE TEAM EMIRATES,UAE TEAM EMIRATES,UAE TEAM EMIRATES
Jesper HANSEN,Jesper,HANSEN,DEN,DEN0014,"Paris-Roubaix, 2014",,,,,,TINKOFF-SAXO,TINKOFF - SAXO,TINKOFF,ASTANA PRO TEAM,ASTANA PRO TEAM,"COFIDIS, SOLUTIONS CREDITS"
Jacques Willem JANSE VAN RENSBURG,Jacques Willem,JANSE VAN RENSBURG,RSA,RSA0008,"Il Lombardia, 2013",,,,,MTN - QHUBEKA,MTN - QHUBEKA,MTN - QHUBEKA,TEAM DIMENSION DATA,TEAM DIMENSION DATA,TEAM DIMENSION DATA,TEAM DIMENSION DATA
Michael WOODS,Michael,WOODS,CAN,CAN0007,"Il Lombardia, 2016",,,,,,,,CANNONDALE-DRAPAC PRO CYCLING TEAM,CANNONDALE DRAPAC PROFESSIONAL CYCLING TEAM,TEAM EF EDUCATION FIRST - DRAPAC P/B CANNONDALE,EF EDUCATION FIRST
François BIDARD,François,BIDARD,FRA,FRA0073,"Vuelta a España, 2016",,,,,,,,AG2R LA MONDIALE,AG2R LA MONDIALE,AG2R LA MONDIALE,AG2R LA MONDIALE
Gregor MÜHLBERGER,Gregor,MÜHLBERGER,AUT,AUT0010,"Vuelta a España, 2016",,,,,,,,BORA-ARGON 18,BORA - HANSGROHE,BORA - HANSGROHE,BORA - HANSGROHE
Julien BERNARD,Julien,BERNARD,FRA,FRA0074,"Vuelta a España, 2016",,,,,,,,TREK - SEGAFREDO,TREK - SEGAFREDO,TREK - SEGAFREDO,TREK - SEGAFREDO
Rudy MOLARD,Rudy,MOLARD,FRA,FRA0075,"Liège-Bastogne-Liège, 2015",,,,"COFIDIS, LE CREDIT EN LIGNE","COFIDIS, SOLUTIONS CREDITS","COFIDIS, SOLUTIONS CREDITS","COFIDIS, SOLUTIONS CREDITS","COFIDIS, SOLUTIONS CREDITS",FDJ,GROUPAMA - FDJ,GROUPAMA - FDJ
Michal SCHLEGEL,Michal,SCHLEGEL,CZE,CZE0007,"Giro d'Italia, 2017",,,,,,,,,CCC SPRANDI POLKOWICE,,
José MENDES,José,MENDES,POR,POR0010,"Vuelta a España, 2018",,,,,TEAM NETAPP - ENDURA,TEAM NETAPP - ENDURA,BORA-ARGON 18,BORA-ARGON 18,BORA - HANSGROHE,BURGOS - BH,
Victor DE LA PARTE,Victor,DE LA PARTE,ESP,ESP0078,"Tirreno-Adriatico, 2016",,,,,,,,CCC SPRANDI POLKOWICE,MOVISTAR TEAM,MOVISTAR TEAM,CCC TEAM
Natnael BERHANE,Natnael,BERHANE,ERI,ERI0002,"Critérium du Dauphiné, 2013",,,,,TEAM EUROPCAR,TEAM EUROPCAR,MTN - QHUBEKA,TEAM DIMENSION DATA,TEAM DIMENSION DATA,TEAM DIMENSION DATA,"COFIDIS, SOLUTIONS CREDITS"
José GONÇALVES,José,GONÇALVES,POR,POR0011,"Vuelta a España, 2016",,,,,,,CAJA RURAL-SEGUROS RGA,CAJA RURAL-SEGUROS RGA,TEAM KATUSHA ALPECIN,TEAM KATUSHA ALPECIN,TEAM KATUSHA ALPECIN
Pello BILBAO LOPEZ DE ARMENTIA,Pello,BILBAO LOPEZ DE ARMENTIA,ESP,ESP0079,"Critérium du Dauphiné, 2013",,,EUSKALTEL-EUSKADI,EUSKALTEL - EUSKADI,EUSKALTEL EUSKADI,CAJA RURAL - SEGUROS RGA,CAJA RURAL-SEGUROS RGA,CAJA RURAL-SEGUROS RGA,ASTANA PRO TEAM,ASTANA PRO TEAM,ASTANA PRO TEAM
Jérémy ROY,Jérémy,ROY,FRA,FRA0076,"Tour de France, 2016",FRANÇAISE DES JEUX,FDJ,FDJ,FDJ-BIG MAT,FDJ.fr,FDJ.fr,FDJ,FDJ,FDJ,GROUPAMA - FDJ,
Dylan TEUNS,Dylan,TEUNS,BEL,BEL0050,"Critérium du Dauphiné, 2015",,,,,,,BMC RACING TEAM,BMC RACING TEAM,BMC RACING TEAM,BMC RACING TEAM,BAHRAIN - MERIDA
Felix GROSSSCHARTNER,Felix,GROSSSCHARTNER,AUT,AUT0011,"Tour de Suisse, 2016",,,,,,,,CCC SPRANDI POLKOWICE,CCC SPRANDI POLKOWICE,BORA - HANSGROHE,BORA - HANSGROHE
Edward RAVASI,Edward,RAVASI,ITA,ITA0162,"Critérium du Dauphiné, 2019",,,,,,,,,UAE TEAM EMIRATES,UAE TEAM EMIRATES,UAE TEAM EMIRATES
Matvey MAMYKIN,Matvey,MAMYKIN,RUS,RUS0036,"Vuelta a España, 2016",,,,,,,,TEAM KATUSHA,TEAM KATUSHA ALPECIN,,
Quentin JAUREGUI,Quentin,JAUREGUI,FRA,FRA0077,"Paris-Roubaix, 2015",,,,,,,AG2R LA MONDIALE,AG2R LA MONDIALE,AG2R LA MONDIALE,AG2R LA MONDIALE,AG2R LA MONDIALE
Hugh John CARTHY,Hugh John,CARTHY,GBR,GBR0017,"Vuelta a España, 2016",,,,,,,,CAJA RURAL-SEGUROS RGA,CANNONDALE DRAPAC PROFESSIONAL CYCLING TEAM,TEAM EF EDUCATION FIRST - DRAPAC P/B CANNONDALE,EF EDUCATION FIRST
Matthieu LADAGNOUS,Matthieu,LADAGNOUS,FRA,FRA0078,"Milano-Sanremo, 2011",FRANÇAISE DES JEUX,FDJ,FDJ,FDJ-BIG MAT,FDJ,FDJ.fr,FDJ,FDJ,FDJ,GROUPAMA - FDJ,GROUPAMA - FDJ
Jasper STUYVEN,Jasper,STUYVEN,BEL,BEL0051,"Vuelta a España, 2015",,,,,,TREK FACTORY RACING,TREK FACTORY RACING,TREK - SEGAFREDO,TREK - SEGAFREDO,TREK - SEGAFREDO,TREK - SEGAFREDO
Luka PIBERNIK,Luka,PIBERNIK,SLO,SLO0014,"Tirreno-Adriatico, 2015",,,,,,,LAMPRE - MERIDA,LAMPRE - MERIDA,BAHRAIN - MERIDA,BAHRAIN - MERIDA,BAHRAIN - MERIDA
Jan TRATNIK,Jan,TRATNIK,SLO,SLO0015,"Critérium du Dauphiné, 2011",,,QUICKSTEP CYCLING TEAM,,,,,,CCC SPRANDI POLKOWICE,,BAHRAIN - MERIDA
Daniel TEKLEHAIMANOT,Daniel,TEKLEHAIMANOT,ERI,ERI0003,"Critérium du Dauphiné, 2018",,,,ORICA GreenEDGE,ORICA GreenEDGE,MTN - QHUBEKA,MTN - QHUBEKA,TEAM DIMENSION DATA,TEAM DIMENSION DATA,"COFIDIS, SOLUTIONS CREDITS",
Lukas PÖSTLBERGER,Lukas,PÖSTLBERGER,AUT,AUT0012,"Ronde van Vlaanderen, 2016",,,,,,,,BORA-ARGON 18,BORA - HANSGROHE,BORA - HANSGROHE,BORA - HANSGROHE
Sindre Skjøstad LUNKE,Sindre Skjøstad,LUNKE,NOR,NOR0007,"Paris-Roubaix, 2018",,,,,,,,TEAM GIANT - ALPECIN,TEAM SUNWEB,TEAM FORTUNEO - SAMSIC,
Evgeny SHALUNOV,Evgeny,SHALUNOV,RUS,RUS0037,"Il Lombardia, 2016",,,,,,,,GAZPROM-RUSVELO,GAZPROM - RUSVELO,,GAZPROM - RUSVELO
Kristijan KOREN,Kristijan,KOREN,SLO,SLO0016,"Paris-Nice, 2019",,LIQUIGAS-DOIMO,LIQUIGAS-CANNONDALE,LIQUIGAS-CANNONDALE,CANNONDALE PRO CYCLING,CANNONDALE,TEAM CANNONDALE - GARMIN,CANNONDALE-DRAPAC PRO CYCLING TEAM,CANNONDALE DRAPAC PROFESSIONAL CYCLING TEAM,BAHRAIN - MERIDA,BAHRAIN - MERIDA
Fernando GAVIRIA RENDON,Fernando,GAVIRIA RENDON,COL,COL0029,"Tirreno-Adriatico, 2018",,,,,,,,ETIXX - QUICK STEP,QUICK - STEP FLOORS,QUICK - STEP FLOORS,UAE TEAM EMIRATES
Alex HOWES,Alex,HOWES,USA,USA0030,"Tour de Suisse, 2012",,,,GARMIN - BARRACUDA,GARMIN SHARP,GARMIN SHARP,TEAM CANNONDALE - GARMIN,CANNONDALE-DRAPAC PRO CYCLING TEAM,CANNONDALE DRAPAC PROFESSIONAL CYCLING TEAM,TEAM EF EDUCATION FIRST - DRAPAC P/B CANNONDALE,
Mads PEDERSEN,Mads,PEDERSEN,DEN,DEN0015,"Tirreno-Adriatico, 2019",,,,,,,,,TREK - SEGAFREDO,TREK - SEGAFREDO,TREK - SEGAFREDO
Lorenzo ROTA,Lorenzo,ROTA,ITA,ITA0163,"Il Lombardia, 2018",,,,,,,,BARDIANI CSF,BARDIANI CSF,BARDIANI CSF,BARDIANI CSF
Davide MARTINELLI,Davide,MARTINELLI,ITA,ITA0164,"Giro d'Italia, 2017",,,,,,,,,QUICK - STEP FLOORS,,
Sam BENNETT,Sam,BENNETT,IRL,IRL0004,"Tirreno-Adriatico, 2014",,,,,,TEAM NETAPP - ENDURA,BORA-ARGON 18,BORA-ARGON 18,BORA - HANSGROHE,BORA - HANSGROHE,BORA - HANSGROHE
Marcin BIALOBLOCKI,Marcin,BIALOBLOCKI,POL,POL0016,"Giro d'Italia, 2017",,,,,,,,,CCC SPRANDI POLKOWICE,,
Zhandos BIZHIGITOV,Zhandos,BIZHIGITOV,KAZ,KAZ0009,"Tirreno-Adriatico, 2019",,,,,,,,,ASTANA PRO TEAM,,ASTANA PRO TEAM
Giuseppe FONZI,Giuseppe,FONZI,ITA,ITA0165,"Ronde van Vlaanderen, 2016",,,,,,,,SOUTHEAST - VENEZUELA,WILIER TRIESTINA - SELLE ITALIA,WILIER TRIESTINA - SELLE ITALIA,
Miguel Angel LOPEZ MORENO,Miguel Angel,LOPEZ MORENO,COL,COL0030,"Tour de Suisse, 2015",,,,,,,ASTANA PRO TEAM,ASTANA PRO TEAM,ASTANA PRO TEAM,ASTANA PRO TEAM,ASTANA PRO TEAM
Richard CARAPAZ,Richard,CARAPAZ,ECU,ECU0001,"Vuelta a España, 2017",,,,,,,,,MOVISTAR TEAM,MOVISTAR TEAM,MOVISTAR TEAM
Sam OOMEN,Sam,OOMEN,NED,NED0043,"Tour de Suisse, 2016",,,,,,,,TEAM GIANT - ALPECIN,TEAM SUNWEB,TEAM SUNWEB,TEAM SUNWEB
Rohan DENNIS,Rohan,DENNIS,AUS,AUS0035,"Tirreno-Adriatico, 2019",,,,,GARMIN SHARP,BMC RACING TEAM,BMC RACING TEAM,BMC RACING TEAM,BMC RACING TEAM,BMC RACING TEAM,BAHRAIN - MERIDA
Simon Philip YATES,Simon Philip,YATES,GBR,GBR0018,"Vuelta a España, 2016",,,,,,ORICA GreenEDGE,ORICA GreenEDGE,ORICA-BIKEEXCHANGE,ORICA - SCOTT,MITCHELTON - SCOTT,MITCHELTON - SCOTT
Fausto MASNADA,Fausto,MASNADA,ITA,ITA0166,"Il Lombardia, 2017",,,,,,,,,ANDRONI - SIDERMEC - BOTTECCHIA,ANDRONI GIOCATTOLI - SIDERMEC,ANDRONI GIOCATTOLI - SIDERMEC
Maximilian SCHACHMANN,Maximilian,SCHACHMANN,GER,GER0036,"Tour de France, 2019",,,,,,,,,,QUICK - STEP FLOORS,BORA - HANSGROHE
Jack HAIG,Jack,HAIG,AUS,AUS0036,"Vuelta a España, 2017",,,,,,,,ORICA-BIKEEXCHANGE,ORICA - SCOTT,MITCHELTON - SCOTT,MITCHELTON - SCOTT
Kilian FRANKINY,Kilian,FRANKINY,SUI,SUI0020,"Critérium du Dauphiné, 2017",,,,,,,,,BMC RACING TEAM,BMC RACING TEAM,GROUPAMA - FDJ
Benjamin KING,Benjamin,KING,USA,USA0031,"Paris-Roubaix, 2011",,,TEAM RADIOSHACK,,RADIOSHACK LEOPARD,GARMIN SHARP,TEAM CANNONDALE - GARMIN,CANNONDALE-DRAPAC PRO CYCLING TEAM,TEAM DIMENSION DATA,TEAM DIMENSION DATA,TEAM DIMENSION DATA
Koen BOUWMAN,Koen,BOUWMAN,NED,NED0044,"Vuelta a España, 2017",,,,,,,,TEAM LOTTO NL - JUMBO,TEAM LOTTO NL - JUMBO,TEAM LOTTO NL - JUMBO,TEAM JUMBO - VISMA
Christoph PFINGSTEN,Christoph,PFINGSTEN,GER,GER0037,"Paris-Roubaix, 2015",,,,,,,BORA-ARGON 18,BORA-ARGON 18,BORA - HANSGROHE,BORA - HANSGROHE,BORA - HANSGROHE
Nico DENZ,Nico,DENZ,GER,GER0038,"Paris-Roubaix, 2016",,,,,,,,AG2R LA MONDIALE,AG2R LA MONDIALE,AG2R LA MONDIALE,AG2R LA MONDIALE
Davide BALLERINI,Davide,BALLERINI,ITA,ITA0167,"Tirreno-Adriatico, 2019",,,,,,,,,ANDRONI GIOCATTOLI,ANDRONI GIOCATTOLI - SIDERMEC,ASTANA PRO TEAM
Krists NEILANDS,Krists,NEILANDS,LAT,LAT0003,"Giro d'Italia, 2019",,,,,,,,,,ISRAEL CYCLING ACADEMY,ISRAEL CYCLING ACADEMY
Zdeněk ŠTYBAR,Zdeněk,ŠTYBAR,CZE,CZE0008,"Tour de Suisse, 2011",,,QUICKSTEP CYCLING TEAM,OMEGA PHARMA-QUICKSTEP,OMEGA PHARMA - QUICK-STEP CYCLING TEAM,OMEGA PHARMA - QUICK-STEP CYCLING TEAM,ETIXX - QUICK STEP,ETIXX - QUICK STEP,QUICK - STEP FLOORS,QUICK - STEP FLOORS,DECEUNINCK  -  QUICK - STEP
Mads SCHMIDT WÜRTZ,Mads,SCHMIDT WÜRTZ,DEN,DEN0016,"Paris-Roubaix, 2017",,,,,,,,,TEAM KATUSHA ALPECIN,TEAM KATUSHA ALPECIN,TEAM KATUSHA ALPECIN
Ryan GIBBONS,Ryan,GIBBONS,RSA,RSA0009,"Giro d'Italia, 2017",,,,,,,,,TEAM DIMENSION DATA,TEAM DIMENSION DATA,TEAM DIMENSION DATA
Alex TURRIN,Alex,TURRIN,ITA,ITA0168,"Il Lombardia, 2017",,,,,,,,,WILIER TRIESTINA - SELLE ITALIA,WILIER TRIESTINA - SELLE ITALIA,
Alexey LUTSENKO,Alexey,LUTSENKO,KAZ,KAZ0010,"Tirreno-Adriatico, 2015",,,,,ASTANA PRO TEAM,ASTANA PRO TEAM,ASTANA PRO TEAM,ASTANA PRO TEAM,ASTANA PRO TEAM,ASTANA PRO TEAM,ASTANA PRO TEAM
Andrea VENDRAME,Andrea,VENDRAME,ITA,ITA0169,"Il Lombardia, 2017",,,,,,,,,ANDRONI - SIDERMEC - BOTTECCHIA,ANDRONI GIOCATTOLI - SIDERMEC,ANDRONI GIOCATTOLI - SIDERMEC
Antonio PEDRERO,Antonio,PEDRERO,ESP,ESP0080,"Critérium du Dauphiné, 2016",,,,,,,,MOVISTAR TEAM,MOVISTAR TEAM,MOVISTAR TEAM,MOVISTAR TEAM
Niklas EG,Niklas,EG,DEN,DEN0017,"Vuelta a España, 2019",,,,,,,,,,TREK - SEGAFREDO,TREK - SEGAFREDO
Eduardo SEPULVEDA,Eduardo,SEPULVEDA,ARG,ARG0004,"Paris-Nice, 2014",,,,,BRETAGNE - SECHE ENVIRONNEMENT,BRETAGNE - SECHE ENVIRONNEMENT,BRETAGNE-SECHE ENVIRONNEMENT,FORTUNEO - VITAL CONCEPT,FORTUNEO - OSCARO,MOVISTAR TEAM,MOVISTAR TEAM
Jacopo MOSCA,Jacopo,MOSCA,ITA,ITA0170,"Milano-Sanremo, 2017",,,,,,,,,WILIER TRIESTINA - SELLE ITALIA,WILIER TRIESTINA - SELLE ITALIA,TREK - SEGAFREDO
Antonio NIBALI,Antonio,NIBALI,ITA,ITA0171,"Vuelta a España, 2017",,,,,,,,,BAHRAIN - MERIDA,BAHRAIN - MERIDA,BAHRAIN - MERIDA
Domen NOVAK,Domen,NOVAK,SLO,SLO0017,"Vuelta a España, 2019",,,,,,,,,BAHRAIN - MERIDA,BAHRAIN - MERIDA,BAHRAIN - MERIDA
Christopher HAMILTON,Christopher,HAMILTON,AUS,AUS0037,"Vuelta a España, 2017",,,,,,,,,TEAM SUNWEB,TEAM SUNWEB,TEAM SUNWEB
Clement VENTURINI,Clement,VENTURINI,FRA,FRA0079,"Paris-Roubaix, 2015",,,,,,,"COFIDIS, SOLUTIONS CREDITS",,,AG2R LA MONDIALE,AG2R LA MONDIALE
Tony MARTIN,Tony,MARTIN,GER,GER0039,"Tirreno-Adriatico, 2019",TEAM COLUMBIA - HTC,TEAM HTC - COLUMBIA,HTC-HIGHROAD,OMEGA PHARMA-QUICKSTEP,OMEGA PHARMA - QUICK-STEP CYCLING TEAM,OMEGA PHARMA - QUICK-STEP CYCLING TEAM,ETIXX - QUICK STEP,ETIXX - QUICK STEP,TEAM KATUSHA ALPECIN,TEAM KATUSHA ALPECIN,TEAM JUMBO - VISMA
Niccolò BONIFAZIO,Niccolò,BONIFAZIO,ITA,ITA0172,"Paris-Roubaix, 2014",,,,,,LAMPRE-MERIDA,LAMPRE - MERIDA,TREK - SEGAFREDO,BAHRAIN - MERIDA,BAHRAIN - MERIDA,TOTAL DIRECT ENERGIE
Rémi CAVAGNA,Rémi,CAVAGNA,FRA,FRA0080,"Vuelta a España, 2019",,,,,,,,,,QUICK - STEP FLOORS,DECEUNINCK  -  QUICK - STEP
Baptiste PLANCKAERT,Baptiste,PLANCKAERT,BEL,BEL0052,"Ronde van Vlaanderen, 2013",,,,LANDBOUWKREDIET - EUPHONY,CRELAN - EUPHONY,,,,TEAM KATUSHA ALPECIN,TEAM KATUSHA ALPECIN,WALLONIE BRUXELLES
Guillaume BOIVIN,Guillaume,BOIVIN,CAN,CAN0008,"Tour de Suisse, 2012",,,,SPIDERTECH POWERED BY C10,CANNONDALE PRO CYCLING,CANNONDALE,,,,ISRAEL CYCLING ACADEMY,ISRAEL CYCLING ACADEMY
Jean-Pierre DRUCKER,Jean-Pierre,DRUCKER,LUX,LUX0005,"Ronde van Vlaanderen, 2011",,,VERANDA'S WILLEMS - ACCENT,,ACCENT JOBS - WANTY,WANTY - GROUPE GOBERT,BMC RACING TEAM,BMC RACING TEAM,BMC RACING TEAM,BMC RACING TEAM,BORA - HANSGROHE
Danny VAN POPPEL,Danny,VAN POPPEL,NED,NED0045,"Tour de Suisse, 2019",,,,,VACANSOLEIL-DCM PRO CYCLING TEAM,TREK FACTORY RACING,TREK FACTORY RACING,TEAM SKY,TEAM SKY,TEAM LOTTO NL - JUMBO,TEAM JUMBO - VISMA
Gijs VAN HOECKE,Gijs,VAN HOECKE,BEL,BEL0053,"Ronde van Vlaanderen, 2016",,,,,,,,,TEAM LOTTO NL - JUMBO,TEAM LOTTO NL - JUMBO,CCC TEAM
Zakkari DEMPSTER,Zakkari,DEMPSTER,AUS,AUS0038,"Paris-Roubaix, 2016",,,,,TEAM NETAPP - ENDURA,TEAM NETAPP - ENDURA,BORA-ARGON 18,BORA-ARGON 18,,ISRAEL CYCLING ACADEMY,
Roy CURVERS,Roy,CURVERS,NED,NED0046,"Ronde van Vlaanderen, 2009",SKIL-SHIMANO,SKIL - SHIMANO,SKIL - SHIMANO,TEAM ARGOS - SHIMANO,TEAM ARGOS-SHIMANO,TEAM GIANT-SHIMANO,TEAM GIANT - ALPECIN,TEAM GIANT - ALPECIN,TEAM SUNWEB,TEAM SUNWEB,TEAM SUNWEB
Tom VAN ASBROECK,Tom,VAN ASBROECK,BEL,BEL0054,"Ronde van Vlaanderen, 2014",,,,,,,TEAM LOTTO NL - JUMBO,TEAM LOTTO NL - JUMBO,CANNONDALE DRAPAC PROFESSIONAL CYCLING TEAM,TEAM EF EDUCATION FIRST - DRAPAC P/B CANNONDALE,ISRAEL CYCLING ACADEMY
Markel IRIZAR ARAMBURU,Markel,IRIZAR ARAMBURU,ESP,ESP0081,"Critérium du Dauphiné, 2010",EUSKALTEL - EUSKADI,TEAM RADIOSHACK,TEAM RADIOSHACK,RADIOSHACK-NISSAN,RADIOSHACK LEOPARD,TREK FACTORY RACING,TREK FACTORY RACING,TREK - SEGAFREDO,TREK - SEGAFREDO,TREK - SEGAFREDO,TREK - SEGAFREDO
Florian SENECHAL,Florian,SENECHAL,FRA,FRA0081,"Paris-Roubaix, 2014",,,,,,"COFIDIS, SOLUTIONS CREDITS","COFIDIS, SOLUTIONS CREDITS","COFIDIS, SOLUTIONS CREDITS","COFIDIS, SOLUTIONS CREDITS",QUICK - STEP FLOORS,DECEUNINCK  -  QUICK - STEP
Jens DEBUSSCHERE,Jens,DEBUSSCHERE,BEL,BEL0055,"Paris-Roubaix, 2011",,,OMEGA PHARMA-LOTTO,LOTTO BELISOL TEAM,LOTTO BELISOL,LOTTO BELISOL,LOTTO SOUDAL,LOTTO SOUDAL,LOTTO SOUDAL,LOTTO SOUDAL,TEAM KATUSHA ALPECIN
Ryan MULLEN,Ryan,MULLEN,IRL,IRL0005,"Paris-Roubaix, 2019",,,,,,,,CANNONDALE PRO CYCLING TEAM,CANNONDALE DRAPAC PROFESSIONAL CYCLING TEAM,TREK - SEGAFREDO,TREK - SEGAFREDO
Guy SAGIV,Guy,SAGIV,ISR,ISR0001,"Milano-Sanremo, 2019",,,,,,,,,,ISRAEL CYCLING ACADEMY,ISRAEL CYCLING ACADEMY
Frederik FRISON,Frederik,FRISON,BEL,BEL0056,"Paris-Roubaix, 2019",,,,,,,,LOTTO SOUDAL,,LOTTO SOUDAL,LOTTO SOUDAL
Lennard HOFSTEDE,Lennard,HOFSTEDE,NED,NED0047,"Critérium du Dauphiné, 2017",,,,,,,,,TEAM SUNWEB,TEAM SUNWEB,TEAM JUMBO - VISMA
Pavel SIVAKOV,Pavel,SIVAKOV,RUS,RUS0038,"Tour de Suisse, 2018",,,,,,,,,,TEAM SKY,TEAM INEOS
Valentin MADOUAS,Valentin,MADOUAS,FRA,FRA0082,"Liège-Bastogne-Liège, 2018",,,,,,,,,,GROUPAMA - FDJ,GROUPAMA - FDJ
Edward DUNBAR,Edward,DUNBAR,IRL,IRL0006,"Tour de Suisse, 2018",,,,,,,,,,AQUA BLUE SPORT,TEAM INEOS
Lucas HAMILTON,Lucas,HAMILTON,AUS,AUS0039,"Critérium du Dauphiné, 2018",,,,,,,,,,MITCHELTON - SCOTT,MITCHELTON - SCOTT
Ben O'CONNOR,Ben,O'CONNOR,AUS,AUS0040,"Giro d'Italia, 2018",,,,,,,,,TEAM DIMENSION DATA,TEAM DIMENSION DATA,TEAM DIMENSION DATA
Jai HINDLEY,Jai,HINDLEY,AUS,AUS0041,"Vuelta a España, 2018",,,,,,,,,,TEAM SUNWEB,TEAM SUNWEB
Ivan Ramiro SOSA CUERVO,Ivan Ramiro,SOSA CUERVO,COL,COL0031,"Il Lombardia, 2018",,,,,,,,,,ANDRONI GIOCATTOLI - SIDERMEC,TEAM INEOS
Amanuel GEBREIGZABHIER,Amanuel,GEBREIGZABHIER,ERI,ERI0004,"Vuelta a España, 2018",,,,,,,,,,TEAM DIMENSION DATA,TEAM DIMENSION DATA
Amaro ANTUNES,Amaro,ANTUNES,POR,POR0012,"Giro d'Italia, 2019",,,,,,,,,,,CCC TEAM
Sepp KUSS,Sepp,KUSS,USA,USA0032,"Vuelta a España, 2018",,,,,,,,,,TEAM LOTTO NL - JUMBO,TEAM JUMBO - VISMA
Giovanni CARBONI,Giovanni,CARBONI,ITA,ITA0173,"Il Lombardia, 2018",,,,,,,,,,BARDIANI CSF,BARDIANI CSF
Nans PETERS,Nans,PETERS,FRA,FRA0083,"Vuelta a España, 2018",,,,,,,,,,AG2R LA MONDIALE,AG2R LA MONDIALE
Nicola CONCI,Nicola,CONCI,ITA,ITA0174,"Vuelta a España, 2018",,,,,,,,,,TREK - SEGAFREDO,TREK - SEGAFREDO
Antwan TOLHOEK,Antwan,TOLHOEK,NED,NED0048,"Tour de Suisse, 2016",,,,,,,,ROOMPOT - ORANJE PELOTON,TEAM LOTTO NL - JUMBO,TEAM LOTTO NL - JUMBO,TEAM JUMBO - VISMA
Miguel Eduardo FLOREZ LOPEZ,Miguel Eduardo,FLOREZ LOPEZ,COL,COL0032,"Il Lombardia, 2018",,,,,,,,,WILIER TRIESTINA - SELLE ITALIA,WILIER TRIESTINA - SELLE ITALIA,ANDRONI GIOCATTOLI - SIDERMEC
Jhonatan Manuel NARVAEZ PRADO,Jhonatan Manuel,NARVAEZ PRADO,ECU,ECU0002,"Giro d'Italia, 2019",,,,,,,,,,,TEAM INEOS
Luca COVILI,Luca,COVILI,ITA,ITA0175,"Giro d'Italia, 2019",,,,,,,,,,,BARDIANI CSF
Hector CARRETERO,Hector,CARRETERO,ESP,ESP0082,"Il Lombardia, 2017",,,,,,,,,MOVISTAR TEAM,MOVISTAR TEAM,MOVISTAR TEAM
Michael GOGL,Michael,GOGL,AUT,AUT0013,"Vuelta a España, 2016",,,,,,,,TINKOFF,TREK - SEGAFREDO,TREK - SEGAFREDO,TREK - SEGAFREDO
Andrea GAROSIO,Andrea,GAROSIO,ITA,ITA0176,"Giro d'Italia, 2019",,,,,,,,,,,BAHRAIN - MERIDA
Mikkel Frølich HONORÉ,Mikkel Frølich,HONORÉ,DEN,DEN0018,"Giro d'Italia, 2019",,,,,,,,,,,DECEUNINCK  -  QUICK - STEP
Sean BENNETT,Sean,BENNETT,USA,USA0033,"Giro d'Italia, 2019",,,,,,,,,,,EF EDUCATION FIRST
Jonathan CAICEDO,Jonathan,CAICEDO,ECU,ECU0003,"Giro d'Italia, 2019",,,,,,,,,,,EF EDUCATION FIRST
Victor CAMPENAERTS,Victor,CAMPENAERTS,BEL,BEL0057,"Liège-Bastogne-Liège, 2014",,,,,,,,TEAM LOTTO NL - JUMBO,TEAM LOTTO NL - JUMBO,LOTTO SOUDAL,LOTTO SOUDAL
Guy NIV,Guy,NIV,ISR,ISR0002,"Giro d'Italia, 2018",,,,,,,,,,ISRAEL CYCLING ACADEMY,ISRAEL CYCLING ACADEMY
Michael SCHWARZMANN,Michael,SCHWARZMANN,GER,GER0040,"Paris-Roubaix, 2015",,,,TEAM NETAPP,,TEAM NETAPP - ENDURA,BORA-ARGON 18,BORA-ARGON 18,BORA - HANSGROHE,BORA - HANSGROHE,BORA - HANSGROHE
Josef ČERNÝ,Josef,ČERNÝ,CZE,CZE0009,"Ronde van Vlaanderen, 2016",,,,,,,,CCC SPRANDI POLKOWICE,,,CCC TEAM
Marco HALLER,Marco,HALLER,AUT,AUT0014,"Paris-Roubaix, 2013",,,,KATUSHA TEAM,KATUSHA,TEAM KATUSHA,TEAM KATUSHA,TEAM KATUSHA,TEAM KATUSHA ALPECIN,TEAM KATUSHA ALPECIN,TEAM KATUSHA ALPECIN
Jenthe BIERMANS,Jenthe,BIERMANS,BEL,BEL0058,"Paris-Roubaix, 2018",,,,,,,,,TEAM KATUSHA ALPECIN,TEAM KATUSHA ALPECIN,TEAM KATUSHA ALPECIN
Scott DAVIES,Scott,DAVIES,GBR,GBR0019,"Tour de Suisse, 2018",,,,,,,,,,TEAM DIMENSION DATA,TEAM DIMENSION DATA
Dmitrii STRAKHOV,Dmitrii,STRAKHOV,RUS,RUS0039,"Giro d'Italia, 2019",,,,,,,,,,,TEAM KATUSHA ALPECIN
Pascal ACKERMANN,Pascal,ACKERMANN,GER,GER0041,"Critérium du Dauphiné, 2018",,,,,,,,,BORA - HANSGROHE,BORA - HANSGROHE,BORA - HANSGROHE
Luis Guillermo MAS BONET,Luis Guillermo,MAS BONET,ESP,ESP0083,"Vuelta a España, 2018",,,,,,CAJA RURAL - SEGUROS RGA,CAJA RURAL-SEGUROS RGA,CAJA RURAL-SEGUROS RGA,CAJA RURAL - SEGUROS RGA,CAJA RURAL - SEGUROS RGA,MOVISTAR TEAM
Rüdiger SELIG,Rüdiger,SELIG,GER,GER0042,"Paris-Roubaix, 2015",,,,KATUSHA TEAM,KATUSHA,TEAM KATUSHA,TEAM KATUSHA,BORA-ARGON 18,BORA - HANSGROHE,BORA - HANSGROHE,BORA - HANSGROHE
Awet ANDEMESKEL,Awet,ANDEMESKEL,ERI,ERI0005,"Il Lombardia, 2018",,,,,,,,,,ISRAEL CYCLING ACADEMY,ISRAEL CYCLING ACADEMY
Kamil GRADEK,Kamil,GRADEK,POL,POL0017,"Tour de Suisse, 2016",,,,,,,,VERVA ACTIVEJET PRO CYCLING TEAM,,,CCC TEAM
Davide CIMOLAI,Davide,CIMOLAI,ITA,ITA0177,"Paris-Roubaix, 2011",,,LIQUIGAS-CANNONDALE,LAMPRE - ISD,LAMPRE-MERIDA,LAMPRE-MERIDA,LAMPRE - MERIDA,LAMPRE - MERIDA,FDJ,GROUPAMA - FDJ,ISRAEL CYCLING ACADEMY
Simone CONSONNI,Simone,CONSONNI,ITA,ITA0178,"Tour de Suisse, 2017",,,,,,,,,UAE TEAM EMIRATES,UAE TEAM EMIRATES,UAE TEAM EMIRATES
Jacopo GUARNIERI,Jacopo,GUARNIERI,ITA,ITA0179,"Paris-Roubaix, 2009",LIQUIGAS,LIQUIGAS-DOIMO,LIQUIGAS-CANNONDALE,ASTANA PRO TEAM,ASTANA PRO TEAM,ASTANA PRO TEAM,TEAM KATUSHA,TEAM KATUSHA,FDJ,GROUPAMA - FDJ,GROUPAMA - FDJ
Ramon SINKELDAM,Ramon,SINKELDAM,NED,NED0049,"Paris-Roubaix, 2012",,,,TEAM ARGOS - SHIMANO,TEAM ARGOS-SHIMANO,TEAM GIANT-SHIMANO,TEAM GIANT - ALPECIN,TEAM GIANT - ALPECIN,TEAM SUNWEB,GROUPAMA - FDJ,GROUPAMA - FDJ
Conor DUNNE,Conor,DUNNE,IRL,IRL0007,"Vuelta a España, 2017",,,,,,,,,AQUA BLUE SPORT,,ISRAEL CYCLING ACADEMY
Damiano CIMA,Damiano,CIMA,ITA,ITA0180,"Milano-Sanremo, 2018",,,,,,,,,,NIPPO - VINI FANTINI - EUROPA OVINI,NIPPO - VINI FANTINI - FAIZANE'
Miles SCOTSON,Miles,SCOTSON,AUS,AUS0042,"Milano-Sanremo, 2017",,,,,,,,,BMC RACING TEAM,,GROUPAMA - FDJ
Tom BOHLI,Tom,BOHLI,SUI,SUI0021,"Critérium du Dauphiné, 2018",,,,,,,,,,BMC RACING TEAM,UAE TEAM EMIRATES
William CLARKE,William,CLARKE,AUS,AUS0043,"Tour de Suisse, 2018",,,,,TEAM ARGOS-SHIMANO,,,,CANNONDALE DRAPAC PROFESSIONAL CYCLING TEAM,TEAM EF EDUCATION FIRST - DRAPAC P/B CANNONDALE,TREK - SEGAFREDO
Sho HATSUYAMA,Sho,HATSUYAMA,JPN,JPN0005,"Tirreno-Adriatico, 2018",,,,,,,,,,NIPPO - VINI FANTINI - EUROPA OVINI,NIPPO - VINI FANTINI - FAIZANE'
Andy SCHLECK,Andy,SCHLECK,LUX,LUX0006,"Critérium du Dauphiné, 2012",TEAM SAXO BANK,TEAM SAXO BANK,LEOPARD TREK,RADIOSHACK-NISSAN,RADIOSHACK LEOPARD,TREK FACTORY RACING,,,,,
Andreas KLÖDEN,Andreas,KLÖDEN,GER,GER0043,"Tour de France, 2013",ASTANA,TEAM RADIOSHACK,TEAM RADIOSHACK,RADIOSHACK-NISSAN,RADIOSHACK LEOPARD,,,,,,
Stephane GOUBERT,Stephane,GOUBERT,FRA,FRA0084,"Tour de France, 2009",AG2R LA MONDIALE,,,,,,,,,,
Alexandre BOTCHAROV,Alexandre,BOTCHAROV,RUS,RUS0040,"Paris-Nice, 2010",TEAM KATUSHA,TEAM KATUSHA,,,,,,,,,
George HINCAPIE,George,HINCAPIE,USA,USA0034,"Tour de France, 2012",TEAM COLUMBIA - HTC,BMC RACING TEAM,BMC RACING TEAM,BMC RACING TEAM,,,,,,,
Haimar ZUBELDIA AGIRRE,Haimar,ZUBELDIA AGIRRE,ESP,ESP0084,"Critérium du Dauphiné, 2010",ASTANA,TEAM RADIOSHACK,TEAM RADIOSHACK,RADIOSHACK-NISSAN,RADIOSHACK LEOPARD,TREK FACTORY RACING,TREK FACTORY RACING,TREK - SEGAFREDO,TREK - SEGAFREDO,,
Christophe MOREAU,Christophe,MOREAU,FRA,FRA0085,"Tour de France, 2010",AGRITUBEL,CAISSE D'EPARGNE,,,,,,,,,
Peter VELITS,Peter,VELITS,SVK,SVK0002,"Paris-Nice, 2016",TEAM MILRAM,TEAM HTC - COLUMBIA,HTC-HIGHROAD,OMEGA PHARMA-QUICKSTEP,OMEGA PHARMA - QUICK-STEP CYCLING TEAM,BMC RACING TEAM,BMC RACING TEAM,BMC RACING TEAM,,,
Sébastien MINARD,Sébastien,MINARD,FRA,FRA0086,"Vuelta a España, 2016","COFIDIS, LE CREDIT EN LIGNE","COFIDIS, LE CREDIT EN LIGNE",AG2R LA MONDIALE,AG2R LA MONDIALE,AG2R LA MONDIALE,AG2R LA MONDIALE,AG2R LA MONDIALE,AG2R LA MONDIALE,,,
Sergei IVANOV,Sergei,IVANOV,RUS,RUS0041,"Critérium du Dauphiné, 2011",TEAM KATUSHA,TEAM KATUSHA,KATUSHA TEAM,,,,,,,,
Laurent LEFEVRE,Laurent,LEFEVRE,FRA,FRA0087,"Critérium du Dauphiné, 2010",BBOX BOUYGUES TELECOM,BBOX BOUYGUES TELECOM,,,,,,,,,
Rémi PAURIOL,Rémi,PAURIOL,FRA,FRA0088,"Paris-Nice, 2013","COFIDIS, LE CREDIT EN LIGNE","COFIDIS, LE CREDIT EN LIGNE",FDJ,FDJ-BIG MAT,SOJASUN,,,,,,
Sylvain CALZATI,Sylvain,CALZATI,FRA,FRA0089,"Paris-Nice, 2011",AGRITUBEL,SKY PROFESSIONAL CYCLING TEAM,BRETAGNE - SCHULLER,,,,,,,,
Pierrick FEDRIGO,Pierrick,FEDRIGO,FRA,FRA0090,"Paris-Nice, 2016",BBOX BOUYGUES TELECOM,BBOX BOUYGUES TELECOM,FDJ,FDJ-BIG MAT,FDJ.fr,FDJ.fr,BRETAGNE-SECHE ENVIRONNEMENT,FORTUNEO - VITAL CONCEPT,,,
Kim KIRCHEN,Kim,KIRCHEN,LUX,LUX0007,"Tirreno-Adriatico, 2010",TEAM COLUMBIA - HTC,TEAM KATUSHA,,,,,,,,,
Geoffroy LEQUATRE,Geoffroy,LEQUATRE,FRA,FRA0091,"Critérium du Dauphiné, 2010",AGRITUBEL,TEAM RADIOSHACK,TEAM RADIOSHACK,,,,,,,,
Nicolas VOGONDY,Nicolas,VOGONDY,FRA,FRA0092,"Liège-Bastogne-Liège, 2013",AGRITUBEL,BBOX BOUYGUES TELECOM,"COFIDIS, LE CREDIT EN LIGNE","COFIDIS, LE CREDIT EN LIGNE",ACCENT JOBS - WANTY,,,,,,
Jose Ivan GUTIERREZ,Jose Ivan,GUTIERREZ,ESP,ESP0085,"Critérium du Dauphiné, 2014",CAISSE D'EPARGNE,CAISSE D'EPARGNE,MOVISTAR TEAM,MOVISTAR TEAM,MOVISTAR TEAM,MOVISTAR TEAM,,,,,
Ruben PEREZ MORENO,Ruben,PEREZ MORENO,ESP,ESP0086,"Tour de France, 2013",EUSKALTEL - EUSKADI,EUSKALTEL - EUSKADI,EUSKALTEL-EUSKADI,EUSKALTEL - EUSKADI,EUSKALTEL EUSKADI,,,,,,
Joost POSTHUMA,Joost,POSTHUMA,NED,NED0050,"Paris-Nice, 2012",RABOBANK,RABOBANK,LEOPARD TREK,RADIOSHACK-NISSAN,,,,,,,
Christophe CARON,Christophe,CARON,FRA,FRA0093,"Tour de Suisse, 2014","COFIDIS, LE CREDIT EN LIGNE","COFIDIS, LE CREDIT EN LIGNE",TEAM EUROPCAR,TEAM EUROPCAR,,TEAM EUROPCAR,,,,,
Johannes FRÖHLINGER,Johannes,FRÖHLINGER,GER,GER0044,"Critérium du Dauphiné, 2019",TEAM MILRAM,TEAM MILRAM,SKIL - SHIMANO,TEAM ARGOS - SHIMANO,TEAM ARGOS-SHIMANO,TEAM GIANT-SHIMANO,TEAM GIANT - ALPECIN,TEAM GIANT - ALPECIN,TEAM SUNWEB,TEAM SUNWEB,TEAM SUNWEB
Jose Luis ARRIETA LUJAMBIO,Jose Luis,ARRIETA LUJAMBIO,ESP,ESP0087,"Vuelta a España, 2010",AG2R LA MONDIALE,AG2R LA MONDIALE,,,,,,,,,
Christophe RIBLON,Christophe,RIBLON,FRA,FRA0094,"Vuelta a España, 2016",AG2R LA MONDIALE,AG2R LA MONDIALE,AG2R LA MONDIALE,AG2R LA MONDIALE,AG2R LA MONDIALE,AG2R LA MONDIALE,AG2R LA MONDIALE,AG2R LA MONDIALE,,,
Stijn DEVOLDER,Stijn,DEVOLDER,BEL,BEL0059,"Ronde van Vlaanderen, 2019",QUICK STEP,QUICK STEP,VACANSOLEIL-DCM PRO CYCLING TEAM,VACANSOLEIL-DCM PRO CYCLING TEAM,RADIOSHACK LEOPARD,TREK FACTORY RACING,TREK FACTORY RACING,TREK - SEGAFREDO,VERANDA'S WILLEMS - CRELAN,VERANDA'S WILLEMS - CRELAN,CORENDON - CIRCUS
Greg VAN AVERMAET,Greg,VAN AVERMAET,BEL,BEL0060,"Tirreno-Adriatico, 2013",SILENCE-LOTTO,OMEGA PHARMA-LOTTO,BMC RACING TEAM,BMC RACING TEAM,BMC RACING TEAM,BMC RACING TEAM,BMC RACING TEAM,BMC RACING TEAM,BMC RACING TEAM,BMC RACING TEAM,CCC TEAM
Thierry HUPOND,Thierry,HUPOND,FRA,FRA0095,"Liège-Bastogne-Liège, 2011",SKIL-SHIMANO,SKIL - SHIMANO,SKIL - SHIMANO,TEAM ARGOS - SHIMANO,TEAM ARGOS-SHIMANO,TEAM GIANT-SHIMANO,TEAM GIANT - ALPECIN,DELKO MARSEILLE PROVENCE KTM,DELKO MARSEILLE PROVENCE KTM,,
Johan VANSUMMEREN,Johan,VANSUMMEREN,BEL,BEL0061,"Vuelta a España, 2013",SILENCE-LOTTO,GARMIN - TRANSITIONS,TEAM GARMIN-CERVELO,GARMIN - SHARP,GARMIN SHARP,GARMIN SHARP,AG2R LA MONDIALE,,,,
Stijn VANDENBERGH,Stijn,VANDENBERGH,BEL,BEL0062,"Paris-Nice, 2019",TEAM KATUSHA,TEAM KATUSHA,,OMEGA PHARMA-QUICKSTEP,OMEGA PHARMA - QUICK-STEP CYCLING TEAM,OMEGA PHARMA - QUICK-STEP CYCLING TEAM,ETIXX - QUICK STEP,ETIXX - QUICK STEP,AG2R LA MONDIALE,AG2R LA MONDIALE,AG2R LA MONDIALE
Heinrich HAUSSLER,Heinrich,HAUSSLER,GER,GER0045,"Paris-Nice, 2010",CERVELO TEST TEAM,CERVELO TEST TEAM,,,,,,,,,
Martijn MAASKANT,Martijn,MAASKANT,NED,NED0051,"Paris-Roubaix, 2013",GARMIN - SLIPSTREAM,GARMIN - TRANSITIONS,TEAM GARMIN-CERVELO,GARMIN - SHARP,GARMIN SHARP,UNITEDHEALTHCARE PROFESSIONAL CYCLING TEAM,,,,,
Oscar FREIRE GOMEZ,Oscar,FREIRE GOMEZ,ESP,ESP0088,"Vuelta a España, 2011",RABOBANK,RABOBANK,RABOBANK CYCLING TEAM,KATUSHA TEAM,,,,,,,
Bingen FERNANDEZ BUSTINZA,Bingen,FERNANDEZ BUSTINZA,ESP,ESP0089,"Tour de France, 2009","COFIDIS, LE CREDIT EN LIGNE",,,,,,,,,,
Arnaud COYOT,Arnaud,COYOT,FRA,FRA0096,"Tirreno-Adriatico, 2010",CAISSE D'EPARGNE,CAISSE D'EPARGNE,SAUR - SOJASUN,,,,,,,,
Brian VANDBORG,Brian,VANDBORG,DEN,DEN0019,"Tour de Suisse, 2012",LIQUIGAS,LIQUIGAS-DOIMO,SAXO BANK SUNGARD,SPIDERTECH POWERED BY C10,CANNONDALE PRO CYCLING,,,,,,
Alexandre PICHOT,Alexandre,PICHOT,FRA,FRA0097,"Paris-Roubaix, 2019",BBOX BOUYGUES TELECOM,BBOX BOUYGUES TELECOM,TEAM EUROPCAR,TEAM EUROPCAR,TEAM EUROPCAR,TEAM EUROPCAR,,DIRECT ENERGIE,DIRECT ENERGIE,DIRECT ENERGIE,TOTAL DIRECT ENERGIE
Anthony GESLIN,Anthony,GESLIN,FRA,FRA0098,"Liège-Bastogne-Liège, 2011",FRANÇAISE DES JEUX,FDJ,FDJ,FDJ-BIG MAT,FDJ,FDJ.fr,,,,,
Nikolay TRUSOV,Nikolay,TRUSOV,RUS,RUS0042,"Paris-Roubaix, 2016",TEAM KATUSHA,TEAM KATUSHA,KATUSHA TEAM,,,TINKOFF-SAXO,TINKOFF - SAXO,TINKOFF,GAZPROM - RUSVELO,,
Staf SCHEIRLINCKX,Staf,SCHEIRLINCKX,BEL,BEL0063,"Liège-Bastogne-Liège, 2013",SILENCE-LOTTO,OMEGA PHARMA-LOTTO,VERANDA'S WILLEMS - ACCENT,ACCENT JOBS - WILLEMS VERANDA'S,ACCENT JOBS - WANTY,,,,,,
Stuart O'GRADY,Stuart,O'GRADY,AUS,AUS0044,"Tour de France, 2013",TEAM SAXO BANK,TEAM SAXO BANK,LEOPARD TREK,ORICA GreenEDGE,ORICA GreenEDGE,,,,,,
Lloyd MONDORY,Lloyd,MONDORY,FRA,FRA0099,"Vuelta a España, 2014",AG2R LA MONDIALE,AG2R LA MONDIALE,AG2R LA MONDIALE,AG2R LA MONDIALE,AG2R LA MONDIALE,AG2R LA MONDIALE,,,,,
Bert GRABSCH,Bert,GRABSCH,GER,GER0046,"Tour de Suisse, 2013",TEAM COLUMBIA - HTC,TEAM HTC - COLUMBIA,HTC-HIGHROAD,OMEGA PHARMA-QUICKSTEP,OMEGA PHARMA - QUICK-STEP CYCLING TEAM,,,,,,
Stéphane AUGE,Stéphane,AUGE,FRA,FRA0100,"Tour de France, 2010","COFIDIS, LE CREDIT EN LIGNE","COFIDIS, LE CREDIT EN LIGNE",,,,,,,,,
Gregory RAST,Gregory,RAST,SUI,SUI0022,"Tirreno-Adriatico, 2011",ASTANA,TEAM RADIOSHACK,TEAM RADIOSHACK,RADIOSHACK-NISSAN,RADIOSHACK LEOPARD,TREK FACTORY RACING,TREK FACTORY RACING,TREK - SEGAFREDO,TREK - SEGAFREDO,TREK - SEGAFREDO,
Samuel DUMOULIN,Samuel,DUMOULIN,FRA,FRA0101,"Critérium du Dauphiné, 2017","COFIDIS, LE CREDIT EN LIGNE","COFIDIS, LE CREDIT EN LIGNE","COFIDIS, LE CREDIT EN LIGNE","COFIDIS, LE CREDIT EN LIGNE",AG2R LA MONDIALE,AG2R LA MONDIALE,AG2R LA MONDIALE,AG2R LA MONDIALE,AG2R LA MONDIALE,,
Cyril LEMOINE,Cyril,LEMOINE,FRA,FRA0102,"Paris-Nice, 2018",SKIL-SHIMANO,SAUR - SOJASUN,SAUR - SOJASUN,SAUR - SOJASUN,SOJASUN,"COFIDIS, SOLUTIONS CREDITS","COFIDIS, SOLUTIONS CREDITS","COFIDIS, SOLUTIONS CREDITS","COFIDIS, SOLUTIONS CREDITS","COFIDIS, SOLUTIONS CREDITS","COFIDIS, SOLUTIONS CREDITS"
Marcin SAPA,Marcin,SAPA,POL,POL0018,"Paris-Roubaix, 2010",LAMPRE - N.G.C,LAMPRE-FARNESE VINI,,,,,,,,,
Dmitriy MURAVYEV,Dmitriy,MURAVYEV,KAZ,KAZ0011,"Tirreno-Adriatico, 2012",ASTANA,TEAM RADIOSHACK,TEAM RADIOSHACK,ASTANA PRO TEAM,ASTANA PRO TEAM,,,,,,
Niki TERPSTRA,Niki,TERPSTRA,NED,NED0052,"Paris-Nice, 2019",TEAM MILRAM,TEAM MILRAM,QUICKSTEP CYCLING TEAM,OMEGA PHARMA-QUICKSTEP,OMEGA PHARMA - QUICK-STEP CYCLING TEAM,OMEGA PHARMA - QUICK-STEP CYCLING TEAM,ETIXX - QUICK STEP,ETIXX - QUICK STEP,QUICK - STEP FLOORS,QUICK - STEP FLOORS,DIRECT ENERGIE
Steven DE JONGH,Steven,DE JONGH,NED,NED0053,"Tour de France, 2009",QUICK STEP,,,,,,,,,,
Jonathan HIVERT,Jonathan,HIVERT,FRA,FRA0103,"Tour de Suisse, 2017",SKIL-SHIMANO,,SAUR - SOJASUN,SAUR - SOJASUN,SOJASUN,BELKIN-PRO CYCLING TEAM,BRETAGNE-SECHE ENVIRONNEMENT,,DIRECT ENERGIE,DIRECT ENERGIE,DIRECT ENERGIE
Andreas KLIER,Andreas,KLIER,GER,GER0047,"Paris-Nice, 2013",CERVELO TEST TEAM,CERVELO TEST TEAM,TEAM GARMIN-CERVELO,GARMIN - BARRACUDA,GARMIN SHARP,,,,,,
Yauheni HUTAROVICH,Yauheni,HUTAROVICH,BLR,BLR0006,"Paris-Roubaix, 2016",FRANÇAISE DES JEUX,FDJ,FDJ,FDJ-BIG MAT,AG2R LA MONDIALE,AG2R LA MONDIALE,BRETAGNE-SECHE ENVIRONNEMENT,FORTUNEO - VITAL CONCEPT,,,
Mikel ASTARLOZA CHAURREAU,Mikel,ASTARLOZA CHAURREAU,ESP,ESP0090,"Il Lombardia, 2011",EUSKALTEL - EUSKADI,,EUSKALTEL-EUSKADI,EUSKALTEL - EUSKADI,EUSKALTEL EUSKADI,,,,,,
Carlos BARREDO LLAMAZALES,Carlos,BARREDO LLAMAZALES,ESP,ESP0091,"Critérium du Dauphiné, 2012",QUICK STEP,QUICK STEP,RABOBANK CYCLING TEAM,RABOBANK CYCLING TEAM,,,,,,,
Vladimir EFIMKIN,Vladimir,EFIMKIN,RUS,RUS0043,"Tirreno-Adriatico, 2010",AG2R LA MONDIALE,AG2R LA MONDIALE,,,,,,,,,
José Angel GOMEZ MARCHANTE,José Angel,GOMEZ MARCHANTE,ESP,ESP0092,"Vuelta a España, 2010",CERVELO TEST TEAM,ANDALUCIA - CAJASUR,,,,,,,,,
David LE LAY,David,LE LAY,FRA,FRA0104,"Paris-Nice, 2012",AGRITUBEL,AG2R LA MONDIALE,AG2R LA MONDIALE,SAUR - SOJASUN,,,,,,,
Eduardo GONZALO RAMIREZ,Eduardo,GONZALO RAMIREZ,ESP,ESP0093,"Tour de France, 2009",AGRITUBEL,,,,,,,,,,
Jérôme COPPEL,Jérôme,COPPEL,FRA,FRA0105,"Critérium du Dauphiné, 2010",FRANÇAISE DES JEUX,SAUR - SOJASUN,SAUR - SOJASUN,SAUR - SOJASUN,"COFIDIS, SOLUTIONS CREDITS","COFIDIS, SOLUTIONS CREDITS",IAM CYCLING,IAM CYCLING,,,
Jurgen VAN DE WALLE,Jurgen,VAN DE WALLE,BEL,BEL0064,"Critérium du Dauphiné, 2012",QUICK STEP,QUICK STEP,OMEGA PHARMA-LOTTO,LOTTO BELISOL TEAM,LOTTO BELISOL,,,,,,
Sebastien JOLY,Sebastien,JOLY,FRA,FRA0106,"Critérium du Dauphiné, 2011",FRANÇAISE DES JEUX,,SAUR - SOJASUN,,,,,,,,
Kurt-Asle ARVESEN,Kurt-Asle,ARVESEN,NOR,NOR0008,"Tirreno-Adriatico, 2010",TEAM SAXO BANK,SKY PROFESSIONAL CYCLING TEAM,SKY PROCYCLING,,,,,,,,
Angelo FURLAN,Angelo,FURLAN,ITA,ITA0181,"Vuelta a España, 2010",LAMPRE - N.G.C,LAMPRE-FARNESE VINI,,,,,,,,,
Piet ROOIJAKKERS,Piet,ROOIJAKKERS,NED,NED0054,"Ronde van Vlaanderen, 2010",SKIL-SHIMANO,SKIL - SHIMANO,,,,,,,,,
Alan PEREZ LEZAUN,Alan,PEREZ LEZAUN,ESP,ESP0094,"Critérium du Dauphiné, 2012",EUSKALTEL - EUSKADI,EUSKALTEL - EUSKADI,EUSKALTEL-EUSKADI,EUSKALTEL - EUSKADI,,,,,,,
Peter WROLICH,Peter,WROLICH,AUT,AUT0015,"Tour de Suisse, 2010",TEAM MILRAM,TEAM MILRAM,,,,,,,,,
Kenny VAN HUMMEL,Kenny,VAN HUMMEL,NED,NED0055,"Milano-Sanremo, 2014",SKIL-SHIMANO,,,VACANSOLEIL-DCM PRO CYCLING TEAM,,ANDRONI GIOCATTOLI - VENEZUELA,,,,,
Oscar PEREIRO SIO,Oscar,PEREIRO SIO,ESP,ESP0095,"Paris-Nice, 2010",CAISSE D'EPARGNE,ASTANA,,,,,,,,,
Kevin DE WEERT,Kevin,DE WEERT,BEL,BEL0065,"Tirreno-Adriatico, 2015",QUICK STEP,QUICK STEP,QUICKSTEP CYCLING TEAM,OMEGA PHARMA-QUICKSTEP,OMEGA PHARMA - QUICK-STEP CYCLING TEAM,OMEGA PHARMA - QUICK-STEP CYCLING TEAM,TEAM LOTTO NL - JUMBO,,,,
Julien EL FARES,Julien,EL FARES,FRA,FRA0107,"Paris-Nice, 2018","COFIDIS, LE CREDIT EN LIGNE","COFIDIS, LE CREDIT EN LIGNE","COFIDIS, LE CREDIT EN LIGNE",TEAM TYPE 1 - SANOFI,SOJASUN,,,,DELKO MARSEILLE PROVENCE KTM,DELKO MARSEILLE PROVENCE KTM,DELKO MARSEILLE PROVENCE
Mario AERTS,Mario,AERTS,BEL,BEL0066,"Tirreno-Adriatico, 2009",SILENCE-LOTTO,OMEGA PHARMA-LOTTO,,,,,,,,,
Cyril GAUTIER,Cyril,GAUTIER,FRA,FRA0108,"Paris-Nice, 2019",BBOX BOUYGUES TELECOM,BBOX BOUYGUES TELECOM,TEAM EUROPCAR,TEAM EUROPCAR,TEAM EUROPCAR,TEAM EUROPCAR,TEAM EUROPCAR,AG2R LA MONDIALE,AG2R LA MONDIALE,AG2R LA MONDIALE,VITAL CONCEPT - B&B HOTELS
Jacobus (Koos) MOERENHOUT,Jacobus (Koos),MOERENHOUT,NED,NED0056,"Vuelta a España, 2009",RABOBANK,RABOBANK,,,,,,,,,
Martin ELMIGER,Martin,ELMIGER,SUI,SUI0023,"Tour de Suisse, 2017",AG2R LA MONDIALE,AG2R LA MONDIALE,AG2R LA MONDIALE,AG2R LA MONDIALE,IAM CYCLING,IAM CYCLING,IAM CYCLING,IAM CYCLING,BMC RACING TEAM,,
Imanol ERVITI,Imanol,ERVITI,ESP,ESP0096,"Vuelta a España, 2009",CAISSE D'EPARGNE,CAISSE D'EPARGNE,MOVISTAR TEAM,MOVISTAR TEAM,MOVISTAR TEAM,MOVISTAR TEAM,MOVISTAR TEAM,MOVISTAR TEAM,MOVISTAR TEAM,MOVISTAR TEAM,MOVISTAR TEAM
Remy DI GREGORIO,Remy,DI GREGORIO,FRA,FRA0109,"Paris-Nice, 2018",FRANÇAISE DES JEUX,FDJ,PRO TEAM ASTANA,"COFIDIS, LE CREDIT EN LIGNE",,,,DELKO MARSEILLE PROVENCE KTM,DELKO MARSEILLE PROVENCE KTM,DELKO MARSEILLE PROVENCE KTM,
Arkaitz DURAN AROCA,Arkaitz,DURAN AROCA,ESP,ESP0097,"Milano-Sanremo, 2011",FUJI-SERVETTO,FOOTON-SERVETTO,GEOX-TMC,,,,,,,,
Aitor PEREZ ARRIETA,Aitor,PEREZ ARRIETA,ESP,ESP0098,"Vuelta a España, 2011",CONTENTPOLIS-AMPO,FOOTON-SERVETTO,LAMPRE - ISD,,,,,,,,
Benjamin NOVAL GONZALEZ,Benjamin,NOVAL GONZALEZ,ESP,ESP0099,"Critérium du Dauphiné, 2009",ASTANA,ASTANA,SAXO BANK SUNGARD,TEAM SAXO BANK-TINKOFF BANK,Team SAXO-TINKOFF,,,,,,
Alexandr PLIUSHKIN,Alexandr,PLIUSHKIN,MDA,MDA0001,"Liège-Bastogne-Liège, 2013",AG2R LA MONDIALE,TEAM KATUSHA,KATUSHA TEAM,,IAM CYCLING,,,,,,
David DE LA FUENTE RASILLA,David,DE LA FUENTE RASILLA,ESP,ESP0100,"Vuelta a España, 2012",FUJI-SERVETTO,ASTANA,GEOX-TMC,CAJA RURAL,,,,,,,
Sébastien TURGOT,Sébastien,TURGOT,FRA,FRA0110,"Paris-Roubaix, 2012",BBOX BOUYGUES TELECOM,BBOX BOUYGUES TELECOM,TEAM EUROPCAR,TEAM EUROPCAR,TEAM EUROPCAR,AG2R LA MONDIALE,AG2R LA MONDIALE,AG2R LA MONDIALE,,,
Lars BOOM,Lars,BOOM,NED,NED0057,"Paris-Roubaix, 2019",RABOBANK,RABOBANK,RABOBANK CYCLING TEAM,RABOBANK CYCLING TEAM,BELKIN-PRO CYCLING TEAM,BELKIN-PRO CYCLING TEAM,ASTANA PRO TEAM,ASTANA PRO TEAM,TEAM LOTTO NL - JUMBO,TEAM LOTTO NL - JUMBO,ROOMPOT - CHARLES
Maxim IGLINSKIY,Maxim,IGLINSKIY,KAZ,KAZ0012,"Vuelta a España, 2013",ASTANA,ASTANA,PRO TEAM ASTANA,ASTANA PRO TEAM,ASTANA PRO TEAM,ASTANA PRO TEAM,,,,,
José Alberto BENÍTEZ,José Alberto,BENÍTEZ,ESP,ESP0101,"Tour de Suisse, 2009",FUJI-SERVETTO,FOOTON-SERVETTO,ANDALUCIA CAJA GRANADA,,,,,,,,
Wesley SULZBERGER,Wesley,SULZBERGER,AUS,AUS0045,"Vuelta a España, 2013",FRANÇAISE DES JEUX,FDJ,,ORICA GreenEDGE,ORICA GreenEDGE,,,,,,
Dimitri CHAMPION,Dimitri,CHAMPION,FRA,FRA0111,"Vuelta a España, 2011",,AG2R LA MONDIALE,AG2R LA MONDIALE,,,,,,,,
Mirco LORENZETTO,Mirco,LORENZETTO,ITA,ITA0182,"Tirreno-Adriatico, 2011",LAMPRE - N.G.C,LAMPRE-FARNESE VINI,PRO TEAM ASTANA,,,,,,,,
Yannick TALABARDON,Yannick,TALABARDON,FRA,FRA0112,"Paris-Nice, 2013",,SAUR - SOJASUN,SAUR - SOJASUN,SAUR - SOJASUN,SOJASUN,,,,,,
Tony GALLOPIN,Tony,GALLOPIN,FRA,FRA0113,"Vuelta a España, 2018",,"COFIDIS, LE CREDIT EN LIGNE","COFIDIS, LE CREDIT EN LIGNE",RADIOSHACK-NISSAN,RADIOSHACK LEOPARD,LOTTO BELISOL,LOTTO SOUDAL,LOTTO SOUDAL,LOTTO SOUDAL,AG2R LA MONDIALE,AG2R LA MONDIALE
Arthur VICHOT,Arthur,VICHOT,FRA,FRA0114,"Paris-Nice, 2019",,FDJ,FDJ,FDJ-BIG MAT,FDJ.fr,FDJ.fr,FDJ,FDJ,FDJ,GROUPAMA - FDJ,VITAL CONCEPT - B&B HOTELS
Dmitriy FOFONOV,Dmitriy,FOFONOV,KAZ,KAZ0013,"Vuelta a España, 2010",,ASTANA,PRO TEAM ASTANA,ASTANA PRO TEAM,,,,,,,
Tristan VALENTIN,Tristan,VALENTIN,FRA,FRA0115,"Il Lombardia, 2010","COFIDIS, LE CREDIT EN LIGNE","COFIDIS, LE CREDIT EN LIGNE","COFIDIS, LE CREDIT EN LIGNE","COFIDIS, LE CREDIT EN LIGNE","COFIDIS, SOLUTIONS CREDITS",,,,,,
Laurent MANGEL,Laurent,MANGEL,FRA,FRA0116,"Liège-Bastogne-Liège, 2012",,SAUR - SOJASUN,SAUR - SOJASUN,SAUR - SOJASUN,FDJ.fr,FDJ.fr,,,,,
Fabrice JEANDESBOZ,Fabrice,JEANDESBOZ,FRA,FRA0117,"Paris-Roubaix, 2010",,SAUR - SOJASUN,SAUR - SOJASUN,SAUR - SOJASUN,,TEAM EUROPCAR,TEAM EUROPCAR,DIRECT ENERGIE,DIRECT ENERGIE,,
Lieuwe WESTRA,Lieuwe,WESTRA,NED,NED0058,"Tour de Suisse, 2010",VACANSOLEIL PRO CYCLING TEAM,VACANSOLEIL PRO CYCLING TEAM,VACANSOLEIL-DCM PRO CYCLING TEAM,VACANSOLEIL-DCM PRO CYCLING TEAM,VACANSOLEIL-DCM PRO CYCLING TEAM,ASTANA PRO TEAM,ASTANA PRO TEAM,ASTANA PRO TEAM,,,
Anthony DELAPLACE,Anthony,DELAPLACE,FRA,FRA0118,"Paris-Nice, 2018",,SAUR - SOJASUN,SAUR - SOJASUN,SAUR - SOJASUN,SOJASUN,BRETAGNE - SECHE ENVIRONNEMENT,BRETAGNE-SECHE ENVIRONNEMENT,FORTUNEO - VITAL CONCEPT,,TEAM FORTUNEO - SAMSIC,TEAM ARKEA - SAMSIC
Jérémie GALLAND,Jérémie,GALLAND,FRA,FRA0119,"Paris-Nice, 2012",,SAUR - SOJASUN,SAUR - SOJASUN,SAUR - SOJASUN,,,,,,,
Romain ZINGLE,Romain,ZINGLE,BEL,BEL0067,"Vuelta a España, 2014",,"COFIDIS, LE CREDIT EN LIGNE","COFIDIS, LE CREDIT EN LIGNE","COFIDIS, LE CREDIT EN LIGNE","COFIDIS, SOLUTIONS CREDITS","COFIDIS, SOLUTIONS CREDITS",,,,,
Denys KOSTYUK,Denys,KOSTYUK,UKR,UKR0007,"Vuelta a España, 2012",,,LAMPRE - ISD,LAMPRE - ISD,,,,,,,
Vincent JEROME,Vincent,JEROME,FRA,FRA0120,"Tirreno-Adriatico, 2015",BBOX BOUYGUES TELECOM,BBOX BOUYGUES TELECOM,TEAM EUROPCAR,TEAM EUROPCAR,TEAM EUROPCAR,TEAM EUROPCAR,TEAM EUROPCAR,,,,
Jimmy ENGOULVENT,Jimmy,ENGOULVENT,FRA,FRA0121,"Paris-Roubaix, 2013",,SAUR - SOJASUN,SAUR - SOJASUN,SAUR - SOJASUN,SOJASUN,TEAM EUROPCAR,TEAM EUROPCAR,,,,
Björn LEUKEMANS,Björn,LEUKEMANS,BEL,BEL0068,"Liège-Bastogne-Liège, 2015",VACANSOLEIL PRO CYCLING TEAM,VACANSOLEIL PRO CYCLING TEAM,VACANSOLEIL-DCM PRO CYCLING TEAM,VACANSOLEIL-DCM PRO CYCLING TEAM,VACANSOLEIL-DCM PRO CYCLING TEAM,WANTY - GROUPE GOBERT,WANTY - GROUPE GOBERT,,,,
Denis GALIMZYANOV,Denis,GALIMZYANOV,RUS,RUS0044,"Paris-Roubaix, 2009",TEAM KATUSHA,TEAM KATUSHA,KATUSHA TEAM,,,,,,,,
Peter SAGAN,Peter,SAGAN,SVK,SVK0003,"Tirreno-Adriatico, 2017",,LIQUIGAS-DOIMO,LIQUIGAS-CANNONDALE,LIQUIGAS-CANNONDALE,CANNONDALE PRO CYCLING,CANNONDALE,TINKOFF - SAXO,TINKOFF,BORA - HANSGROHE,BORA - HANSGROHE,BORA - HANSGROHE
Dominik NERZ,Dominik,NERZ,GER,GER0048,"Tour de Suisse, 2010",,TEAM MILRAM,LIQUIGAS-CANNONDALE,LIQUIGAS-CANNONDALE,BMC RACING TEAM,BMC RACING TEAM,BORA-ARGON 18,BORA-ARGON 18,,,
Guillaume LEVARLET,Guillaume,LEVARLET,FRA,FRA0122,"Liège-Bastogne-Liège, 2009",FRANÇAISE DES JEUX,SAUR - SOJASUN,,SAUR - SOJASUN,"COFIDIS, SOLUTIONS CREDITS","COFIDIS, SOLUTIONS CREDITS",,,,,
Andrey KASHECHKIN,Andrey,KASHECHKIN,KAZ,KAZ0014,"Vuelta a España, 2011",,LAMPRE-FARNESE VINI,PRO TEAM ASTANA,ASTANA PRO TEAM,ASTANA PRO TEAM,,,,,,
Julien SIMON,Julien,SIMON,FRA,FRA0123,"Paris-Nice, 2016",,SAUR - SOJASUN,SAUR - SOJASUN,SAUR - SOJASUN,SOJASUN,"COFIDIS, SOLUTIONS CREDITS","COFIDIS, SOLUTIONS CREDITS","COFIDIS, SOLUTIONS CREDITS","COFIDIS, SOLUTIONS CREDITS","COFIDIS, SOLUTIONS CREDITS","COFIDIS, SOLUTIONS CREDITS"
Kris BOECKMANS,Kris,BOECKMANS,BEL,BEL0069,"Paris-Nice, 2019",,,,VACANSOLEIL-DCM PRO CYCLING TEAM,VACANSOLEIL-DCM PRO CYCLING TEAM,LOTTO BELISOL,LOTTO SOUDAL,LOTTO SOUDAL,,,VITAL CONCEPT - B&B HOTELS
Nick NUYENS,Nick,NUYENS,BEL,BEL0070,"Tirreno-Adriatico, 2014",RABOBANK,RABOBANK,SAXO BANK SUNGARD,TEAM SAXO BANK-TINKOFF BANK,GARMIN SHARP,GARMIN SHARP,,,,,
Nicolas EDET,Nicolas,EDET,FRA,FRA0124,"Vuelta a España, 2019",,,"COFIDIS, LE CREDIT EN LIGNE","COFIDIS, LE CREDIT EN LIGNE","COFIDIS, SOLUTIONS CREDITS","COFIDIS, SOLUTIONS CREDITS","COFIDIS, SOLUTIONS CREDITS","COFIDIS, SOLUTIONS CREDITS","COFIDIS, SOLUTIONS CREDITS","COFIDIS, SOLUTIONS CREDITS","COFIDIS, SOLUTIONS CREDITS"
Luis Angel MATE MARDONES,Luis Angel,MATE MARDONES,ESP,ESP0102,"Liège-Bastogne-Liège, 2010",SERRAMENTI PVC DIQUIGIOVANNI-ANDRONI GIOCATTOLI,ANDRONI GIOCATTOLI - SERRAMENTI PVC DIQUIGIOVANNI,"COFIDIS, LE CREDIT EN LIGNE","COFIDIS, LE CREDIT EN LIGNE","COFIDIS, SOLUTIONS CREDITS","COFIDIS, SOLUTIONS CREDITS","COFIDIS, SOLUTIONS CREDITS","COFIDIS, SOLUTIONS CREDITS","COFIDIS, SOLUTIONS CREDITS","COFIDIS, SOLUTIONS CREDITS","COFIDIS, SOLUTIONS CREDITS"
Jean Marc MARINO,Jean Marc,MARINO,FRA,FRA0125,"Liège-Bastogne-Liège, 2011",,SAUR - SOJASUN,SAUR - SOJASUN,SAUR - SOJASUN,SOJASUN,CANNONDALE,,,,,
Jonathan CANTWELL,Jonathan,CANTWELL,AUS,AUS0046,"Milano-Sanremo, 2013",,,,TEAM SAXO BANK-TINKOFF BANK,Team SAXO-TINKOFF,,,,,,
Yann HUGUET,Yann,HUGUET,FRA,FRA0126,"Paris-Nice, 2010",AGRITUBEL,SKIL - SHIMANO,,TEAM ARGOS - SHIMANO,TEAM ARGOS-SHIMANO,,,,,,
Sebastian LANGEVELD,Sebastian,LANGEVELD,NED,NED0059,"Tirreno-Adriatico, 2017",RABOBANK,RABOBANK,RABOBANK CYCLING TEAM,ORICA GreenEDGE,ORICA GreenEDGE,GARMIN SHARP,TEAM CANNONDALE - GARMIN,CANNONDALE-DRAPAC PRO CYCLING TEAM,CANNONDALE DRAPAC PROFESSIONAL CYCLING TEAM,TEAM EF EDUCATION FIRST - DRAPAC P/B CANNONDALE,EF EDUCATION FIRST
Jan GHYSELINCK,Jan,GHYSELINCK,BEL,BEL0071,"Paris-Roubaix, 2013",,,HTC-HIGHROAD,"COFIDIS, LE CREDIT EN LIGNE","COFIDIS, SOLUTIONS CREDITS",,,,,,
Giovanni BERNAUDEAU,Giovanni,BERNAUDEAU,FRA,FRA0127,"Il Lombardia, 2013",BBOX BOUYGUES TELECOM,BBOX BOUYGUES TELECOM,,TEAM EUROPCAR,TEAM EUROPCAR,TEAM EUROPCAR,TEAM EUROPCAR,,,,
Andrew TALANSKY,Andrew,TALANSKY,USA,USA0035,"Vuelta a España, 2016",,,TEAM GARMIN-CERVELO,GARMIN - SHARP,GARMIN SHARP,GARMIN SHARP,TEAM CANNONDALE - GARMIN,CANNONDALE-DRAPAC PRO CYCLING TEAM,CANNONDALE DRAPAC PROFESSIONAL CYCLING TEAM,,
Romain BARDET,Romain,BARDET,FRA,FRA0128,"Il Lombardia, 2012",,,,AG2R LA MONDIALE,AG2R LA MONDIALE,AG2R LA MONDIALE,AG2R LA MONDIALE,AG2R LA MONDIALE,AG2R LA MONDIALE,AG2R LA MONDIALE,AG2R LA MONDIALE
Egoitz GARCIA ETXEGIBEL,Egoitz,GARCIA ETXEGIBEL,ESP,ESP0103,"Vuelta a España, 2012",,,,"COFIDIS, LE CREDIT EN LIGNE","COFIDIS, SOLUTIONS CREDITS","COFIDIS, SOLUTIONS CREDITS",,,,,
David VEILLEUX,David,VEILLEUX,CAN,CAN0009,"Paris-Roubaix, 2012",,,TEAM EUROPCAR,TEAM EUROPCAR,TEAM EUROPCAR,,,,,,
Sep VANMARCKE,Sep,VANMARCKE,BEL,BEL0072,"Ronde van Vlaanderen, 2010",,,TEAM GARMIN-CERVELO,GARMIN - BARRACUDA,BELKIN-PRO CYCLING TEAM,BELKIN-PRO CYCLING TEAM,TEAM LOTTO NL - JUMBO,TEAM LOTTO NL - JUMBO,CANNONDALE DRAPAC PROFESSIONAL CYCLING TEAM,TEAM EF EDUCATION FIRST - DRAPAC P/B CANNONDALE,EF EDUCATION FIRST
Jerome COUSIN,Jerome,COUSIN,FRA,FRA0129,"Liège-Bastogne-Liège, 2017",,,,,TEAM EUROPCAR,TEAM EUROPCAR,TEAM EUROPCAR,"COFIDIS, SOLUTIONS CREDITS","COFIDIS, SOLUTIONS CREDITS",DIRECT ENERGIE,TOTAL DIRECT ENERGIE
Assan BAZAYEV,Assan,BAZAYEV,KAZ,KAZ0015,"Tirreno-Adriatico, 2011",ASTANA,ASTANA,PRO TEAM ASTANA,ASTANA PRO TEAM,ASTANA PRO TEAM,,,,,,
Yoann BAGOT,Yoann,BAGOT,FRA,FRA0130,"Il Lombardia, 2017",,,"COFIDIS, LE CREDIT EN LIGNE","COFIDIS, LE CREDIT EN LIGNE","COFIDIS, SOLUTIONS CREDITS","COFIDIS, SOLUTIONS CREDITS","COFIDIS, SOLUTIONS CREDITS","COFIDIS, SOLUTIONS CREDITS","COFIDIS, SOLUTIONS CREDITS",,VITAL CONCEPT - B&B HOTELS
Florian GUILLOU,Florian,GUILLOU,FRA,FRA0131,"Paris-Nice, 2011",,,BRETAGNE - SCHULLER,,BRETAGNE - SECHE ENVIRONNEMENT,BRETAGNE - SECHE ENVIRONNEMENT,,,,,
Matthew BUSCHE,Matthew,BUSCHE,USA,USA0036,"Il Lombardia, 2010",,TEAM RADIOSHACK,TEAM RADIOSHACK,,RADIOSHACK LEOPARD,TREK FACTORY RACING,TREK FACTORY RACING,,,,
Florian VACHON,Florian,VACHON,FRA,FRA0132,"Paris-Roubaix, 2012",,,BRETAGNE - SCHULLER,BRETAGNE - SCHULLER,BRETAGNE - SECHE ENVIRONNEMENT,BRETAGNE - SECHE ENVIRONNEMENT,BRETAGNE-SECHE ENVIRONNEMENT,FORTUNEO - VITAL CONCEPT,FORTUNEO - OSCARO,TEAM FORTUNEO - SAMSIC,TEAM ARKEA - SAMSIC
Bryan COQUARD,Bryan,COQUARD,FRA,FRA0133,"Critérium du Dauphiné, 2018",,,,,,TEAM EUROPCAR,TEAM EUROPCAR,DIRECT ENERGIE,DIRECT ENERGIE,VITAL CONCEPT CYCLING CLUB,VITAL CONCEPT - B&B HOTELS
Jean Marc BIDEAU,Jean Marc,BIDEAU,FRA,FRA0134,"Critérium du Dauphiné, 2013",,,,,BRETAGNE - SECHE ENVIRONNEMENT,BRETAGNE - SECHE ENVIRONNEMENT,,,,,
Arnaud GERARD,Arnaud,GERARD,FRA,FRA0135,"Liège-Bastogne-Liège, 2011",FRANÇAISE DES JEUX,FRANÇAISE DES JEUX,FDJ,FDJ-BIG MAT,BRETAGNE - SECHE ENVIRONNEMENT,BRETAGNE - SECHE ENVIRONNEMENT,BRETAGNE-SECHE ENVIRONNEMENT,,FORTUNEO - VITAL CONCEPT,,
Armindo FONSECA,Armindo,FONSECA,FRA,FRA0136,"Critérium du Dauphiné, 2013",,,,,BRETAGNE - SECHE ENVIRONNEMENT,BRETAGNE - SECHE ENVIRONNEMENT,BRETAGNE-SECHE ENVIRONNEMENT,FORTUNEO - VITAL CONCEPT,,,
Benoit JARRIER,Benoit,JARRIER,FRA,FRA0137,"Paris-Roubaix, 2019",,,,,BRETAGNE - SECHE ENVIRONNEMENT,BRETAGNE - SECHE ENVIRONNEMENT,BRETAGNE-SECHE ENVIRONNEMENT,FORTUNEO - VITAL CONCEPT,FORTUNEO - VITAL CONCEPT,TEAM FORTUNEO - SAMSIC,TEAM ARKEA - SAMSIC
Adrien PETIT,Adrien,PETIT,FRA,FRA0138,"Paris-Roubaix, 2018",,,"COFIDIS, LE CREDIT EN LIGNE","COFIDIS, LE CREDIT EN LIGNE","COFIDIS, SOLUTIONS CREDITS","COFIDIS, SOLUTIONS CREDITS","COFIDIS, SOLUTIONS CREDITS",DIRECT ENERGIE,DIRECT ENERGIE,DIRECT ENERGIE,DIRECT ENERGIE
Warren BARGUIL,Warren,BARGUIL,FRA,FRA0139,"Vuelta a España, 2014",,,,,TEAM ARGOS-SHIMANO,TEAM GIANT-SHIMANO,TEAM GIANT - ALPECIN,TEAM GIANT - ALPECIN,TEAM SUNWEB,TEAM FORTUNEO - SAMSIC,TEAM ARKEA - SAMSIC
Pierre Luc PERICHON,Pierre Luc,PERICHON,FRA,FRA0140,"Paris-Roubaix, 2014",,,,,BRETAGNE - SECHE ENVIRONNEMENT,BRETAGNE - SECHE ENVIRONNEMENT,BRETAGNE-SECHE ENVIRONNEMENT,FORTUNEO - VITAL CONCEPT,FORTUNEO - OSCARO,TEAM FORTUNEO - SAMSIC,"COFIDIS, SOLUTIONS CREDITS"
Emanuel BUCHMANN,Emanuel,BUCHMANN,GER,GER0049,"Vuelta a España, 2018",,,,,,,BORA-ARGON 18,BORA-ARGON 18,BORA - HANSGROHE,BORA - HANSGROHE,BORA - HANSGROHE
Reinardt JANSE VAN RENSBURG,Reinardt,JANSE VAN RENSBURG,RSA,RSA0010,"Critérium du Dauphiné, 2014",,,,,TEAM ARGOS-SHIMANO,TEAM GIANT-SHIMANO,MTN - QHUBEKA,TEAM DIMENSION DATA,TEAM DIMENSION DATA,TEAM DIMENSION DATA,TEAM DIMENSION DATA
Christophe LAPORTE,Christophe,LAPORTE,FRA,FRA0141,"Paris-Roubaix, 2014",,,,,,"COFIDIS, SOLUTIONS CREDITS","COFIDIS, SOLUTIONS CREDITS","COFIDIS, SOLUTIONS CREDITS","COFIDIS, SOLUTIONS CREDITS","COFIDIS, SOLUTIONS CREDITS","COFIDIS, SOLUTIONS CREDITS"
Luke ROWE,Luke,ROWE,GBR,GBR0020,"Tour de Suisse, 2012",,,,SKY PROCYCLING,SKY PROCYCLING,TEAM SKY,TEAM SKY,TEAM SKY,TEAM SKY,TEAM SKY,TEAM INEOS
Frédéric BRUN,Frédéric,BRUN,FRA,FRA0142,"Tour de France, 2015",,,,,,,BRETAGNE-SECHE ENVIRONNEMENT,,,,
Bryan NAULEAU,Bryan,NAULEAU,FRA,FRA0143,"Liège-Bastogne-Liège, 2019",,,,,,TEAM EUROPCAR,TEAM EUROPCAR,DIRECT ENERGIE,DIRECT ENERGIE,DIRECT ENERGIE,TOTAL DIRECT ENERGIE
Kenneth VANBILSEN,Kenneth,VANBILSEN,BEL,BEL0073,"Ronde van Vlaanderen, 2014",,,,,,,"COFIDIS, SOLUTIONS CREDITS","COFIDIS, SOLUTIONS CREDITS","COFIDIS, SOLUTIONS CREDITS","COFIDIS, SOLUTIONS CREDITS","COFIDIS, SOLUTIONS CREDITS"
Michael Valgren HUNDAHL,Michael Valgren,HUNDAHL,DEN,DEN0020,"Vuelta a España, 2014",,,,,,TINKOFF-SAXO,TINKOFF - SAXO,TINKOFF,ASTANA PRO TEAM,ASTANA PRO TEAM,TEAM DIMENSION DATA
Louis MEINTJES,Louis,MEINTJES,RSA,RSA0011,"Il Lombardia, 2013",,,,,MTN - QHUBEKA,MTN - QHUBEKA,MTN - QHUBEKA,LAMPRE - MERIDA,UAE TEAM EMIRATES,TEAM DIMENSION DATA,TEAM DIMENSION DATA
Julian ALAPHILIPPE,Julian,ALAPHILIPPE,FRA,FRA0144,"Critérium du Dauphiné, 2015",,,,,,OMEGA PHARMA - QUICK-STEP CYCLING TEAM,ETIXX - QUICK STEP,ETIXX - QUICK STEP,QUICK - STEP FLOORS,QUICK - STEP FLOORS,DECEUNINCK  -  QUICK - STEP
Oliver NAESEN,Oliver,NAESEN,BEL,BEL0074,"Ronde van Vlaanderen, 2015",,,,,,,,IAM CYCLING,AG2R LA MONDIALE,AG2R LA MONDIALE,AG2R LA MONDIALE
Antoine DUCHESNE,Antoine,DUCHESNE,CAN,CAN0010,"Ronde van Vlaanderen, 2019",,,,,,TEAM EUROPCAR,TEAM EUROPCAR,DIRECT ENERGIE,DIRECT ENERGIE,GROUPAMA - FDJ,GROUPAMA - FDJ
Timo ROOSEN,Timo,ROOSEN,NED,NED0060,"Tour de Suisse, 2019",,,,,,,TEAM LOTTO NL - JUMBO,TEAM LOTTO NL - JUMBO,TEAM LOTTO NL - JUMBO,TEAM LOTTO NL - JUMBO,TEAM JUMBO - VISMA
G Lawson CRADDOCK,G Lawson,CRADDOCK,USA,USA0037,"Paris-Nice, 2017",,,,,,TEAM GIANT-SHIMANO,TEAM GIANT - ALPECIN,CANNONDALE-DRAPAC PRO CYCLING TEAM,CANNONDALE DRAPAC PROFESSIONAL CYCLING TEAM,TEAM EF EDUCATION FIRST - DRAPAC P/B CANNONDALE,EF EDUCATION FIRST
Sondre HOLST ENGER,Sondre,HOLST ENGER,NOR,NOR0009,"Tour de Suisse, 2017",,,,,,,,IAM CYCLING,AG2R LA MONDIALE,,
Alexis GOUGEARD,Alexis,GOUGEARD,FRA,FRA0145,"Tirreno-Adriatico, 2018",,,,,,AG2R LA MONDIALE,AG2R LA MONDIALE,AG2R LA MONDIALE,AG2R LA MONDIALE,AG2R LA MONDIALE,AG2R LA MONDIALE
Dylan GROENEWEGEN,Dylan,GROENEWEGEN,NED,NED0061,"Ronde van Vlaanderen, 2015",,,,,,,ROOMPOT ORANJE PELOTON,TEAM LOTTO NL - JUMBO,TEAM LOTTO NL - JUMBO,TEAM LOTTO NL - JUMBO,TEAM JUMBO - VISMA
Vegard BREEN,Vegard,BREEN,NOR,NOR0010,"Tour de Suisse, 2015",,,,,,LOTTO BELISOL,LOTTO SOUDAL,FORTUNEO - VITAL CONCEPT,,,
Daniel MCLAY,Daniel,MCLAY,GBR,GBR0021,"Paris-Nice, 2019",,,,,,,BRETAGNE-SECHE ENVIRONNEMENT,FORTUNEO - VITAL CONCEPT,FORTUNEO - VITAL CONCEPT,TEAM EF EDUCATION FIRST - DRAPAC P/B CANNONDALE,EF EDUCATION FIRST
Shane ARCHBOLD,Shane,ARCHBOLD,NZL,NZL0008,"Paris-Roubaix, 2015",,,,,,,BORA-ARGON 18,BORA-ARGON 18,,,BORA - HANSGROHE
Edward THEUNS,Edward,THEUNS,BEL,BEL0075,"Ronde van Vlaanderen, 2015",,,,,,,,TREK - SEGAFREDO,TREK - SEGAFREDO,TEAM SUNWEB,TREK - SEGAFREDO
Tiesj BENOOT,Tiesj,BENOOT,BEL,BEL0076,"Tirreno-Adriatico, 2016",,,,,,,LOTTO SOUDAL,LOTTO SOUDAL,LOTTO SOUDAL,LOTTO SOUDAL,LOTTO SOUDAL
Guillaume MARTIN,Guillaume,MARTIN,FRA,FRA0146,"Critérium du Dauphiné, 2016",,,,,,,,WANTY - GROUPE GOBERT,WANTY - GROUPE GOBERT,WANTY - GROUPE GOBERT,WANTY - GOBERT CYCLING TEAM
Romain HARDY,Romain,HARDY,FRA,FRA0147,"Liège-Bastogne-Liège, 2019",,,BRETAGNE - SCHULLER,,,"COFIDIS, SOLUTIONS CREDITS","COFIDIS, SOLUTIONS CREDITS","COFIDIS, SOLUTIONS CREDITS",FORTUNEO - OSCARO,TEAM FORTUNEO - SAMSIC,TEAM ARKEA - SAMSIC
Pierre LATOUR,Pierre,LATOUR,FRA,FRA0148,"Il Lombardia, 2015",,,,,,,AG2R LA MONDIALE,AG2R LA MONDIALE,AG2R LA MONDIALE,AG2R LA MONDIALE,AG2R LA MONDIALE
Thomas DEGAND,Thomas,DEGAND,BEL,BEL0077,"Liège-Bastogne-Liège, 2013",,,VERANDA'S WILLEMS - ACCENT,,ACCENT JOBS - WANTY,WANTY - GROUPE GOBERT,IAM CYCLING,WANTY - GROUPE GOBERT,WANTY - GROUPE GOBERT,WANTY - GROUPE GOBERT,WANTY - GOBERT CYCLING TEAM
Lilian CALMEJANE,Lilian,CALMEJANE,FRA,FRA0149,"Vuelta a España, 2016",,,,,,,,DIRECT ENERGIE,DIRECT ENERGIE,DIRECT ENERGIE,TOTAL DIRECT ENERGIE
Marco MINNAARD,Marco,MINNAARD,NED,NED0062,"Liège-Bastogne-Liège, 2014",,,,,,WANTY - GROUPE GOBERT,WANTY - GROUPE GOBERT,WANTY - GROUPE GOBERT,WANTY - GROUPE GOBERT,WANTY - GROUPE GOBERT,WANTY - GOBERT CYCLING TEAM
Elie GESBERT,Elie,GESBERT,FRA,FRA0150,"Tour de France, 2019",,,,,,,,,FORTUNEO - OSCARO,TEAM FORTUNEO - SAMSIC,TEAM ARKEA - SAMSIC
Nils POLITT,Nils,POLITT,GER,GER0050,"Paris-Roubaix, 2016",,,,,,,,TEAM KATUSHA,TEAM KATUSHA ALPECIN,TEAM KATUSHA ALPECIN,TEAM KATUSHA ALPECIN
Pieter VANSPEYBROUCK,Pieter,VANSPEYBROUCK,BEL,BEL0078,"Ronde van Vlaanderen, 2016",,,,,,,,,WANTY - GROUPE GOBERT,,WANTY - GOBERT CYCLING TEAM
Scott THWAITES,Scott,THWAITES,GBR,GBR0022,"Paris-Roubaix, 2015",,,,,,TEAM NETAPP - ENDURA,BORA-ARGON 18,BORA-ARGON 18,TEAM DIMENSION DATA,TEAM DIMENSION DATA,
Yoann OFFREDO,Yoann,OFFREDO,FRA,FRA0151,"Tirreno-Adriatico, 2015",FRANÇAISE DES JEUX,FDJ,FDJ,,FDJ,FDJ.fr,FDJ,,WANTY - GROUPE GOBERT,WANTY - GROUPE GOBERT,WANTY - GOBERT CYCLING TEAM
Patrick BEVIN,Patrick,BEVIN,NZL,NZL0009,"Tour de Suisse, 2019",,,,,,,,CANNONDALE-DRAPAC PRO CYCLING TEAM,CANNONDALE DRAPAC PROFESSIONAL CYCLING TEAM,BMC RACING TEAM,CCC TEAM
Dion SMITH,Dion,SMITH,NZL,NZL0010,"Vuelta a España, 2019",,,,,,,,,WANTY - GROUPE GOBERT,WANTY - GROUPE GOBERT,MITCHELTON - SCOTT
Mike TEUNISSEN,Mike,TEUNISSEN,NED,NED0063,"Critérium du Dauphiné, 2016",,,,,,,TEAM LOTTO NL - JUMBO,TEAM LOTTO NL - JUMBO,TEAM SUNWEB,TEAM SUNWEB,TEAM JUMBO - VISMA
Frederik BACKAERT,Frederik,BACKAERT,BEL,BEL0079,"Tour de Suisse, 2015",,,,,,,WANTY - GROUPE GOBERT,WANTY - GROUPE GOBERT,WANTY - GROUPE GOBERT,WANTY - GROUPE GOBERT,WANTY - GOBERT CYCLING TEAM
Andrea PASQUALON,Andrea,PASQUALON,ITA,ITA0183,"Milano-Sanremo, 2013",,,COLNAGO - CSF INOX,COLNAGO - CSF INOX,BARDIANI VALVOLE - CSF INOX,,,TEAM ROTH,WANTY - GROUPE GOBERT,WANTY - GROUPE GOBERT,WANTY - GOBERT CYCLING TEAM
Thomas BOUDAT,Thomas,BOUDAT,FRA,FRA0152,"Tour de Suisse, 2019",,,,,,,,,DIRECT ENERGIE,DIRECT ENERGIE,TOTAL DIRECT ENERGIE
Guillaume VAN KEIRSBULCK,Guillaume,VAN KEIRSBULCK,BEL,BEL0080,"Paris-Roubaix, 2016",,,QUICKSTEP CYCLING TEAM,OMEGA PHARMA-QUICKSTEP,OMEGA PHARMA - QUICK-STEP CYCLING TEAM,OMEGA PHARMA - QUICK-STEP CYCLING TEAM,ETIXX - QUICK STEP,ETIXX - QUICK STEP,WANTY - GROUPE GOBERT,WANTY - GROUPE GOBERT,CCC TEAM
Dimitri CLAEYS,Dimitri,CLAEYS,BEL,BEL0081,"Tirreno-Adriatico, 2019",,,,,,,,WANTY - GROUPE GOBERT,"COFIDIS, SOLUTIONS CREDITS","COFIDIS, SOLUTIONS CREDITS",
Egan Arley BERNAL GOMEZ,Egan Arley,BERNAL GOMEZ,COL,COL0033,"Tirreno-Adriatico, 2017",,,,,,,,,ANDRONI GIOCATTOLI,TEAM SKY,TEAM INEOS
David GAUDU,David,GAUDU,FRA,FRA0153,"Critérium du Dauphiné, 2017",,,,,,,,,FDJ,GROUPAMA - FDJ,GROUPAMA - FDJ
Søren KRAGH ANDERSEN,Søren,KRAGH ANDERSEN,DEN,DEN0021,"Tirreno-Adriatico, 2019",,,,,,,,TEAM GIANT - ALPECIN,TEAM SUNWEB,TEAM SUNWEB,TEAM SUNWEB
Marc SOLER,Marc,SOLER,ESP,ESP0104,"Il Lombardia, 2015",,,,,,,MOVISTAR TEAM,MOVISTAR TEAM,MOVISTAR TEAM,MOVISTAR TEAM,MOVISTAR TEAM
Magnus Cort NIELSEN,Magnus Cort,NIELSEN,DEN,DEN0022,"Critérium du Dauphiné, 2015",,,,,,,ORICA GreenEDGE,ORICA-BIKEEXCHANGE,ORICA - SCOTT,ASTANA PRO TEAM,ASTANA PRO TEAM
Yves LAMPAERT,Yves,LAMPAERT,BEL,BEL0082,"Ronde van Vlaanderen, 2014",,,,,,,ETIXX - QUICK STEP,ETIXX - QUICK STEP,QUICK - STEP FLOORS,QUICK - STEP FLOORS,DECEUNINCK  -  QUICK - STEP
Toms SKUJINS,Toms,SKUJINS,LAT,LAT0004,"Tour de Suisse, 2016",,,,,,,,CANNONDALE PRO CYCLING TEAM,CANNONDALE DRAPAC PROFESSIONAL CYCLING TEAM,TREK - SEGAFREDO,TREK - SEGAFREDO
Anthony PEREZ,Anthony,PEREZ,FRA,FRA0154,"Il Lombardia, 2016",,,,,,,,"COFIDIS, SOLUTIONS CREDITS","COFIDIS, SOLUTIONS CREDITS","COFIDIS, SOLUTIONS CREDITS","COFIDIS, SOLUTIONS CREDITS"
Kevin LEDANOIS,Kevin,LEDANOIS,FRA,FRA0155,"Paris-Roubaix, 2015",,,,,,,BRETAGNE-SECHE ENVIRONNEMENT,FORTUNEO - VITAL CONCEPT,,TEAM FORTUNEO - SAMSIC,TEAM ARKEA - SAMSIC
Anthony TURGIS,Anthony,TURGIS,FRA,FRA0156,"Liège-Bastogne-Liège, 2015",,,,,,,"COFIDIS, SOLUTIONS CREDITS","COFIDIS, SOLUTIONS CREDITS","COFIDIS, SOLUTIONS CREDITS","COFIDIS, SOLUTIONS CREDITS",TOTAL DIRECT ENERGIE
Fabien GRELLIER,Fabien,GRELLIER,FRA,FRA0157,"Liège-Bastogne-Liège, 2016",,,,,,,,DIRECT ENERGIE,DIRECT ENERGIE,DIRECT ENERGIE,TOTAL DIRECT ENERGIE
Tom SCULLY,Tom,SCULLY,NZL,NZL0011,"Vuelta a España, 2017",,,,,,,,,CANNONDALE DRAPAC PROFESSIONAL CYCLING TEAM,TEAM EF EDUCATION FIRST - DRAPAC P/B CANNONDALE,EF EDUCATION FIRST
Timothy DUPONT,Timothy,DUPONT,BEL,BEL0083,"Paris-Roubaix, 2019",,,,,,,,,,WANTY - GROUPE GOBERT,WANTY - GOBERT CYCLING TEAM
Oliviero TROIA,Oliviero,TROIA,ITA,ITA0184,"Liège-Bastogne-Liège, 2017",,,,,,,,,UAE TEAM EMIRATES,UAE TEAM EMIRATES,UAE TEAM EMIRATES
Amund Grøndahl JANSEN,Amund Grøndahl,JANSEN,NOR,NOR0011,"Critérium du Dauphiné, 2017",,,,,,,,,TEAM LOTTO NL - JUMBO,TEAM LOTTO NL - JUMBO,TEAM JUMBO - VISMA
Jasper DE BUYST,Jasper,DE BUYST,BEL,BEL0084,"Paris-Roubaix, 2016",,,,,,,LOTTO SOUDAL,LOTTO SOUDAL,LOTTO SOUDAL,LOTTO SOUDAL,LOTTO SOUDAL
Xandro MEURISSE,Xandro,MEURISSE,BEL,BEL0085,"Liège-Bastogne-Liège, 2017",,,,,,,,,WANTY - GROUPE GOBERT,WANTY - GROUPE GOBERT,WANTY - GOBERT CYCLING TEAM
Enric MAS NICOLAU,Enric,MAS NICOLAU,ESP,ESP0105,"Vuelta a España, 2018",,,,,,,,,QUICK - STEP FLOORS,QUICK - STEP FLOORS,DECEUNINCK  -  QUICK - STEP
Lennard KÄMNA,Lennard,KÄMNA,GER,GER0051,"Vuelta a España, 2017",,,,,,,,,TEAM SUNWEB,TEAM SUNWEB,TEAM SUNWEB
Gianni MOSCON,Gianni,MOSCON,ITA,ITA0185,"Paris-Roubaix, 2016",,,,,,,,TEAM SKY,TEAM SKY,TEAM SKY,TEAM INEOS
Paul OURSELIN,Paul,OURSELIN,FRA,FRA0158,"Il Lombardia, 2017",,,,,,,,,DIRECT ENERGIE,DIRECT ENERGIE,TOTAL DIRECT ENERGIE
Stéphane ROSSETTO,Stéphane,ROSSETTO,FRA,FRA0159,"Vuelta a España, 2018",,,,,,,"COFIDIS, SOLUTIONS CREDITS","COFIDIS, SOLUTIONS CREDITS","COFIDIS, SOLUTIONS CREDITS","COFIDIS, SOLUTIONS CREDITS","COFIDIS, SOLUTIONS CREDITS"
Sven Erik BYSTRØM,Sven Erik,BYSTRØM,NOR,NOR0012,"Ronde van Vlaanderen, 2015",,,,,,,TEAM KATUSHA,TEAM KATUSHA,TEAM KATUSHA ALPECIN,UAE TEAM EMIRATES,UAE TEAM EMIRATES
Odd Christian EIKING,Odd Christian,EIKING,NOR,NOR0013,"Critérium du Dauphiné, 2018",,,,,,,,FDJ,FDJ,WANTY - GROUPE GOBERT,WANTY - GOBERT CYCLING TEAM
Benoit COSNEFROY,Benoit,COSNEFROY,FRA,FRA0160,"Liège-Bastogne-Liège, 2018",,,,,,,,,,AG2R LA MONDIALE,AG2R LA MONDIALE
Ivan GARCIA CORTINA,Ivan,GARCIA CORTINA,ESP,ESP0106,"Vuelta a España, 2018",,,,,,,,,BAHRAIN - MERIDA,BAHRAIN - MERIDA,BAHRAIN - MERIDA
Kasper ASGREEN,Kasper,ASGREEN,DEN,DEN0023,"Vuelta a España, 2018",,,,,,,,,,QUICK - STEP FLOORS,DECEUNINCK  -  QUICK - STEP
Aime DE GENDT,Aime,DE GENDT,BEL,BEL0086,"Ronde van Vlaanderen, 2018",,,,,,,,,SPORT VLAANDEREN - BALOISE,SPORT VLAANDEREN - BALOISE,WANTY - GOBERT CYCLING TEAM
Kevin VAN MELSEN,Kevin,VAN MELSEN,BEL,BEL0087,"Ronde van Vlaanderen, 2016",,,VERANDA'S WILLEMS - ACCENT,ACCENT JOBS - WILLEMS VERANDA'S,,,WANTY - GROUPE GOBERT,WANTY - GROUPE GOBERT,,,WANTY - GOBERT CYCLING TEAM
Ezequiel MOSQUERA MIGUEZ,Ezequiel,MOSQUERA MIGUEZ,ESP,ESP0107,"Vuelta a España, 2010",XACOBEO GALICIA,XACOBEO GALICIA,,,,,,,,,
Manuel VAZQUEZ HUESO,Manuel,VAZQUEZ HUESO,ESP,ESP0108,"Vuelta a España, 2009",CONTENTPOLIS-AMPO,,,,,,,,,,
David HERRERO LLORENTE,David,HERRERO LLORENTE,ESP,ESP0109,"Vuelta a España, 2009",XACOBEO GALICIA,,,,,,,,,,
Adrian PALOMARES VILLAPLANA,Adrian,PALOMARES VILLAPLANA,ESP,ESP0110,"Vuelta a España, 2012",CONTENTPOLIS-AMPO,,ANDALUCIA CAJA GRANADA,ANDALUCIA,,,,,,,
Manuel CALVENTE CORPAS,Manuel,CALVENTE CORPAS,ESP,ESP0111,"Vuelta a España, 2009",ANDALUCIA CAJASUR,,,,,,,,,,
Olivier BONNAIRE,Olivier,BONNAIRE,FRA,FRA0161,"Paris-Roubaix, 2011",BBOX BOUYGUES TELECOM,FRANÇAISE DES JEUX,FDJ,,,,,,,,
Xavier FLORENCIO,Xavier,FLORENCIO,ESP,ESP0112,"Il Lombardia, 2011",CERVELO TEST TEAM,CERVELO TEST TEAM,GEOX-TMC,KATUSHA TEAM,KATUSHA,,,,,,
Javier RAMIREZ ABEJA,Javier,RAMIREZ ABEJA,ESP,ESP0113,"Vuelta a España, 2012",ANDALUCIA CAJASUR,ANDALUCIA - CAJASUR,,ANDALUCIA,,,,,,,
Francisco Jose MARTINEZ PEREZ,Francisco Jose,MARTINEZ PEREZ,ESP,ESP0114,"Vuelta a España, 2009",ANDALUCIA CAJASUR,,,,,,,,,,
Gustavo DOMINGUEZ LEMOS,Gustavo,DOMINGUEZ LEMOS,ESP,ESP0115,"Vuelta a España, 2009",XACOBEO GALICIA,,,,,,,,,,
Antonio PIEDRA PEREZ,Antonio,PIEDRA PEREZ,ESP,ESP0116,"Vuelta a España, 2014",ANDALUCIA CAJASUR,ANDALUCIA - CAJASUR,ANDALUCIA CAJA GRANADA,CAJA RURAL,CAJA RURAL - SEGUROS RGA,CAJA RURAL - SEGUROS RGA,,,,,
Julian SANCHEZ PIMIENTA,Julian,SANCHEZ PIMIENTA,ESP,ESP0117,"Vuelta a España, 2009",CONTENTPOLIS-AMPO,,,,,,,,,,
Aitor HERNANDEZ GUTIERREZ,Aitor,HERNANDEZ GUTIERREZ,ESP,ESP0118,"Tirreno-Adriatico, 2010",EUSKALTEL - EUSKADI,EUSKALTEL - EUSKADI,,,,,,,,,
Roger HAMMOND,Roger,HAMMOND,GBR,GBR0023,"Tirreno-Adriatico, 2011",CERVELO TEST TEAM,CERVELO TEST TEAM,TEAM GARMIN-CERVELO,,,,,,,,
Jesus ROSENDO PRADO,Jesus,ROSENDO PRADO,ESP,ESP0119,"Vuelta a España, 2012",ANDALUCIA CAJASUR,,ANDALUCIA CAJA GRANADA,ANDALUCIA,,,,,,,
Javier BENITEZ POMARES,Javier,BENITEZ POMARES,ESP,ESP0120,"Vuelta a España, 2009",CONTENTPOLIS-AMPO,,,,,,,,,,
Jose RUIZ SANCHEZ,Jose,RUIZ SANCHEZ,ESP,ESP0121,"Vuelta a España, 2009",ANDALUCIA CAJASUR,,,,,,,,,,
Francisco Jose PACHECO TORRES,Francisco Jose,PACHECO TORRES,ESP,ESP0122,"Vuelta a España, 2009",CONTENTPOLIS-AMPO,,,,,,,,,,
Matheus PRONK,Matheus,PRONK,NED,NED0064,"Vuelta a España, 2009",VACANSOLEIL PRO CYCLING TEAM,,,,,,,,,,
Jean Eudes DEMARET,Jean Eudes,DEMARET,FRA,FRA0162,"Vuelta a España, 2009","COFIDIS, LE CREDIT EN LIGNE",,,,,,,,,,
Emanuele BINDI,Emanuele,BINDI,ITA,ITA0186,"Vuelta a España, 2009",LAMPRE - N.G.C,,,,,,,,,,
Massimiliano MORI,Massimiliano,MORI,ITA,ITA0187,"Vuelta a España, 2009",LAMPRE - N.G.C,,,,,,,,,,
Timothy GUDSELL,Timothy,GUDSELL,NZL,NZL0012,"Paris-Roubaix, 2010",FRANÇAISE DES JEUX,FRANÇAISE DES JEUX,,,,,,,,,
Jose Vicente GARCIA ACOSTA,Jose Vicente,GARCIA ACOSTA,ESP,ESP0123,"Vuelta a España, 2011",CAISSE D'EPARGNE,CAISSE D'EPARGNE,MOVISTAR TEAM,,,,,,,,
Mikel GAZTANAGA ECHEVERRIA,Mikel,GAZTANAGA ECHEVERRIA,ESP,ESP0124,"Vuelta a España, 2009",CONTENTPOLIS-AMPO,,,,,,,,,,
Vitaliy BUTS,Vitaliy,BUTS,UKR,UKR0008,"Paris-Roubaix, 2012",LAMPRE - N.G.C,LAMPRE-FARNESE VINI,LAMPRE - ISD,LAMPRE - ISD,,,,,,,
Oscar GARCIA-CASARRUBIOS PINTOR,Oscar,GARCIA-CASARRUBIOS PINTOR,ESP,ESP0125,"Vuelta a España, 2009",CONTENTPOLIS-AMPO,,,,,,,,,,
Sergio DOMINGUEZ MUNOZ,Sergio,DOMINGUEZ MUNOZ,ESP,ESP0126,"Vuelta a España, 2009",CONTENTPOLIS-AMPO,,,,,,,,,,
Franck PEROUX,Franck,PEROUX,FRA,FRA0163,"Liège-Bastogne-Liège, 2012",BBOX BOUYGUES TELECOM,,,TEAM EUROPCAR,,,,,,,
Manuel ORTEGA OCANA,Manuel,ORTEGA OCANA,ESP,ESP0127,"Vuelta a España, 2010",ANDALUCIA CAJASUR,ANDALUCIA - CAJASUR,,,,,,,,,
Alberto FERNANDEZ SAINZ,Alberto,FERNANDEZ SAINZ,ESP,ESP0128,"Vuelta a España, 2009",XACOBEO GALICIA,,,,,,,,,,
Francesco TOMEI,Francesco,TOMEI,ITA,ITA0188,"Vuelta a España, 2009",LAMPRE - N.G.C,,,,,,,,,,
Jose Antonio LOPEZ GIL,Jose Antonio,LOPEZ GIL,ESP,ESP0129,"Vuelta a España, 2009",ANDALUCIA CAJASUR,,,,,,,,,,
Oscar PUJOL MUÑOZ,Oscar,PUJOL MUÑOZ,ESP,ESP0130,"Il Lombardia, 2009",CERVELO TEST TEAM,CERVELO TEST TEAM,OMEGA PHARMA-LOTTO,,,,,,,,
Gustavo Rodriguez IGLESIAS,Gustavo Rodriguez,IGLESIAS,ESP,ESP0131,"Vuelta a España, 2010",,XACOBEO GALICIA,,,,,,,,,
Juan Javier ESTRADA RUIZ,Juan Javier,ESTRADA RUIZ,ESP,ESP0132,"Vuelta a España, 2010",,ANDALUCIA - CAJASUR,,,,,,,,,
Sergio CARRASCO GARCIA,Sergio,CARRASCO GARCIA,ESP,ESP0133,"Vuelta a España, 2012",,ANDALUCIA - CAJASUR,,ANDALUCIA,,,,,,,
Sergey RENEV,Sergey,RENEV,KAZ,KAZ0016,"Tour de Suisse, 2011",ASTANA,ASTANA,PRO TEAM ASTANA,,,,,,,,
David GUTIERREZ GUTIERREZ,David,GUTIERREZ GUTIERREZ,ESP,ESP0134,"Il Lombardia, 2011",,FOOTON-SERVETTO,GEOX-TMC,,,,,,,,
Markus EICHLER,Markus,EICHLER,GER,GER0052,"Paris-Roubaix, 2013",TEAM MILRAM,TEAM MILRAM,,TEAM NETAPP,TEAM NETAPP - ENDURA,,,,,,
Enrique MATA,Enrique,MATA,ESP,ESP0135,"Vuelta a España, 2010",,FOOTON-SERVETTO,,,,,,,,,
Jose Vicente TORIBIO ALCOLEA,Jose Vicente,TORIBIO ALCOLEA,ESP,ESP0136,"Vuelta a España, 2012",,ANDALUCIA - CAJASUR,ANDALUCIA CAJA GRANADA,ANDALUCIA,,,,,,,
Andreas STAUFF,Andreas,STAUFF,GER,GER0053,"Liège-Bastogne-Liège, 2015",,QUICK STEP,QUICKSTEP CYCLING TEAM,,MTN - QHUBEKA,MTN - QHUBEKA,MTN - QHUBEKA,,,,
Johnnie WALKER,Johnnie,WALKER,AUS,AUS0047,"Vuelta a España, 2010",,FOOTON-SERVETTO,,,,,,,,,
Jorge Martin MONTENEGRO ADARO,Jorge Martin,MONTENEGRO ADARO,ARG,ARG0005,"Vuelta a España, 2010",,ANDALUCIA - CAJASUR,,,,,,,,,
Michel KREDER,Michel,KREDER,NED,NED0065,"Tour de Suisse, 2016",,GARMIN - TRANSITIONS,,GARMIN - SHARP,GARMIN SHARP,WANTY - GROUPE GOBERT,,ROOMPOT - ORANJE PELOTON,AQUA BLUE SPORT,,
Arnaud LABBE,Arnaud,LABBE,FRA,FRA0164,"Paris-Roubaix, 2013",BBOX BOUYGUES TELECOM,"COFIDIS, LE CREDIT EN LIGNE","COFIDIS, LE CREDIT EN LIGNE","COFIDIS, LE CREDIT EN LIGNE","COFIDIS, SOLUTIONS CREDITS",,,,,,
Liff HOSTE,Liff,HOSTE,BEL,BEL0088,"Ronde van Vlaanderen, 2012",SILENCE-LOTTO,OMEGA PHARMA-LOTTO,KATUSHA TEAM,ACCENT JOBS - WILLEMS VERANDA'S,,,,,,,
Roy SENTJENS,Roy,SENTJENS,BEL,BEL0089,"Critérium du Dauphiné, 2009",SILENCE-LOTTO,TEAM MILRAM,,,,,,,,,
Freddy BICHOT,Freddy,BICHOT,FRA,FRA0165,"Liège-Bastogne-Liège, 2009",AGRITUBEL,BBOX BOUYGUES TELECOM,,,,,,,,,
David VITORIA,David,VITORIA,SUI,SUI0024,"Vuelta a España, 2010",,FOOTON-SERVETTO,,,,,,,,,
Santo ANZA,Santo,ANZA,ITA,ITA0189,"Il Lombardia, 2009",ISD - NERI,,VACANSOLEIL-DCM PRO CYCLING TEAM,,,,,,,,
Andrey MIZUROV,Andrey,MIZUROV,KAZ,KAZ0017,"Vuelta a España, 2011",,,PRO TEAM ASTANA,,,,,,,,
Marc DE MAAR,Marc,DE MAAR,NED,NED0066,"Milano-Sanremo, 2014",RABOBANK,,QUICKSTEP CYCLING TEAM,,,UNITEDHEALTHCARE PROFESSIONAL CYCLING TEAM,ROOMPOT ORANJE PELOTON,,,,
David BERNABEU ARMENGOL,David,BERNABEU ARMENGOL,ESP,ESP0137,"Vuelta a España, 2011",,,ANDALUCIA CAJA GRANADA,,,,,,,,
Jose Luis ROLDAN CARMONA,Jose Luis,ROLDAN CARMONA,ESP,ESP0138,"Vuelta a España, 2011",,,ANDALUCIA CAJA GRANADA,,,,,,,,
Steve HOUANARD,Steve,HOUANARD,FRA,FRA0166,"Paris-Roubaix, 2010",,SKIL - SHIMANO,AG2R LA MONDIALE,AG2R LA MONDIALE,,,,,,,
Yukihiro DOI,Yukihiro,DOI,JPN,JPN0006,"Liège-Bastogne-Liège, 2009",SKIL-SHIMANO,,SKIL - SHIMANO,TEAM ARGOS - SHIMANO,,,,,,,
Antonio Jesus CABELLO BAENA,Antonio Jesus,CABELLO BAENA,ESP,ESP0139,"Vuelta a España, 2011",,,ANDALUCIA CAJA GRANADA,,,,,,,,
Angel MADRAZO RUIZ,Angel,MADRAZO RUIZ,ESP,ESP0140,"Liège-Bastogne-Liège, 2012",CAISSE D'EPARGNE,CAISSE D'EPARGNE,MOVISTAR TEAM,MOVISTAR TEAM,MOVISTAR TEAM,CAJA RURAL - SEGUROS RGA,CAJA RURAL-SEGUROS RGA,CAJA RURAL-SEGUROS RGA,DELKO MARSEILLE PROVENCE KTM,,BURGOS - BH
Hernâni BRÔCO,Hernâni,BRÔCO,POR,POR0013,"Vuelta a España, 2012",,,,CAJA RURAL,,,,,,,
Oleksandr KVACHUK,Oleksandr,KVACHUK,UKR,UKR0009,"Milano-Sanremo, 2009",ISD,,LAMPRE - ISD,LAMPRE - ISD,,,,,,,
Florent BARLE,Florent,BARLE,FRA,FRA0167,"Paris-Roubaix, 2013",,,,"COFIDIS, LE CREDIT EN LIGNE","COFIDIS, SOLUTIONS CREDITS",,,,,,
Wouter MOL,Wouter,MOL,NED,NED0067,"Paris-Roubaix, 2010",,VACANSOLEIL PRO CYCLING TEAM,VACANSOLEIL-DCM PRO CYCLING TEAM,VACANSOLEIL-DCM PRO CYCLING TEAM,,,,,,,
Javier CHACON QUESADA,Javier,CHACON QUESADA,ESP,ESP0141,"Vuelta a España, 2012",,,,ANDALUCIA,,,,,,,
Travis MEYER,Travis,MEYER,AUS,AUS0048,"Critérium du Dauphiné, 2013",,,,ORICA GreenEDGE,ORICA GreenEDGE,,,,,,
Danail PETROV,Danail,PETROV,BUL,BUL0002,"Vuelta a España, 2012",,,,CAJA RURAL,,,,,,,
Raymond KREDER,Raymond,KREDER,NED,NED0068,"Paris-Roubaix, 2014",,,,GARMIN - SHARP,GARMIN SHARP,GARMIN SHARP,,ROOMPOT - ORANJE PELOTON,,,
Aitor GALDOS ALONSO,Aitor,GALDOS ALONSO,ESP,ESP0142,"Liège-Bastogne-Liège, 2010",EUSKALTEL - EUSKADI,EUSKALTEL - EUSKADI,,CAJA RURAL,,,,,,,
Pablo LECHUGA RODRIGUEZ,Pablo,LECHUGA RODRIGUEZ,ESP,ESP0143,"Vuelta a España, 2012",,,,ANDALUCIA,,,,,,,
David BOUCHER,David,BOUCHER,FRA,FRA0168,"Ronde van Vlaanderen, 2010",LANDBOUWKREDIET - COLNAGO,LANDBOUWKREDIET,OMEGA PHARMA-LOTTO,FDJ-BIG MAT,FDJ,FDJ.fr,FDJ,,,,
Joost VAN LEIJEN,Joost,VAN LEIJEN,NED,NED0069,"Tour de Suisse, 2010",,VACANSOLEIL PRO CYCLING TEAM,,LOTTO BELISOL TEAM,,,,,,,
Fabricio FERRARI BARCELO,Fabricio,FERRARI BARCELO,URU,URU0001,"Vuelta a España, 2017",,,,,CAJA RURAL - SEGUROS RGA,,,,CAJA RURAL - SEGUROS RGA,,
Luca DODI,Luca,DODI,ITA,ITA0190,"Vuelta a España, 2013",,,,,LAMPRE-MERIDA,,,,,,
Stéphane POULHIES,Stéphane,POULHIES,FRA,FRA0169,"Paris-Roubaix, 2012",AG2R LA MONDIALE,SAUR - SOJASUN,SAUR - SOJASUN,SAUR - SOJASUN,"COFIDIS, SOLUTIONS CREDITS",,,,,,
Francesco LASCA,Francesco,LASCA,ITA,ITA0191,"Vuelta a España, 2014",,,,,CAJA RURAL - SEGUROS RGA,CAJA RURAL - SEGUROS RGA,,,,,
Massimo GRAZIATO,Massimo,GRAZIATO,ITA,ITA0192,"Paris-Roubaix, 2012",,,,LAMPRE - ISD,LAMPRE-MERIDA,,,,,,
Sebastian LANDER,Sebastian,LANDER,DEN,DEN0024,"Vuelta a España, 2013",,,,,BMC RACING TEAM,,,,,,
Cyril BESSY,Cyril,BESSY,FRA,FRA0170,"Critérium du Dauphiné, 2011",,,SAUR - SOJASUN,,"COFIDIS, SOLUTIONS CREDITS",,,,,,
Andrew FENN,Andrew,FENN,GBR,GBR0024,"Paris-Roubaix, 2016",,,,,OMEGA PHARMA - QUICK-STEP CYCLING TEAM,,TEAM SKY,TEAM SKY,,,
Barry MARKUS,Barry,MARKUS,NED,NED0070,"Vuelta a España, 2013",,,,,VACANSOLEIL-DCM PRO CYCLING TEAM,,,,,,
Yannick MARTINEZ,Yannick,MARTINEZ,FRA,FRA0171,"Paris-Roubaix, 2018",,,,,,TEAM EUROPCAR,TEAM EUROPCAR,DELKO MARSEILLE PROVENCE KTM,DELKO MARSEILLE PROVENCE KTM,DELKO MARSEILLE PROVENCE KTM,
Marcel AREGGER,Marcel,AREGGER,SUI,SUI0025,"Vuelta a España, 2015",,,,,,IAM CYCLING,IAM CYCLING,,,,
Karol DOMAGALSKI,Karol,DOMAGALSKI,POL,POL0019,"Vuelta a España, 2014",,,,,,CAJA RURAL - SEGUROS RGA,,,,,
Matthias KRIZEK,Matthias,KRIZEK,AUT,AUT0016,"Tour de Suisse, 2016",,,,,,CANNONDALE,,TEAM ROTH,,,
Dan CRAVEN,Dan,CRAVEN,NAM,NAM0001,"Vuelta a España, 2014",,,,,,TEAM EUROPCAR,,,,,
Jonathan FUMEAUX,Jonathan,FUMEAUX,SUI,SUI0026,"Il Lombardia, 2013",,,,,IAM CYCLING,IAM CYCLING,IAM CYCLING,IAM CYCLING,,,
Pirmin LANG,Pirmin,LANG,SUI,SUI0027,"Liège-Bastogne-Liège, 2013",,,,,IAM CYCLING,IAM CYCLING,IAM CYCLING,,,,
Gert JOEÄÄR,Gert,JOEÄÄR,EST,EST0005,"Paris-Roubaix, 2016",,,,,"COFIDIS, SOLUTIONS CREDITS","COFIDIS, SOLUTIONS CREDITS","COFIDIS, SOLUTIONS CREDITS","COFIDIS, SOLUTIONS CREDITS",,,
Daniil FOMINYKH,Daniil,FOMINYKH,KAZ,KAZ0018,"Paris-Roubaix, 2019",,,,,,ASTANA PRO TEAM,ASTANA PRO TEAM,ASTANA PRO TEAM,ASTANA PRO TEAM,,ASTANA PRO TEAM
Ricardo VILELA,Ricardo,VILELA,POR,POR0014,"Tirreno-Adriatico, 2016",,,,,,,CAJA RURAL-SEGUROS RGA,CAJA RURAL-SEGUROS RGA,MANZANA POSTOBON TEAM,,BURGOS - BH
Juan Pablo VALENCIA,Juan Pablo,VALENCIA,COL,COL0034,"Il Lombardia, 2014",,,,,COLOMBIA,COLOMBIA,COLOMBIA,,,,
Simon PELLAUD,Simon,PELLAUD,SUI,SUI0028,"Tour de Suisse, 2019",,,,,,,IAM CYCLING,IAM CYCLING,,,SWITZERLAND
Brayan Stiven RAMIREZ CHACON,Brayan Stiven,RAMIREZ CHACON,COL,COL0035,"Vuelta a España, 2015",,,,,,,COLOMBIA,,,,
Youcef REGUIGUI,Youcef,REGUIGUI,ALG,ALG0001,"Critérium du Dauphiné, 2017",,,,,,,MTN - QHUBEKA,TEAM DIMENSION DATA,TEAM DIMENSION DATA,,
Walter Fernando PEDRAZA MORALES,Walter Fernando,PEDRAZA MORALES,COL,COL0036,"Vuelta a España, 2015",,,,,,,COLOMBIA,,,,
Carlos BARBERO,Carlos,BARBERO,ESP,ESP0144,"Milano-Sanremo, 2017",,,,,,,CAJA RURAL-SEGUROS RGA,,MOVISTAR TEAM,MOVISTAR TEAM,MOVISTAR TEAM
Gediminas BAGDONAS,Gediminas,BAGDONAS,LTU,LTU0004,"Ronde van Vlaanderen, 2019",,,,,AG2R LA MONDIALE,AG2R LA MONDIALE,AG2R LA MONDIALE,AG2R LA MONDIALE,AG2R LA MONDIALE,AG2R LA MONDIALE,AG2R LA MONDIALE
Zico WAEYTENS,Zico,WAEYTENS,BEL,BEL0090,"Ronde van Vlaanderen, 2018",,,,,,,TEAM GIANT - ALPECIN,TEAM GIANT - ALPECIN,TEAM SUNWEB,VERANDA'S WILLEMS - CRELAN,"COFIDIS, SOLUTIONS CREDITS"
Lorrenzo MANZIN,Lorrenzo,MANZIN,FRA,FRA0172,"Critérium du Dauphiné, 2019",,,,,,,FDJ,FDJ,FDJ,VITAL CONCEPT CYCLING CLUB,VITAL CONCEPT - B&B HOTELS
Alex Norberto CANO ARDILA,Alex Norberto,CANO ARDILA,COL,COL0037,"Vuelta a España, 2015",,,,,,,COLOMBIA,,,,
Jaime ROSON GARCIA,Jaime,ROSON GARCIA,ESP,ESP0145,"Critérium du Dauphiné, 2018",,,,,,,,CAJA RURAL-SEGUROS RGA,CAJA RURAL - SEGUROS RGA,MOVISTAR TEAM,
Jelle WALLAYS,Jelle,WALLAYS,BEL,BEL0091,"Ronde van Vlaanderen, 2015",,,,,,,,LOTTO SOUDAL,LOTTO SOUDAL,LOTTO SOUDAL,LOTTO SOUDAL
Eduard PRADES REVERTER,Eduard,PRADES REVERTER,ESP,ESP0146,"Tirreno-Adriatico, 2019",,,,,,,,CAJA RURAL-SEGUROS RGA,,EUSKADI BASQUE COUNTRY - MURIAS,MOVISTAR TEAM
Jhonatan RESTREPO VALENCIA,Jhonatan,RESTREPO VALENCIA,COL,COL0038,"Tour de Suisse, 2017",,,,,,,,TEAM KATUSHA,TEAM KATUSHA ALPECIN,TEAM KATUSHA ALPECIN,
Kiel REIJNEN,Kiel,REIJNEN,USA,USA0038,"Milano-Sanremo, 2014",,,,TEAM TYPE 1 - SANOFI,,UNITEDHEALTHCARE PROFESSIONAL CYCLING TEAM,UNITEDHEALTHCARE PROFESSIONAL CYCLING TEAM,TREK - SEGAFREDO,TREK - SEGAFREDO,TREK - SEGAFREDO,TREK - SEGAFREDO
Ryan ANDERSON,Ryan,ANDERSON,CAN,CAN0011,"Tour de Suisse, 2019",,,,SPIDERTECH POWERED BY C10,,,,DIRECT ENERGIE,DIRECT ENERGIE,,RALLY UHC CYCLING
Loic CHETOUT,Loic,CHETOUT,FRA,FRA0173,"Paris-Roubaix, 2017",,,,,,,,"COFIDIS, SOLUTIONS CREDITS","COFIDIS, SOLUTIONS CREDITS","COFIDIS, SOLUTIONS CREDITS",
Jonas VAN GENECHTEN,Jonas,VAN GENECHTEN,BEL,BEL0092,"Paris-Roubaix, 2019",,,,LOTTO BELISOL TEAM,,LOTTO BELISOL,IAM CYCLING,IAM CYCLING,"COFIDIS, SOLUTIONS CREDITS",VITAL CONCEPT CYCLING CLUB,VITAL CONCEPT - B&B HOTELS
Romain CARDIS,Romain,CARDIS,FRA,FRA0174,"Paris-Roubaix, 2019",,,,,,,,DIRECT ENERGIE,DIRECT ENERGIE,DIRECT ENERGIE,TOTAL DIRECT ENERGIE
Julien MORICE,Julien,MORICE,FRA,FRA0175,"Paris-Roubaix, 2019",,,,,,,TEAM EUROPCAR,DIRECT ENERGIE,DIRECT ENERGIE,VITAL CONCEPT CYCLING CLUB,VITAL CONCEPT - B&B HOTELS
Nicolas DOUGALL,Nicolas,DOUGALL,RSA,RSA0012,"Tour de Suisse, 2018",,,,,,,,TEAM DIMENSION DATA,TEAM DIMENSION DATA,TEAM DIMENSION DATA,
Silvio HERKLOTZ,Silvio,HERKLOTZ,GER,GER0054,"Critérium du Dauphiné, 2017",,,,,,,,BORA-ARGON 18,BORA - HANSGROHE,,
Mário COSTA,Mário,COSTA,POR,POR0015,"Paris-Nice, 2015",,,,,,,LAMPRE - MERIDA,LAMPRE - MERIDA,,,
Federico ZURLO,Federico,ZURLO,ITA,ITA0193,"Il Lombardia, 2015",,,,,,,UNITEDHEALTHCARE PROFESSIONAL CYCLING TEAM,LAMPRE - MERIDA,UAE TEAM EMIRATES,,
Hernan Ricardo AGUIRRE CAIPA,Hernan Ricardo,AGUIRRE CAIPA,COL,COL0039,"Vuelta a España, 2017",,,,,,,,,MANZANA POSTOBON TEAM,,
Aldemar REYES ORTEGA,Aldemar,REYES ORTEGA,COL,COL0040,"Vuelta a España, 2017",,,,,,,,,MANZANA POSTOBON TEAM,,
Bernardo Albeiro SUAZA ARANGO,Bernardo Albeiro,SUAZA ARANGO,COL,COL0041,"Vuelta a España, 2017",,,,,,,,,MANZANA POSTOBON TEAM,,
Daan OLIVIER,Daan,OLIVIER,NED,NED0071,"Il Lombardia, 2018",,,,,,TEAM GIANT-SHIMANO,,,TEAM LOTTO NL - JUMBO,TEAM LOTTO NL - JUMBO,
Floris DE TIER,Floris,DE TIER,BEL,BEL0093,"Liège-Bastogne-Liège, 2016",,,,,,,,,TEAM LOTTO NL - JUMBO,TEAM LOTTO NL - JUMBO,TEAM JUMBO - VISMA
Jérémy MAISON,Jérémy,MAISON,FRA,FRA0176,"Il Lombardia, 2018",,,,,,,,FDJ,FDJ,TEAM FORTUNEO - SAMSIC,TEAM ARKEA - SAMSIC
Hector SAEZ BENITO,Hector,SAEZ BENITO,ESP,ESP0147,"Vuelta a España, 2019",,,,,,,,,CAJA RURAL - SEGUROS RGA,EUSKADI BASQUE COUNTRY - MURIAS,EUSKADI BASQUE COUNTRY - MURIAS
Juan Felipe OSORIO ARBOLEDA,Juan Felipe,OSORIO ARBOLEDA,COL,COL0042,"Vuelta a España, 2017",,,,,,,,,MANZANA POSTOBON TEAM,,
Lachlan MORTON,Lachlan,MORTON,AUS,AUS0049,"Il Lombardia, 2018",,,,,GARMIN SHARP,GARMIN SHARP,,,TEAM DIMENSION DATA,TEAM DIMENSION DATA,
Hernando BOHORQUEZ SANCHEZ,Hernando,BOHORQUEZ SANCHEZ,COL,COL0043,"Critérium du Dauphiné, 2019",,,,,,,,,MANZANA POSTOBON TEAM,,ASTANA PRO TEAM
Julien DUVAL,Julien,DUVAL,FRA,FRA0177,"Tirreno-Adriatico, 2019",,,,,,,,,AG2R LA MONDIALE,AG2R LA MONDIALE,AG2R LA MONDIALE
Nicholas SCHULTZ,Nicholas,SCHULTZ,AUS,AUS0050,"Vuelta a España, 2019",,,,,,,,,CAJA RURAL - SEGUROS RGA,CAJA RURAL - SEGUROS RGA,MITCHELTON - SCOTT
Loïc VLIEGEN,Loïc,VLIEGEN,BEL,BEL0094,"Liège-Bastogne-Liège, 2019",,,,,,,,BMC RACING TEAM,BMC RACING TEAM,BMC RACING TEAM,WANTY - GOBERT CYCLING TEAM
Brendan CANTY,Brendan,CANTY,AUS,AUS0051,"Critérium du Dauphiné, 2018",,,,,,,,,CANNONDALE DRAPAC PROFESSIONAL CYCLING TEAM,TEAM EF EDUCATION FIRST - DRAPAC P/B CANNONDALE,
Laurens DE VREESE,Laurens,DE VREESE,BEL,BEL0095,"Ronde van Vlaanderen, 2013",,,,,,WANTY - GROUPE GOBERT,ASTANA PRO TEAM,ASTANA PRO TEAM,ASTANA PRO TEAM,ASTANA PRO TEAM,ASTANA PRO TEAM
Daniel HOELGAARD,Daniel,HOELGAARD,NOR,NOR0014,"Tour de Suisse, 2019",,,,,,,,FDJ,FDJ,GROUPAMA - FDJ,GROUPAMA - FDJ
Diego RUBIO HERNANDEZ,Diego,RUBIO HERNANDEZ,ESP,ESP0148,"Vuelta a España, 2019",,,,,,,,,CAJA RURAL - SEGUROS RGA,BURGOS - BH,BURGOS - BH
Tim DECLERCQ,Tim,DECLERCQ,BEL,BEL0096,"Ronde van Vlaanderen, 2016",,,,,,,,,QUICK - STEP FLOORS,QUICK - STEP FLOORS,DECEUNINCK  -  QUICK - STEP
Rafael REIS,Rafael,REIS,POR,POR0016,"Vuelta a España, 2017",,,,,,,,,CAJA RURAL - SEGUROS RGA,,
Fernando ORJUELA GUTIERREZ,Fernando,ORJUELA GUTIERREZ,COL,COL0044,"Vuelta a España, 2017",,,,,,,,,MANZANA POSTOBON TEAM,,
Mark CHRISTIAN,Mark,CHRISTIAN,GBR,GBR0025,"Tour de Suisse, 2018",,,,,,,,,AQUA BLUE SPORT,AQUA BLUE SPORT,
Lasse Norman HANSEN,Lasse Norman,HANSEN,DEN,DEN0025,"Ronde van Vlaanderen, 2019",,,,,,GARMIN SHARP,TEAM CANNONDALE - GARMIN,,AQUA BLUE SPORT,AQUA BLUE SPORT,CORENDON - CIRCUS
Aaron GATE,Aaron,GATE,NZL,NZL0013,"Liège-Bastogne-Liège, 2018",,,,,,,,,AQUA BLUE SPORT,AQUA BLUE SPORT,
Peter KONING,Peter,KONING,NED,NED0072,"Tour de Suisse, 2018",,,,,,,,,AQUA BLUE SPORT,AQUA BLUE SPORT,
Nikita STALNOV,Nikita,STALNOV,KAZ,KAZ0019,"Vuelta a España, 2018",,,,,,,,,ASTANA PRO TEAM,ASTANA PRO TEAM,
Remy MERTZ,Remy,MERTZ,BEL,BEL0097,"Critérium du Dauphiné, 2019",,,,,,,,,LOTTO SOUDAL,,LOTTO SOUDAL
Juan Sebastian MOLANO BENAVIDES,Juan Sebastian,MOLANO BENAVIDES,COL,COL0045,"Milano-Sanremo, 2015",,,,,,,COLOMBIA,,MANZANA POSTOBON TEAM,,UAE TEAM EMIRATES
Mikel BIZKARRA ETXEGIBEL,Mikel,BIZKARRA ETXEGIBEL,ESP,ESP0149,"Vuelta a España, 2019",,,,,,,,,,EUSKADI BASQUE COUNTRY - MURIAS,EUSKADI BASQUE COUNTRY - MURIAS
Oscar RODRIGUEZ GARAICOECHEA,Oscar,RODRIGUEZ GARAICOECHEA,ESP,ESP0150,"Vuelta a España, 2019",,,,,,,,,,EUSKADI BASQUE COUNTRY - MURIAS,EUSKADI BASQUE COUNTRY - MURIAS
Tao GEOGHEGAN HART,Tao,GEOGHEGAN HART,GBR,GBR0026,"Tour de Suisse, 2017",,,,,,,,,TEAM SKY,TEAM SKY,TEAM INEOS
Léo VINCENT,Léo,VINCENT,FRA,FRA0178,"Vuelta a España, 2018",,,,,,,,,,GROUPAMA - FDJ,
Aritz BAGÜES KALPARSORO,Aritz,BAGÜES KALPARSORO,ESP,ESP0151,"Vuelta a España, 2019",,,,,,,,,,EUSKADI BASQUE COUNTRY - MURIAS,EUSKADI BASQUE COUNTRY - MURIAS
Martijn TUSVELD,Martijn,TUSVELD,NED,NED0073,"Tour de Suisse, 2017",,,,,,,,,ROOMPOT - NEDERLANDSE LOTERIJ,TEAM SUNWEB,TEAM SUNWEB
Oscar CABEDO CARDA,Oscar,CABEDO CARDA,ESP,ESP0152,"Vuelta a España, 2019",,,,,,,,,,BURGOS - BH,BURGOS - BH
Jorge CUBERO GALVEZ,Jorge,CUBERO GALVEZ,ESP,ESP0153,"Vuelta a España, 2019",,,,,,,,,,BURGOS - BH,BURGOS - BH
Jesus EZQUERRA MUELA,Jesus,EZQUERRA MUELA,ESP,ESP0154,"Vuelta a España, 2019",,,,,,,,,,BURGOS - BH,BURGOS - BH
Mikel ITURRIA SEGUROLA,Mikel,ITURRIA SEGUROLA,ESP,ESP0155,"Vuelta a España, 2019",,,,,,,,,,EUSKADI BASQUE COUNTRY - MURIAS,EUSKADI BASQUE COUNTRY - MURIAS
Alex ARANBURU DEBA,Alex,ARANBURU DEBA,ESP,ESP0156,"Vuelta a España, 2019",,,,,,,,,,CAJA RURAL - SEGUROS RGA,CAJA RURAL - SEGUROS RGA
Mathias LE TURNIER,Mathias,LE TURNIER,FRA,FRA0179,"Il Lombardia, 2017",,,,,,,,,"COFIDIS, SOLUTIONS CREDITS","COFIDIS, SOLUTIONS CREDITS","COFIDIS, SOLUTIONS CREDITS"
Garikoitz BRAVO OIARBIDE,Garikoitz,BRAVO OIARBIDE,ESP,ESP0157,"Tirreno-Adriatico, 2013",,,,,EUSKALTEL EUSKADI,,,,,EUSKADI BASQUE COUNTRY - MURIAS,
Michael STORER,Michael,STORER,AUS,AUS0052,"Vuelta a España, 2019",,,,,,,,,,TEAM SUNWEB,TEAM SUNWEB
Antonio MOLINA CANET,Antonio,MOLINA CANET,ESP,ESP0158,"Vuelta a España, 2018",,,,,,,,,,CAJA RURAL - SEGUROS RGA,
Benjamin THOMAS,Benjamin,THOMAS,FRA,FRA0180,"Tirreno-Adriatico, 2019",,,,,,,,,,GROUPAMA - FDJ,GROUPAMA - FDJ
Jonathan LASTRA MARTINEZ,Jonathan,LASTRA MARTINEZ,ESP,ESP0159,"Vuelta a España, 2019",,,,,,,,,,CAJA RURAL - SEGUROS RGA,CAJA RURAL - SEGUROS RGA
Pablo TORRES MUIÑO,Pablo,TORRES MUIÑO,ESP,ESP0160,"Vuelta a España, 2018",,,,,,,,,,BURGOS - BH,
Jon ABERASTURI IZAGA,Jon,ABERASTURI IZAGA,ESP,ESP0161,"Vuelta a España, 2019",,,,,,,,,,EUSKADI BASQUE COUNTRY - MURIAS,CAJA RURAL - SEGUROS RGA
Nelson SOTO MARTINEZ,Nelson,SOTO MARTINEZ,COL,COL0046,"Vuelta a España, 2018",,,,,,,,,,CAJA RURAL - SEGUROS RGA,
Alexander EDMONDSON,Alexander,EDMONDSON,AUS,AUS0053,"Tour de Suisse, 2019",,,,,,,,,ORICA - SCOTT,MITCHELTON - SCOTT,MITCHELTON - SCOTT
Maximilian Richard WALSCHEID,Maximilian Richard,WALSCHEID,GER,GER0055,"Tirreno-Adriatico, 2017",,,,,,,,,TEAM SUNWEB,TEAM SUNWEB,TEAM SUNWEB
Tadej POGAČAR,Tadej,POGAČAR,SLO,SLO0018,"Vuelta a España, 2019",,,,,,,,,,,UAE TEAM EMIRATES
Carl Fredrik HAGEN,Carl Fredrik,HAGEN,NOR,NOR0015,"Vuelta a España, 2019",,,,,,,,,,,LOTTO SOUDAL
James KNOX,James,KNOX,GBR,GBR0027,"Critérium du Dauphiné, 2018",,,,,,,,,,QUICK - STEP FLOORS,DECEUNINCK  -  QUICK - STEP
Sergio Andres HIGUITA GARCIA,Sergio Andres,HIGUITA GARCIA,COL,COL0047,"Vuelta a España, 2019",,,,,,,,,,,EF EDUCATION FIRST
Hermann PERNSTEINER,Hermann,PERNSTEINER,AUT,AUT0017,"Tour de Suisse, 2018",,,,,,,,,,BAHRAIN - MERIDA,BAHRAIN - MERIDA
Ruben GUERREIRO,Ruben,GUERREIRO,POR,POR0017,"Liège-Bastogne-Liège, 2017",,,,,,,,,TREK - SEGAFREDO,TREK - SEGAFREDO,TEAM KATUSHA ALPECIN
Neilson POWLESS,Neilson,POWLESS,USA,USA0039,"Critérium du Dauphiné, 2018",,,,,,,,,,TEAM LOTTO NL - JUMBO,TEAM JUMBO - VISMA
Geoffrey BOUCHARD,Geoffrey,BOUCHARD,FRA,FRA0181,"Vuelta a España, 2019",,,,,,,,,,,AG2R LA MONDIALE
Matteo FABBRO,Matteo,FABBRO,ITA,ITA0194,"Critérium du Dauphiné, 2018",,,,,,,,,,TEAM KATUSHA ALPECIN,TEAM KATUSHA ALPECIN
Jonas KOCH,Jonas,KOCH,GER,GER0056,"Tour de Suisse, 2017",,,,,,,,VERVA ACTIVEJET PRO CYCLING TEAM,CCC SPRANDI POLKOWICE,,CCC TEAM
Owain DOULL,Owain,DOULL,GBR,GBR0028,"Tour de Suisse, 2018",,,,,,,,,TEAM SKY,TEAM SKY,TEAM INEOS
Steff CRAS,Steff,CRAS,BEL,BEL0098,"Tour de Suisse, 2018",,,,,,,,,,TEAM KATUSHA ALPECIN,TEAM KATUSHA ALPECIN
Dorian GODON,Dorian,GODON,FRA,FRA0182,"Vuelta a España, 2019",,,,,,,,,,,AG2R LA MONDIALE
Romain SEIGLE,Romain,SEIGLE,FRA,FRA0183,"Liège-Bastogne-Liège, 2018",,,,,,,,,,GROUPAMA - FDJ,GROUPAMA - FDJ
Mark PADUN,Mark,PADUN,UKR,UKR0010,"Tour de Suisse, 2018",,,,,,,,,,BAHRAIN - MERIDA,BAHRAIN - MERIDA
Cyril BARTHE,Cyril,BARTHE,FRA,FRA0184,"Vuelta a España, 2019",,,,,,,,,,,EUSKADI BASQUE COUNTRY - MURIAS
Bruno ARMIRAIL,Bruno,ARMIRAIL,FRA,FRA0185,"Critérium du Dauphiné, 2018",,,,,,,,,,GROUPAMA - FDJ,GROUPAMA - FDJ
Rob POWER,Rob,POWER,AUS,AUS0054,"Il Lombardia, 2016",,,,,,,,ORICA-BIKEEXCHANGE,ORICA - SCOTT,MITCHELTON - SCOTT,TEAM SUNWEB
Jorge ARCAS,Jorge,ARCAS,ESP,ESP0162,"Tour de Suisse, 2016",,,,,,,,MOVISTAR TEAM,MOVISTAR TEAM,MOVISTAR TEAM,MOVISTAR TEAM
Fernando BARCELO ARAGON,Fernando,BARCELO ARAGON,ESP,ESP0163,"Vuelta a España, 2019",,,,,,,,,,,EUSKADI BASQUE COUNTRY - MURIAS
Casper Phillip PEDERSEN,Casper Phillip,PEDERSEN,DEN,DEN0026,"Liège-Bastogne-Liège, 2018",,,,,,,,,,AQUA BLUE SPORT,TEAM SUNWEB
Nicholas DLAMINI,Nicholas,DLAMINI,RSA,RSA0013,"Critérium du Dauphiné, 2018",,,,,,,,,,TEAM DIMENSION DATA,TEAM DIMENSION DATA
Damien TOUZE,Damien,TOUZE,FRA,FRA0186,"Vuelta a España, 2019",,,,,,,,,,,"COFIDIS, SOLUTIONS CREDITS"
Sergio SAMITIER SAMITIER,Sergio,SAMITIER SAMITIER,ESP,ESP0164,"Vuelta a España, 2019",,,,,,,,,,,EUSKADI BASQUE COUNTRY - MURIAS
Nathan VAN HOOYDONCK,Nathan,VAN HOOYDONCK,BEL,BEL0099,"Paris-Roubaix, 2018",,,,,,,,,,BMC RACING TEAM,CCC TEAM
Harm VANHOUCKE,Harm,VANHOUCKE,BEL,BEL0100,"Vuelta a España, 2019",,,,,,,,,,,LOTTO SOUDAL
Willem Jakobus SMIT,Willem Jakobus,SMIT,RSA,RSA0014,"Tour de Suisse, 2018",,,,,,,,,,TEAM KATUSHA ALPECIN,TEAM KATUSHA ALPECIN
Alex KIRSCH,Alex,KIRSCH,LUX,LUX0008,"Paris-Roubaix, 2018",,,,,,,CULT ENERGY PRO CYCLING,,,WB AQUA PROTECT VERANCLASSIC,TREK - SEGAFREDO
Logan OWEN,Logan,OWEN,USA,USA0040,"Vuelta a España, 2019",,,,,,,,,,,EF EDUCATION FIRST
Rasmus TILLER,Rasmus,TILLER,NOR,NOR0016,"Vuelta a España, 2019",,,,,,,,,,,TEAM DIMENSION DATA
William BARTA,William,BARTA,USA,USA0041,"Vuelta a España, 2019",,,,,,,,,,,CCC TEAM
Gonzalo SERRANO RODRIGUEZ,Gonzalo,SERRANO RODRIGUEZ,ESP,ESP0165,"Vuelta a España, 2019",,,,,,,,,,,CAJA RURAL - SEGUROS RGA
Szymon SAJNOK,Szymon,SAJNOK,POL,POL0020,"Vuelta a España, 2019",,,,,,,,,,,CCC TEAM
Fabio JAKOBSEN,Fabio,JAKOBSEN,NED,NED0074,"Critérium du Dauphiné, 2018",,,,,,,,,,QUICK - STEP FLOORS,DECEUNINCK  -  QUICK - STEP
Pawel BERNAS,Pawel,BERNAS,POL,POL0021,"Vuelta a España, 2019",,,,,,,,,,,CCC TEAM
Nuno MATOS,Nuno,MATOS,POR,POR0018,"Paris-Roubaix, 2018",,,,,,,,,MOVISTAR TEAM,MOVISTAR TEAM,BURGOS - BH
Thomas FREI,Thomas,FREI,SUI,SUI0029,"Tirreno-Adriatico, 2010",BMC RACING TEAM,BMC RACING TEAM,,,,,,,,,
Timothy DUGGAN,Timothy,DUGGAN,USA,USA0042,"Il Lombardia, 2010",GARMIN - SLIPSTREAM,GARMIN - TRANSITIONS,,LIQUIGAS-CANNONDALE,Team SAXO-TINKOFF,,,,,,
Lasse BOCHMANN,Lasse,BOCHMANN,DEN,DEN0027,"Critérium du Dauphiné, 2009",TEAM SAXO BANK,,,,,,,,,,
Javier MEGIAS LEAL,Javier,MEGIAS LEAL,ESP,ESP0166,"Milano-Sanremo, 2016",FUJI-SERVETTO,,TEAM TYPE 1 - SANOFI AVENTIS,TEAM TYPE 1 - SANOFI,,,TEAM NOVO NORDISK,TEAM NOVO NORDISK,TEAM NOVO NORDISK,,
Alexandre MOOS,Alexandre,MOOS,SUI,SUI0030,"Tour de Suisse, 2010",BMC RACING TEAM,BMC RACING TEAM,,,,,,,,,
Markus ZBERG,Markus,ZBERG,SUI,SUI0031,"Critérium du Dauphiné, 2009",BMC RACING TEAM,,,,,,,,,,
Ian MCKISSICK,Ian,MCKISSICK,USA,USA0043,"Critérium du Dauphiné, 2009",BMC RACING TEAM,,,,,,,,,,
Fabrice PIEMONTESI,Fabrice,PIEMONTESI,ITA,ITA0195,"Il Lombardia, 2010",FUJI-SERVETTO,ANDRONI GIOCATTOLI - SERRAMENTI PVC DIQUIGIOVANNI,,,,,,,,,
Vladimir ZAGORODNII,Vladimir,ZAGORODNII,UKR,UKR0011,"Critérium du Dauphiné, 2009",LAMPRE - N.G.C,,,,,,,,,,
Frank HOJ,Frank,HOJ,DEN,DEN0028,"Critérium du Dauphiné, 2010",TEAM SAXO BANK,TEAM SAXO BANK,,,,,,,,,
Laszlo BODROGI,Laszlo,BODROGI,FRA,FRA0187,"Tour de Suisse, 2011",TEAM KATUSHA,TEAM KATUSHA,TEAM TYPE 1 - SANOFI AVENTIS,,,,,,,,
Christian KUX,Christian,KUX,GER,GER0057,"Critérium du Dauphiné, 2009",TEAM MILRAM,,,,,,,,,,
Inigo LANDALUZE INTXAURRAGA,Inigo,LANDALUZE INTXAURRAGA,ESP,ESP0167,"Critérium du Dauphiné, 2009",EUSKALTEL - EUSKADI,,,,,,,,,,
Servais KNAVEN,Servais,KNAVEN,NED,NED0075,"Tirreno-Adriatico, 2010",TEAM MILRAM,TEAM MILRAM,,,,,,,,,
Steven COZZA,Steven,COZZA,USA,USA0044,"Paris-Roubaix, 2011",GARMIN - SLIPSTREAM,GARMIN - TRANSITIONS,TEAM NETAPP,,,,,,,,
Trent LOWE,Trent,LOWE,AUS,AUS0055,"Liège-Bastogne-Liège, 2010",GARMIN - SLIPSTREAM,GARMIN - TRANSITIONS,,,,,,,,,
Thomas Vedel KVIST,Thomas Vedel,KVIST,DEN,DEN0029,"Critérium du Dauphiné, 2010",,QUICK STEP,,,,,,,,,
Nicolas PORTAL,Nicolas,PORTAL,FRA,FRA0188,"Paris-Roubaix, 2009",CAISSE D'EPARGNE,SKY PROFESSIONAL CYCLING TEAM,,,,,,,,,
Enrico MAGAZZINI,Enrico,MAGAZZINI,ITA,ITA0196,"Il Lombardia, 2009",LAMPRE - N.G.C,LAMPRE-FARNESE VINI,LAMPRE - ISD,,,,,,,,
Wim DE VOCHT,Wim,DE VOCHT,BEL,BEL0101,"Tirreno-Adriatico, 2009",VACANSOLEIL PRO CYCLING TEAM,TEAM MILRAM,,,,,,,,,
Martin REIMER,Martin,REIMER,GER,GER0058,"Ronde van Vlaanderen, 2014",,CERVELO TEST TEAM,SKIL - SHIMANO,,MTN - QHUBEKA,MTN - QHUBEKA,,,,,
Maxime VANTOMME,Maxime,VANTOMME,BEL,BEL0102,"Paris-Roubaix, 2012",,TEAM KATUSHA,KATUSHA TEAM,KATUSHA TEAM,CRELAN - EUPHONY,,,,,WB AQUA PROTECT VERANCLASSIC,
David GUTIERREZ PALACIOS,David,GUTIERREZ PALACIOS,ESP,ESP0168,"Critérium du Dauphiné, 2010",,FOOTON-SERVETTO,,,,,,,,,
André STEENSEN,André,STEENSEN,DEN,DEN0030,"Il Lombardia, 2011",,TEAM SAXO BANK,SAXO BANK SUNGARD,,,,,,,,
Joaquin NOVOA MENDEZ,Joaquin,NOVOA MENDEZ,ESP,ESP0169,"Il Lombardia, 2009",CERVELO TEST TEAM,CERVELO TEST TEAM,,,,,,,,,
Kevin VAN IMPE,Kevin,VAN IMPE,BEL,BEL0103,"Tirreno-Adriatico, 2011",QUICK STEP,QUICK STEP,QUICKSTEP CYCLING TEAM,,,,,,,,
Sven VANDOUSSELAERE,Sven,VANDOUSSELAERE,BEL,BEL0104,"Ronde van Vlaanderen, 2013",,,OMEGA PHARMA-LOTTO,,,,,,,,
Vitaliy KONDRUT,Vitaliy,KONDRUT,UKR,UKR0012,"Il Lombardia, 2009",ISD - NERI,,LAMPRE - ISD,,,,,,,,
Bálint SZEGHALMI,Bálint,SZEGHALMI,HUN,HUN0001,"Critérium du Dauphiné, 2011",,,LAMPRE - ISD,,,,,,,,
Andy CAPPELLE,Andy,CAPPELLE,BEL,BEL0105,"Ronde van Vlaanderen, 2012",,,QUICKSTEP CYCLING TEAM,ACCENT JOBS - WILLEMS VERANDA'S,,,,,,,
Maarten NEYENS,Maarten,NEYENS,BEL,BEL0106,"Ronde van Vlaanderen, 2010",,,OMEGA PHARMA-LOTTO,LOTTO BELISOL TEAM,LOTTO BELISOL,,,,,,
Ricardo GARCIA,Ricardo,GARCIA,ESP,ESP0170,"Critérium du Dauphiné, 2013",,,,EUSKALTEL - EUSKADI,EUSKALTEL EUSKADI,,,,,,
Sebastien DURET,Sebastien,DURET,FRA,FRA0189,"Paris-Roubaix, 2012",,,BRETAGNE - SCHULLER,BRETAGNE - SCHULLER,BRETAGNE - SECHE ENVIRONNEMENT,,,,,,
Sander CORDEEL,Sander,CORDEEL,BEL,BEL0107,"Ronde van Vlaanderen, 2017",,,,LOTTO BELISOL TEAM,LOTTO BELISOL,,,,VERANDA'S WILLEMS - CRELAN,,
Alexander WETTERHALL,Alexander,WETTERHALL,SWE,SWE0006,"Critérium du Dauphiné, 2013",,,,,TEAM NETAPP - ENDURA,,,,,,
Andrea PALINI,Andrea,PALINI,ITA,ITA0197,"Tour de Suisse, 2014",,,,,LAMPRE-MERIDA,LAMPRE-MERIDA,,,ANDRONI GIOCATTOLI,,
Timofey KRITSKIY,Timofey,KRITSKIY,RUS,RUS0045,"Critérium du Dauphiné, 2013",,,,,KATUSHA,,,,,,
Eloy TERUEL ROVIRA,Eloy,TERUEL ROVIRA,ESP,ESP0171,"Critérium du Dauphiné, 2013",,,,,MOVISTAR TEAM,,,,,,
Jacob RATHE,Jacob,RATHE,USA,USA0045,"Paris-Roubaix, 2012",,,,GARMIN - BARRACUDA,GARMIN SHARP,,,,,,
Francois PARISIEN,Francois,PARISIEN,CAN,CAN0012,"Critérium du Dauphiné, 2013",,,,,TEAM ARGOS-SHIMANO,,,,,,
Alexander RYBAKOV,Alexander,RYBAKOV,RUS,RUS0046,"Critérium du Dauphiné, 2014",,,,,,TEAM KATUSHA,,,,,
Enrique SANZ UNZUE,Enrique,SANZ UNZUE,ESP,ESP0172,"Ronde van Vlaanderen, 2016",,,,,MOVISTAR TEAM,MOVISTAR TEAM,MOVISTAR TEAM,SOUTHEAST - VENEZUELA,,,
Ralf MATZKA,Ralf,MATZKA,GER,GER0059,"Ronde van Vlaanderen, 2016",,,,,,TEAM NETAPP - ENDURA,BORA-ARGON 18,BORA-ARGON 18,,,
Luca WACKERMANN,Luca,WACKERMANN,ITA,ITA0198,"Il Lombardia, 2018",,,,,LAMPRE-MERIDA,LAMPRE-MERIDA,SOUTHEAST,,BARDIANI CSF,BARDIANI CSF,BARDIANI CSF
Edward Alexander BELTRAN SUAREZ,Edward Alexander,BELTRAN SUAREZ,COL,COL0048,"Critérium du Dauphiné, 2015",,,,,,TINKOFF-SAXO,TINKOFF - SAXO,,,,
FrantišEk PAĎOUR,FrantišEk,PAĎOUR,CZE,CZE0010,"Ronde van Vlaanderen, 2015",,,,,,TEAM NETAPP - ENDURA,ANDRONI GIOCATTOLI,,,,
Romain GUILLEMOIS,Romain,GUILLEMOIS,FRA,FRA0190,"Liège-Bastogne-Liège, 2017",,,,,,TEAM EUROPCAR,TEAM EUROPCAR,,DIRECT ENERGIE,,
Alexey VERMEULEN,Alexey,VERMEULEN,USA,USA0046,"Critérium du Dauphiné, 2017",,,,,,,,TEAM LOTTO NL - JUMBO,TEAM LOTTO NL - JUMBO,,
Lars VAN DER HAAR,Lars,VAN DER HAAR,NED,NED0076,"Critérium du Dauphiné, 2016",,,,,,,,TEAM GIANT - ALPECIN,,,
Carter JONES,Carter,JONES,USA,USA0047,"Tour de Suisse, 2015",,,,,,,TEAM GIANT - ALPECIN,TEAM GIANT - ALPECIN,,,
Steven LAMMERTINK,Steven,LAMMERTINK,NED,NED0077,"Tour de Suisse, 2017",,,,,,,,TEAM LOTTO NL - JUMBO,TEAM LOTTO NL - JUMBO,,
Quentin PACHER,Quentin,PACHER,FRA,FRA0191,"Paris-Nice, 2016",,,,,,,,DELKO MARSEILLE PROVENCE KTM,DELKO MARSEILLE PROVENCE KTM,VITAL CONCEPT CYCLING CLUB,VITAL CONCEPT - B&B HOTELS
Romain COMBAUD,Romain,COMBAUD,FRA,FRA0192,"Paris-Nice, 2019",,,,,,,,DELKO MARSEILLE PROVENCE KTM,DELKO MARSEILLE PROVENCE KTM,DELKO MARSEILLE PROVENCE KTM,DELKO MARSEILLE PROVENCE
Evaldas SISKEVICIUS,Evaldas,SISKEVICIUS,LTU,LTU0005,"Paris-Nice, 2018",,,,,SOJASUN,,,DELKO MARSEILLE PROVENCE KTM,DELKO MARSEILLE PROVENCE KTM,DELKO MARSEILLE PROVENCE KTM,DELKO MARSEILLE PROVENCE
Phil BAUHAUS,Phil,BAUHAUS,GER,GER0060,"Tirreno-Adriatico, 2019",,,,,,,,,TEAM SUNWEB,TEAM SUNWEB,BAHRAIN - MERIDA
Daniel GARCIA NAVARRO,Daniel,GARCIA NAVARRO,ESP,ESP0173,"Liège-Bastogne-Liège, 2018",,,,,,,,,,,
Jaime CASTRILLO ZAPATER,Jaime,CASTRILLO ZAPATER,ESP,ESP0174,"Il Lombardia, 2019",,,,,,,,,,MOVISTAR TEAM,MOVISTAR TEAM
Bjorg LAMBRECHT,Bjorg,LAMBRECHT,BEL,BEL0108,"Tour de Suisse, 2018",,,,,,,,,,LOTTO SOUDAL,LOTTO SOUDAL
Wout VAN AERT,Wout,VAN AERT,BEL,BEL0109,"Paris-Roubaix, 2018",,,,,,,,,,VERANDA'S WILLEMS - CRELAN,TEAM JUMBO - VISMA
Cristian Camilo MUÑOZ LANCHEROS,Cristian Camilo,MUÑOZ LANCHEROS,COL,COL0049,"Critérium du Dauphiné, 2019",,,,,,,,,,,UAE TEAM EMIRATES
Florian STORK,Florian,STORK,GER,GER0061,"Critérium du Dauphiné, 2019",,,,,,,,,,,TEAM SUNWEB
Joris NIEUWENHUIS,Joris,NIEUWENHUIS,NED,NED0078,"Critérium du Dauphiné, 2019",,,,,,,,,,,TEAM SUNWEB
Stefan DE BOD,Stefan,DE BOD,RSA,RSA0015,"Critérium du Dauphiné, 2019",,,,,,,,,,,TEAM DIMENSION DATA
Pascal EENKHOORN,Pascal,EENKHOORN,NED,NED0079,"Paris-Roubaix, 2018",,,,,,,,,,TEAM LOTTO NL - JUMBO,TEAM JUMBO - VISMA
James WHELAN,James,WHELAN,AUS,AUS0056,"Critérium du Dauphiné, 2019",,,,,,,,,,,EF EDUCATION FIRST
Julius VAN DEN BERG,Julius,VAN DEN BERG,NED,NED0080,"Critérium du Dauphiné, 2019",,,,,,,,,,,EF EDUCATION FIRST
Antonio COLOM MAS,Antonio,COLOM MAS,ESP,ESP0175,"Paris-Nice, 2009",TEAM KATUSHA,,,,,,,,,,
Theo ELTINK,Theo,ELTINK,NED,NED0081,"Paris-Nice, 2009",SKIL-SHIMANO,,,,,,,,,,
Christophe LAURENT,Christophe,LAURENT,FRA,FRA0193,"Paris-Nice, 2009",AGRITUBEL,,,,,,,,,,
Floris GOESINNEN,Floris,GOESINNEN,NED,NED0082,"Paris-Roubaix, 2010",SKIL-SHIMANO,SKIL - SHIMANO,,,,,,,,,
Wilfried CRETSKENS,Wilfried,CRETSKENS,BEL,BEL0110,"Tour de Suisse, 2010",SILENCE-LOTTO,OMEGA PHARMA-LOTTO,,,,,,,,,
Enrico FRANZOI,Enrico,FRANZOI,ITA,ITA0199,"Paris-Nice, 2009",LIQUIGAS,,,,,,,,,,
Pietro CAUCCHIOLI,Pietro,CAUCCHIOLI,ITA,ITA0200,"Paris-Nice, 2009",LAMPRE - N.G.C,,,,,,,,,,
Dan FLEEMAN,Dan,FLEEMAN,GBR,GBR0029,"Paris-Nice, 2009",CERVELO TEST TEAM,,,,,,,,,,
Jimmy CASPER,Jimmy,CASPER,FRA,FRA0194,"Paris-Roubaix, 2012",,SAUR - SOJASUN,SAUR - SOJASUN,AG2R LA MONDIALE,,,,,,,
Eric BERTHOU,Eric,BERTHOU,FRA,FRA0195,"Milano-Sanremo, 2010",,CARMIOORO NGC,BRETAGNE - SCHULLER,,,,,,,,
Jean-Luc DELPECH,Jean-Luc,DELPECH,FRA,FRA0196,"Paris-Roubaix, 2013",,,BRETAGNE - SCHULLER,BRETAGNE - SCHULLER,BRETAGNE - SECHE ENVIRONNEMENT,,,,,,
Gael MALACARNE,Gael,MALACARNE,FRA,FRA0197,"Paris-Roubaix, 2013",,,BRETAGNE - SCHULLER,BRETAGNE - SCHULLER,BRETAGNE - SECHE ENVIRONNEMENT,,,,,,
Aidis KRUOPIS,Aidis,KRUOPIS,LTU,LTU0006,"Paris-Roubaix, 2018",,,,GREENEDGE CYCLING TEAM,ORICA GreenEDGE,ORICA GreenEDGE,,,,VERANDA'S WILLEMS - CRELAN,
Romain LEMARCHAND,Romain,LEMARCHAND,FRA,FRA0198,"Paris-Roubaix, 2017",,,AG2R LA MONDIALE,AG2R LA MONDIALE,"COFIDIS, SOLUTIONS CREDITS",,CULT ENERGY PRO CYCLING,,DELKO MARSEILLE PROVENCE KTM,,
Jure KOCJAN,Jure,KOCJAN,SLO,SLO0019,"Milano-Sanremo, 2012",,CARMIOORO NGC,,TEAM TYPE 1 - SANOFI,EUSKALTEL EUSKADI,,,,,,
Jonathan TIERNAN-LOCKE,Jonathan,TIERNAN-LOCKE,GBR,GBR0030,"Paris-Nice, 2013",,,,,SKY PROCYCLING,,,,,,
Christophe LABORIE,Christophe,LABORIE,FRA,FRA0199,"Paris-Roubaix, 2016",,,,SAUR - SOJASUN,SOJASUN,BRETAGNE - SECHE ENVIRONNEMENT,BRETAGNE-SECHE ENVIRONNEMENT,DELKO MARSEILLE PROVENCE KTM,,,
Steele VON HOFF,Steele,VON HOFF,AUS,AUS0057,"Paris-Nice, 2014",,,,,,GARMIN SHARP,,,,,
Kevyn ISTA,Kevyn,ISTA,BEL,BEL0111,"Paris-Roubaix, 2010",AGRITUBEL,"COFIDIS, LE CREDIT EN LIGNE","COFIDIS, LE CREDIT EN LIGNE",ACCENT JOBS - WILLEMS VERANDA'S,,IAM CYCLING,,,,,WALLONIE BRUXELLES
Marko KUMP,Marko,KUMP,SLO,SLO0020,"Paris-Roubaix, 2013",,,GEOX-TMC,,Team SAXO-TINKOFF,TINKOFF-SAXO,,LAMPRE - MERIDA,UAE TEAM EMIRATES,,
Jonas AHLSTRAND,Jonas,AHLSTRAND,SWE,SWE0007,"Tour de Suisse, 2013",,,,,TEAM ARGOS-SHIMANO,,"COFIDIS, SOLUTIONS CREDITS",,,,
Steven TRONET,Steven,TRONET,FRA,FRA0200,"Paris-Nice, 2016",,,,,,,,FORTUNEO - VITAL CONCEPT,,,
Daniel DIAZ,Daniel,DIAZ,ARG,ARG0006,"Paris-Nice, 2016",,,,,,,,DELKO MARSEILLE PROVENCE KTM,,,
Matthew BRAMMEIER,Matthew,BRAMMEIER,IRL,IRL0008,"Liège-Bastogne-Liège, 2015",,,HTC-HIGHROAD,OMEGA PHARMA-QUICKSTEP,,,MTN - QHUBEKA,TEAM DIMENSION DATA,,,
Wouter WIPPERT,Wouter,WIPPERT,NED,NED0083,"Paris-Roubaix, 2017",,,,,,,,CANNONDALE PRO CYCLING TEAM,CANNONDALE DRAPAC PROFESSIONAL CYCLING TEAM,,
Juraj SAGAN,Juraj,SAGAN,SVK,SVK0004,"Paris-Roubaix, 2019",,,,LIQUIGAS-CANNONDALE,,,,TINKOFF,BORA - HANSGROHE,BORA - HANSGROHE,BORA - HANSGROHE
Ruslan TLEUBAYEV,Ruslan,TLEUBAYEV,KAZ,KAZ0020,"Paris-Roubaix, 2018",,,,,ASTANA PRO TEAM,ASTANA PRO TEAM,ASTANA PRO TEAM,,ASTANA PRO TEAM,ASTANA PRO TEAM,
Patrick MÜLLER,Patrick,MÜLLER,SUI,SUI0032,"Ronde van Vlaanderen, 2018",,,,,,,,,,VITAL CONCEPT CYCLING CLUB,VITAL CONCEPT - B&B HOTELS
Casper PEDERSEN,Casper,PEDERSEN,DEN,DEN0031,"Paris-Nice, 2019",,,,,,,,,,,TEAM SUNWEB
Bert VAN LERBERGHE,Bert,VAN LERBERGHE,BEL,BEL0112,"Ronde van Vlaanderen, 2016",,,,,,,,,SPORT VLAANDEREN - BALOISE,"COFIDIS, SOLUTIONS CREDITS","COFIDIS, SOLUTIONS CREDITS"
Alessandro FEDELI,Alessandro,FEDELI,ITA,ITA0201,"Paris-Nice, 2019",,,,,,,,,,,DELKO MARSEILLE PROVENCE
Davide REBELLIN,Davide,REBELLIN,ITA,ITA0202,"Tour de Suisse, 2015",SERRAMENTI PVC DIQUIGIOVANNI-ANDRONI GIOCATTOLI,,,,,CCC POLSAT POLKOWICE,CCC SPRANDI POLKOWICE,CCC SPRANDI POLKOWICE,,,
Lorenzo BERNUCCI,Lorenzo,BERNUCCI,ITA,ITA0203,"Milano-Sanremo, 2009",,LAMPRE-FARNESE VINI,,,,,,,,,
Didac ORTEGA,Didac,ORTEGA,ESP,ESP0176,"Tirreno-Adriatico, 2009",ACQUA & SAPONE - CAFFE MOKAMBO,,,,,,,,,,
Patrick CALCAGNI,Patrick,CALCAGNI,SUI,SUI0033,"Tirreno-Adriatico, 2009",BARLOWORLD,,,,,,,,,,
Michael FRIEDMAN,Michael,FRIEDMAN,USA,USA0048,"Tirreno-Adriatico, 2009",GARMIN - SLIPSTREAM,,,,,,,,,,
Aurélien CLERC,Aurélien,CLERC,SUI,SUI0034,"Tirreno-Adriatico, 2009",AG2R LA MONDIALE,,,,,,,,,,
Daniele NARDELLO,Daniele,NARDELLO,ITA,ITA0204,"Tirreno-Adriatico, 2009",FUJI-SERVETTO,,,,,,,,,,
Vladimir DUMA,Vladimir,DUMA,UKR,UKR0013,"Tirreno-Adriatico, 2009",CERAMICA FLAMINIA - BOSSINI DOCCE,,,,,,,,,,
Hervé DUCLOS-LASSALLE,Hervé,DUCLOS-LASSALLE,FRA,FRA0201,"Tirreno-Adriatico, 2009","COFIDIS, LE CREDIT EN LIGNE",,,,,,,,,,
Rony MARTIAS,Rony,MARTIAS,FRA,FRA0202,"Paris-Roubaix, 2013",BBOX BOUYGUES TELECOM,SAUR - SOJASUN,SAUR - SOJASUN,SAUR - SOJASUN,SOJASUN,,,,,,
Josu AGIRRE ASEGINOLAZA,Josu,AGIRRE ASEGINOLAZA,ESP,ESP0177,"Tirreno-Adriatico, 2009",EUSKALTEL - EUSKADI,,,,,,,,,,
Filippo SIMEONI,Filippo,SIMEONI,ITA,ITA0205,"Tirreno-Adriatico, 2009",CERAMICA FLAMINIA - BOSSINI DOCCE,,,,,,,,,,
Andoni LAFUENTE,Andoni,LAFUENTE,ESP,ESP0178,"Tirreno-Adriatico, 2009",EUSKALTEL - EUSKADI,,,,,,,,,,
Maurizio BIONDO,Maurizio,BIONDO,ITA,ITA0206,"Tirreno-Adriatico, 2009",CERAMICA FLAMINIA - BOSSINI DOCCE,,,,,,,,,,
Enrico ROSSI,Enrico,ROSSI,ITA,ITA0207,"Tirreno-Adriatico, 2009",CERAMICA FLAMINIA - BOSSINI DOCCE,,,,,,,,,,
Mikhaylo KHALILOV,Mikhaylo,KHALILOV,UKR,UKR0014,"Tour de Suisse, 2010",CERAMICA FLAMINIA - BOSSINI DOCCE,TEAM KATUSHA,,,,,,,,,
Marcus LJUNGQVIST,Marcus,LJUNGQVIST,SWE,SWE0008,"Tirreno-Adriatico, 2009",TEAM SAXO BANK,,,,,,,,,,
Massimiliano GENTILI,Massimiliano,GENTILI,ITA,ITA0208,"Tirreno-Adriatico, 2009",CERAMICA FLAMINIA - BOSSINI DOCCE,,,,,,,,,,
Francesco GINANNI,Francesco,GINANNI,ITA,ITA0209,"Tirreno-Adriatico, 2012",SERRAMENTI PVC DIQUIGIOVANNI-ANDRONI GIOCATTOLI,ANDRONI GIOCATTOLI - SERRAMENTI PVC DIQUIGIOVANNI,,ACQUA & SAPONE,,,,,,,
Maryan HARY,Maryan,HARY,FRA,FRA0203,"Tirreno-Adriatico, 2009","COFIDIS, LE CREDIT EN LIGNE",,,,,,,,,,
Alexandre BLAIN,Alexandre,BLAIN,FRA,FRA0204,"Tirreno-Adriatico, 2009","COFIDIS, LE CREDIT EN LIGNE",,,,,,,,,,
William FRISCHKORN,William,FRISCHKORN,USA,USA0049,"Tirreno-Adriatico, 2009",GARMIN - SLIPSTREAM,,,,,,,,,,
Frédéric GUESDON,Frédéric,GUESDON,FRA,FRA0205,"Paris-Roubaix, 2012",FRANÇAISE DES JEUX,FRANÇAISE DES JEUX,FDJ,FDJ-BIG MAT,,,,,,,
Carlo SCOGNAMIGLIO,Carlo,SCOGNAMIGLIO,ITA,ITA0210,"Milano-Sanremo, 2009",BARLOWORLD,ISD - NERI,,,,,,,,,
Valeriy DMITRIYEV,Valeriy,DMITRIYEV,KAZ,KAZ0021,"Il Lombardia, 2009",ASTANA,ASTANA,,,,,,,,,
Paolo CIAVATTA,Paolo,CIAVATTA,ITA,ITA0211,"Il Lombardia, 2012",,ACQUA & SAPONE - D'ANGELO & ANTENUCCI,ACQUA & SAPONE,ACQUA & SAPONE,,,,,,,
Gorik GARDEYN,Gorik,GARDEYN,BEL,BEL0113,"Paris-Roubaix, 2010",,VACANSOLEIL PRO CYCLING TEAM,VACANSOLEIL-DCM PRO CYCLING TEAM,,,,,,,,
Patrik * SINKEWITZ,Patrik *,SINKEWITZ,GER,GER0062,"Il Lombardia, 2010",,ISD - NERI,FARNESE VINI - NERI SOTTOLI,,,,,,,,
Luca ASCANI,Luca,ASCANI,ITA,ITA0212,"Tirreno-Adriatico, 2012",,,,FARNESE VINI - SELLE ITALIA,,,,,,,
Kristof GODDAERT,Kristof,GODDAERT,BEL,BEL0114,"Ronde van Vlaanderen, 2009",,AG2R LA MONDIALE,AG2R LA MONDIALE,AG2R LA MONDIALE,IAM CYCLING,,,,,,
Luis Felipe LAVERDE JIMENEZ,Luis Felipe,LAVERDE JIMENEZ,COL,COL0050,"Tirreno-Adriatico, 2012",,,,COLOMBIA - COLDEPORTES,,,,,,,
Victor Hugo PENA GRISALES,Victor Hugo,PENA GRISALES,COL,COL0051,"Tirreno-Adriatico, 2012",,,,COLOMBIA - COLDEPORTES,,,,,,,
Filippo FORTIN,Filippo,FORTIN,ITA,ITA0213,"Paris-Roubaix, 2019",,,,,BARDIANI VALVOLE - CSF INOX,BARDIANI CSF,,,,,"COFIDIS, SOLUTIONS CREDITS"
Christopher JENSEN,Christopher,JENSEN,DEN,DEN0032,"Tirreno-Adriatico, 2019",,,,,,,TINKOFF - SAXO,ORICA GreenEDGE,,,MITCHELTON - SCOTT
Jorge Camilo CASTIBLANCO CUBIDES,Jorge Camilo,CASTIBLANCO CUBIDES,COL,COL0052,"Tirreno-Adriatico, 2015",,,,,,,COLOMBIA,,,,
Leszek PLUCINSKI,Leszek,PLUCINSKI,POL,POL0022,"Il Lombardia, 2015",,,,,,,CCC SPRANDI POLKOWICE,CCC SPRANDI POLKOWICE,CCC SPRANDI POLKOWICE,,
Domingos GONÇALVES,Domingos,GONÇALVES,POR,POR0019,"Vuelta a España, 2019",,,,,,,,CAJA RURAL-SEGUROS RGA,,,CAJA RURAL - SEGUROS RGA
Adrian HONKISZ,Adrian,HONKISZ,POL,POL0023,"Tour de Suisse, 2015",,,,,,,CCC SPRANDI POLKOWICE,CCC SPRANDI POLKOWICE,,,
Alessandro TONELLI,Alessandro,TONELLI,ITA,ITA0214,"Il Lombardia, 2015",,,,,,,BARDIANI CSF,BARDIANI CSF,BARDIANI CSF,BARDIANI CSF,BARDIANI CSF
Raffaello BONUSI,Raffaello,BONUSI,ITA,ITA0215,"Tirreno-Adriatico, 2017",,,,,,,,,ANDRONI GIOCATTOLI,,
Simone VELASCO,Simone,VELASCO,ITA,ITA0216,"Il Lombardia, 2018",,,,,,,,BARDIANI CSF,BARDIANI CSF,WILIER TRIESTINA - SELLE ITALIA,NERI SOTTOLI SELLE ITALIA KTM
Hideto NAKANE,Hideto,NAKANE,JPN,JPN0007,"Tirreno-Adriatico, 2017",,,,,,,,,NIPPO - VINI FANTINI,,
Mattia FRAPPORTI,Mattia,FRAPPORTI,ITA,ITA0217,"Il Lombardia, 2019",,,,,,,,,ANDRONI GIOCATTOLI,ANDRONI GIOCATTOLI - SIDERMEC,ANDRONI GIOCATTOLI - SIDERMEC
Joonas HENTTALA,Joonas,HENTTALA,FIN,FIN0003,"Milano-Sanremo, 2019",,,,,,,TEAM NOVO NORDISK,TEAM NOVO NORDISK,TEAM NOVO NORDISK,TEAM NOVO NORDISK,TEAM NOVO NORDISK
David LOZANO RIBA,David,LOZANO RIBA,ESP,ESP0179,"Milano-Sanremo, 2019",,,,,,,TEAM NOVO NORDISK,TEAM NOVO NORDISK,TEAM NOVO NORDISK,TEAM NOVO NORDISK,TEAM NOVO NORDISK
Filippo GANNA,Filippo,GANNA,ITA,ITA0218,"Tirreno-Adriatico, 2019",,,,,,,,,UAE TEAM EMIRATES,UAE TEAM EMIRATES,TEAM INEOS
Andrea PERON,Andrea,PERON,ITA,ITA0219,"Milano-Sanremo, 2019",,,,,,,TEAM NOVO NORDISK,TEAM NOVO NORDISK,TEAM NOVO NORDISK,TEAM NOVO NORDISK,TEAM NOVO NORDISK
Martijn VERSCHOOR,Martijn,VERSCHOOR,NED,NED0084,"Milano-Sanremo, 2016",,,,TEAM TYPE 1 - SANOFI,,,,TEAM NOVO NORDISK,TEAM NOVO NORDISK,,
Kohei UCHIMA,Kohei,UCHIMA,JPN,JPN0008,"Tirreno-Adriatico, 2017",,,,,,,,,NIPPO - VINI FANTINI,,
Aleksandr VLASOV,Aleksandr,VLASOV,RUS,RUS0047,"Il Lombardia, 2019",,,,,,,,,,GAZPROM - RUSVELO,GAZPROM - RUSVELO
Nikolay CHERKASOV,Nikolay,CHERKASOV,RUS,RUS0048,"Tirreno-Adriatico, 2019",,,,,,,,,,GAZPROM - RUSVELO,GAZPROM - RUSVELO
Aleksandr RIABUSHENKO,Aleksandr,RIABUSHENKO,BLR,BLR0007,"Tirreno-Adriatico, 2018",,,,,,,,,,UAE TEAM EMIRATES,
Nicola BAGIOLI,Nicola,BAGIOLI,ITA,ITA0220,"Il Lombardia, 2017",,,,,,,,,NIPPO - VINI FANTINI,NIPPO - VINI FANTINI - EUROPA OVINI,NIPPO - VINI FANTINI - FAIZANE'
August JENSEN,August,JENSEN,NOR,NOR0017,"Tirreno-Adriatico, 2018",,,,,,,,,,ISRAEL CYCLING ACADEMY,
Stepan KURIYANOV,Stepan,KURIYANOV,RUS,RUS0049,"Tirreno-Adriatico, 2019",,,,,,,,,,GAZPROM - RUSVELO,
Artem NYCH,Artem,NYCH,RUS,RUS0050,"Il Lombardia, 2019",,,,,,,,GAZPROM-RUSVELO,GAZPROM - RUSVELO,GAZPROM - RUSVELO,GAZPROM - RUSVELO
Igor BOEV,Igor,BOEV,RUS,RUS0051,"Il Lombardia, 2017",,,,,,,,GAZPROM-RUSVELO,GAZPROM - RUSVELO,GAZPROM - RUSVELO,GAZPROM - RUSVELO
Davide GABBURO,Davide,GABBURO,ITA,ITA0221,"Tirreno-Adriatico, 2019",,,,,,,,,,,NERI SOTTOLI SELLE ITALIA KTM
Sebastian SCHÖNBERGER,Sebastian,SCHÖNBERGER,AUT,AUT0018,"Il Lombardia, 2018",,,,,,,,,,WILIER TRIESTINA - SELLE ITALIA,NERI SOTTOLI SELLE ITALIA KTM
Luca PACIONI,Luca,PACIONI,ITA,ITA0222,"Tirreno-Adriatico, 2019",,,,,,,,,,,NERI SOTTOLI SELLE ITALIA KTM
Michael BRESCIANI,Michael,BRESCIANI,ITA,ITA0223,"Tirreno-Adriatico, 2019",,,,,,,,,,,BARDIANI CSF
Alexander CATAFORD,Alexander,CATAFORD,CAN,CAN0013,"Tirreno-Adriatico, 2019",,,,,,,,,,,ISRAEL CYCLING ACADEMY
Pascal HUNGERBÜHLER,Pascal,HUNGERBÜHLER,SUI,SUI0035,"Tour de Suisse, 2009",VORARLBERG - CORRATEC,,,,,,,,,,
Hubert SCHWAB,Hubert,SCHWAB,SUI,SUI0036,"Tour de Suisse, 2009",QUICK STEP,,,,,,,,,,
Huub DUIJN,Huub,DUIJN,NED,NED0085,"Ronde van Vlaanderen, 2018",GARMIN - SLIPSTREAM,,,,,,ROOMPOT ORANJE PELOTON,ROOMPOT - ORANJE PELOTON,VERANDA'S WILLEMS - CRELAN,VERANDA'S WILLEMS - CRELAN,
Silvère ACKERMANN,Silvère,ACKERMANN,SUI,SUI0037,"Tour de Suisse, 2009",VORARLBERG - CORRATEC,,,,,,,,,,
Florent BRARD,Florent,BRARD,FRA,FRA0206,"Tour de Suisse, 2009","COFIDIS, LE CREDIT EN LIGNE",,,,,,,,,,
René WEISSINGER,René,WEISSINGER,GER,GER0063,"Tour de Suisse, 2009",VORARLBERG - CORRATEC,,,,,,,,,,
Sebastian SIEDLER,Sebastian,SIEDLER,GER,GER0064,"Tour de Suisse, 2009",VORARLBERG - CORRATEC,,,,,,,,,,
Josef BENETSEDER,Josef,BENETSEDER,AUT,AUT0019,"Tour de Suisse, 2009",VORARLBERG - CORRATEC,,,,,,,,,,
Hilton CLARKE,Hilton,CLARKE,AUS,AUS0058,"Tour de Suisse, 2009",FUJI-SERVETTO,,,,,,,,,,
Rene HASELBACHER,Rene,HASELBACHER,AUT,AUT0020,"Tour de Suisse, 2009",VORARLBERG - CORRATEC,,,,,,,,,,
Andres Sergio DE LIS,Andres Sergio,DE LIS,ESP,ESP0180,"Paris-Roubaix, 2010",EUSKALTEL - EUSKADI,EUSKALTEL - EUSKADI,,,,,,,,,
Dominique CORNU,Dominique,CORNU,BEL,BEL0115,"Ronde van Vlaanderen, 2011",QUICK STEP,,,,,,,,,,
Marlon Alirio PEREZ ARANGO,Marlon Alirio,PEREZ ARANGO,COL,COL0053,"Tour de Suisse, 2009",CAISSE D'EPARGNE,,,,,,,,,,
Yevgeniy NEPOMNYACHSHIY,Yevgeniy,NEPOMNYACHSHIY,KAZ,KAZ0022,"Il Lombardia, 2011",,ASTANA,PRO TEAM ASTANA,,,,,,,,
Noe GIANETTI,Noe,GIANETTI,SUI,SUI0038,"Tour de Suisse, 2010",,FOOTON-SERVETTO,,,,,,,,,
Pedro MERINO CRIADO,Pedro,MERINO CRIADO,ESP,ESP0181,"Tour de Suisse, 2010",,FOOTON-SERVETTO,,,,,,,,,
Gerben Mijnheer LÖWIK,Gerben Mijnheer,LÖWIK,NED,NED0086,"Il Lombardia, 2009",VACANSOLEIL PRO CYCLING TEAM,OMEGA PHARMA-LOTTO,,,,,,,,,
Joao CORREIA,Joao,CORREIA,POR,POR0020,"Tour de Suisse, 2010",,CERVELO TEST TEAM,,,,,,,,,
Artur GAJEK,Artur,GAJEK,GER,GER0065,"Ronde van Vlaanderen, 2009",TEAM MILRAM,TEAM MILRAM,,,,,,,,,
Valeriy KOBZARENKO,Valeriy,KOBZARENKO,UKR,UKR0015,"Tour de Suisse, 2011",,,TEAM TYPE 1 - SANOFI AVENTIS,,,,,,,,
Alexander GOTTFRIED,Alexander,GOTTFRIED,GER,GER0066,"Tour de Suisse, 2011",,,TEAM NETAPP,,,,,,,,
Alessandro BAZZANA,Alessandro,BAZZANA,ITA,ITA0224,"Milano-Sanremo, 2014",,,TEAM TYPE 1 - SANOFI AVENTIS,TEAM TYPE 1 - SANOFI,,UNITEDHEALTHCARE PROFESSIONAL CYCLING TEAM,UNITEDHEALTHCARE PROFESSIONAL CYCLING TEAM,,,,
Scott STEWART,Scott,STEWART,USA,USA0050,"Tour de Suisse, 2011",,,TEAM TYPE 1 - SANOFI AVENTIS,,,,,,,,
Daniele CALLEGARIN,Daniele,CALLEGARIN,ITA,ITA0225,"Tour de Suisse, 2011",,,TEAM TYPE 1 - SANOFI AVENTIS,,,,,,,,
Lucas EUSER,Lucas,EUSER,USA,USA0051,"Milano-Sanremo, 2014",GARMIN - SLIPSTREAM,,,SPIDERTECH POWERED BY C10,,UNITEDHEALTHCARE PROFESSIONAL CYCLING TEAM,UNITEDHEALTHCARE PROFESSIONAL CYCLING TEAM,,,,
Raymond KUNZLI,Raymond,KUNZLI,SUI,SUI0039,"Tour de Suisse, 2012",,,,SPIDERTECH POWERED BY C10,,,,,,,
Troels RØNNING VINTHER,Troels,RØNNING VINTHER,DEN,DEN0033,"Tour de Suisse, 2012",,,,TEAM SAXO BANK,,,,,,,
Nikita NOVIKOV,Nikita,NOVIKOV,RUS,RUS0052,"Tour de Suisse, 2012",,,,VACANSOLEIL-DCM PRO CYCLING TEAM,,,,,,,
Will ROUTLEY,Will,ROUTLEY,CAN,CAN0014,"Liège-Bastogne-Liège, 2013",,,,SPIDERTECH POWERED BY C10,ACCENT JOBS - WANTY,,,,,,
Frederique ROBERT,Frederique,ROBERT,BEL,BEL0116,"Tour de Suisse, 2013",,,,LOTTO BELISOL TEAM,LOTTO BELISOL,,,,,,
Mehdi SOHRABI,Mehdi,SOHRABI,IRI,IRI0001,"Tour de Suisse, 2012",,,,LOTTO BELISOL TEAM,,,,,,,
David BOILY,David,BOILY,CAN,CAN0015,"Tour de Suisse, 2012",,,,SPIDERTECH POWERED BY C10,,,,,,,
Stefano AGOSTINI,Stefano,AGOSTINI,ITA,ITA0226,"Tour de Suisse, 2013",,,,LIQUIGAS-CANNONDALE,CANNONDALE PRO CYCLING,,,,,,
Martin MORTENSEN,Martin,MORTENSEN,DEN,DEN0034,"Paris-Roubaix, 2011",,VACANSOLEIL PRO CYCLING TEAM,LEOPARD TREK,VACANSOLEIL-DCM PRO CYCLING TEAM,,,CULT ENERGY PRO CYCLING,,,,
Joshua EDMONDSON,Joshua,EDMONDSON,GBR,GBR0031,"Liège-Bastogne-Liège, 2014",,,,,SKY PROCYCLING,TEAM SKY,,,,,
Wesley KREDER,Wesley,KREDER,NED,NED0087,"Ronde van Vlaanderen, 2016",,,,,VACANSOLEIL-DCM PRO CYCLING TEAM,WANTY - GROUPE GOBERT,ROOMPOT ORANJE PELOTON,ROOMPOT - ORANJE PELOTON,WANTY - GROUPE GOBERT,,WANTY - GOBERT CYCLING TEAM
Arman KAMYSHEV,Arman,KAMYSHEV,KAZ,KAZ0023,"Paris-Roubaix, 2016",,,,,ASTANA PRO TEAM,ASTANA PRO TEAM,,ASTANA PRO TEAM,ASTANA PRO TEAM,,
Nino SCHURTER,Nino,SCHURTER,SUI,SUI0040,"Tour de Suisse, 2014",,,,,,ORICA GreenEDGE,,,,,
Julian KERN,Julian,KERN,GER,GER0067,"Tour de Suisse, 2014",,,,,,AG2R LA MONDIALE,,,,,
Jerome BAUGNIES,Jerome,BAUGNIES,BEL,BEL0117,"Ronde van Vlaanderen, 2012",,,,TEAM NETAPP,,WANTY - GROUPE GOBERT,WANTY - GROUPE GOBERT,WANTY - GROUPE GOBERT,WANTY - GROUPE GOBERT,WANTY - GROUPE GOBERT,WANTY - GOBERT CYCLING TEAM
Mateusz TACIAK,Mateusz,TACIAK,POL,POL0024,"Tour de Suisse, 2014",,,,,,CCC POLSAT POLKOWICE,,,,,
Stefan SCHUMACHER,Stefan,SCHUMACHER,GER,GER0068,"Tour de Suisse, 2015",,,,,,,CCC SPRANDI POLKOWICE,,,,
Simone ANTONINI,Simone,ANTONINI,ITA,ITA0227,"Tour de Suisse, 2015",,,,,,,WANTY - GROUPE GOBERT,,,,
Pawel CIESLIK,Pawel,CIESLIK,POL,POL0025,"Tour de Suisse, 2016",,,,,,,,VERVA ACTIVEJET PRO CYCLING TEAM,,,
Jordi SIMON CASULLERAS,Jordi,SIMON CASULLERAS,ESP,ESP0182,"Vuelta a España, 2018",,,,,,,,VERVA ACTIVEJET PRO CYCLING TEAM,,BURGOS - BH,
Ruben ZEPUNTKE,Ruben,ZEPUNTKE,GER,GER0069,"Paris-Roubaix, 2015",,,,,,,TEAM CANNONDALE - GARMIN,CANNONDALE PRO CYCLING TEAM,,,
Nico BRÜNGGER,Nico,BRÜNGGER,SUI,SUI0041,"Tour de Suisse, 2016",,,,,,,,TEAM ROTH,,,
Adam STACHOWIAK,Adam,STACHOWIAK,POL,POL0026,"Tour de Suisse, 2016",,,,,,,,VERVA ACTIVEJET PRO CYCLING TEAM,,,
Jirí POLNICKÝ,Jirí,POLNICKÝ,CZE,CZE0011,"Tour de Suisse, 2016",,,,,,,,VERVA ACTIVEJET PRO CYCLING TEAM,,,
Michal PODLASKI,Michal,PODLASKI,POL,POL0027,"Tour de Suisse, 2016",,,,,,,,VERVA ACTIVEJET PRO CYCLING TEAM,,,
Adrien NIYONSHUTI,Adrien,NIYONSHUTI,RWA,RWA0001,"Critérium du Dauphiné, 2017",,,,,,,,TEAM DIMENSION DATA,TEAM DIMENSION DATA,,
Valentin BAILLIFARD,Valentin,BAILLIFARD,SUI,SUI0042,"Tour de Suisse, 2016",,,,,,,,TEAM ROTH,,,
Colin Chris STÜSSI,Colin Chris,STÜSSI,SUI,SUI0043,"Tour de Suisse, 2016",,,,,,,,TEAM ROTH,,,
Lukas JAUN,Lukas,JAUN,SUI,SUI0044,"Tour de Suisse, 2016",,,,,,,,TEAM ROTH,,,
Karel HNÍK,Karel,HNÍK,CZE,CZE0012,"Tour de Suisse, 2016",,,,,,,,VERVA ACTIVEJET PRO CYCLING TEAM,,,
Berden DE VRIES,Berden,DE VRIES,NED,NED0088,"Ronde van Vlaanderen, 2015",,,,,,,ROOMPOT ORANJE PELOTON,ROOMPOT - ORANJE PELOTON,ROOMPOT - NEDERLANDSE LOTERIJ,,
Rodrigo CONTRERAS PINZON,Rodrigo,CONTRERAS PINZON,COL,COL0054,"Tour de Suisse, 2019",,,,,,,,ETIXX - QUICK STEP,,,ASTANA PRO TEAM
Pierre Henri LECUISINIER,Pierre Henri,LECUISINIER,FRA,FRA0207,"Il Lombardia, 2014",,,,,,FDJ.fr,,FDJ,,,
Ondřej CINK,Ondřej,CINK,CZE,CZE0013,"Tour de Suisse, 2017",,,,,,,,,BAHRAIN - MERIDA,,
Mekseb DEBESAY,Mekseb,DEBESAY,ERI,ERI0006,"Tour de Suisse, 2017",,,,,,,,,TEAM DIMENSION DATA,,
Daniel PEARSON,Daniel,PEARSON,GBR,GBR0032,"Tour de Suisse, 2018",,,,,,,,,AQUA BLUE SPORT,AQUA BLUE SPORT,
Jakub KACZMAREK,Jakub,KACZMAREK,POL,POL0028,"Tour de Suisse, 2017",,,,,,,,,CCC SPRANDI POLKOWICE,,
Jesper ASSELMAN,Jesper,ASSELMAN,NED,NED0089,"Ronde van Vlaanderen, 2016",,,,,,,ROOMPOT ORANJE PELOTON,ROOMPOT - ORANJE PELOTON,ROOMPOT - NEDERLANDSE LOTERIJ,,ROOMPOT - CHARLES
Jeroen MEIJERS,Jeroen,MEIJERS,NED,NED0090,"Tour de Suisse, 2017",,,,,,,,,ROOMPOT - NEDERLANDSE LOTERIJ,,
Michael KOLÁŘ,Michael,KOLÁŘ,SVK,SVK0005,"Paris-Roubaix, 2016",,,,,,TINKOFF-SAXO,,TINKOFF,BORA - HANSGROHE,,
Adrian KUREK,Adrian,KUREK,POL,POL0029,"Milano-Sanremo, 2016",,,,,,,CCC SPRANDI POLKOWICE,CCC SPRANDI POLKOWICE,CCC SPRANDI POLKOWICE,,
Elmar REINDERS,Elmar,REINDERS,NED,NED0091,"Tour de Suisse, 2017",,,,,,,,,ROOMPOT - NEDERLANDSE LOTERIJ,,
Taco VAN DER HOORN,Taco,VAN DER HOORN,NED,NED0092,"Tour de Suisse, 2019",,,,,,,,,ROOMPOT - NEDERLANDSE LOTERIJ,,TEAM JUMBO - VISMA
Jonathan DIBBEN,Jonathan,DIBBEN,GBR,GBR0033,"Tour de Suisse, 2017",,,,,,,,,TEAM SKY,,
Filippo ZACCANTI,Filippo,ZACCANTI,ITA,ITA0228,"Tour de Suisse, 2018",,,,,,,,,,NIPPO - VINI FANTINI - EUROPA OVINI,
Kristoffer HALVORSEN,Kristoffer,HALVORSEN,NOR,NOR0018,"Tour de Suisse, 2018",,,,,,,,,,TEAM SKY,
Masakazu ITO,Masakazu,ITO,JPN,JPN0009,"Tour de Suisse, 2018",,,,,,,,,,NIPPO - VINI FANTINI - EUROPA OVINI,
Patrick SCHELLING,Patrick,SCHELLING,SUI,SUI0045,"Liège-Bastogne-Liège, 2015",,,,,,IAM CYCLING,IAM CYCLING,,,,SWITZERLAND
Aurélien PARET PEINTRE,Aurélien,PARET PEINTRE,FRA,FRA0208,"Tour de Suisse, 2019",,,,,,,,,,,AG2R LA MONDIALE
Gino MÄDER,Gino,MÄDER,SUI,SUI0046,"Tour de Suisse, 2019",,,,,,,,,,,TEAM DIMENSION DATA
Matteo BADILATTI,Matteo,BADILATTI,SUI,SUI0047,"Tour de Suisse, 2019",,,,,,,,,,,SWITZERLAND
Roland THALMANN,Roland,THALMANN,SUI,SUI0048,"Tour de Suisse, 2019",,,,,,,,,,,SWITZERLAND
Marc HIRSCHI,Marc,HIRSCHI,SUI,SUI0049,"Tour de Suisse, 2019",,,,,,,,,,,TEAM SUNWEB
Kévin GENIETS,Kévin,GENIETS,LUX,LUX0009,"Tour de Suisse, 2019",,,,,,,,,,,GROUPAMA - FDJ
Stan DEWULF,Stan,DEWULF,BEL,BEL0118,"Tour de Suisse, 2019",,,,,,,,,,,LOTTO SOUDAL
Robert STANNARD,Robert,STANNARD,AUS,AUS0059,"Tour de Suisse, 2019",,,,,,,,,,,MITCHELTON - SCOTT
Yuriy NATAROV,Yuriy,NATAROV,KAZ,KAZ0024,"Tour de Suisse, 2019",,,,,,,,,,,ASTANA PRO TEAM
Gian FRIESECKE,Gian,FRIESECKE,SUI,SUI0050,"Tour de Suisse, 2019",,,,,,,,,,,SWITZERLAND
Robert BRITTON,Robert,BRITTON,CAN,CAN0016,"Tour de Suisse, 2019",,,,,,,,,,,RALLY UHC CYCLING
Gavin MANNION,Gavin,MANNION,USA,USA0052,"Tour de Suisse, 2019",,,,,,,,,,,RALLY UHC CYCLING
Colin JOYCE,Colin,JOYCE,USA,USA0053,"Tour de Suisse, 2019",,,,,,,,,,,RALLY UHC CYCLING
Fabian LIENHARD,Fabian,LIENHARD,SUI,SUI0051,"Tour de Suisse, 2019",,,,,,,,,,,SWITZERLAND
Claudio IMHOF,Claudio,IMHOF,SUI,SUI0052,"Tour de Suisse, 2019",,,,,,,,,,,SWITZERLAND
James SHAW,James,SHAW,GBR,GBR0034,"Il Lombardia, 2018",,,,,,,,,LOTTO SOUDAL,LOTTO SOUDAL,
Corentin ERMENAULT,Corentin,ERMENAULT,FRA,FRA0209,"Paris-Roubaix, 2019",,,,,,,,,,VITAL CONCEPT CYCLING CLUB,VITAL CONCEPT - B&B HOTELS
Fabien DOUBEY,Fabien,DOUBEY,FRA,FRA0210,"Liège-Bastogne-Liège, 2018",,,,,,,,,WANTY - GROUPE GOBERT,WANTY - GROUPE GOBERT,WANTY - GOBERT CYCLING TEAM
Maxime CAM,Maxime,CAM,FRA,FRA0211,"Critérium du Dauphiné, 2019",,,,,,,,,,,VITAL CONCEPT - B&B HOTELS
Chun Kai FENG,Chun Kai,FENG,TPE,TPE0001,"Ronde van Vlaanderen, 2017",,,,,,,LAMPRE - MERIDA,LAMPRE - MERIDA,BAHRAIN - MERIDA,,BAHRAIN - MERIDA
Alvaro Jose HODEG CHAGUI,Alvaro Jose,HODEG CHAGUI,COL,COL0055,"Critérium du Dauphiné, 2019",,,,,,,,,,,DECEUNINCK  -  QUICK - STEP
Vincenzo ALBANESE,Vincenzo,ALBANESE,ITA,ITA0229,"Milano-Sanremo, 2019",,,,,,,,,BARDIANI CSF,,BARDIANI CSF
Giovanni LONARDI,Giovanni,LONARDI,ITA,ITA0230,"Giro d'Italia, 2019",,,,,,,,,,,NIPPO - VINI FANTINI - FAIZANE'
Umberto ORSINI,Umberto,ORSINI,ITA,ITA0231,"Il Lombardia, 2018",,,,,,,,,,BARDIANI CSF,BARDIANI CSF
Matteo MOSCHETTI,Matteo,MOSCHETTI,ITA,ITA0232,"Giro d'Italia, 2019",,,,,,,,,,,TREK - SEGAFREDO
Hiroki NISHIMURA,Hiroki,NISHIMURA,JPN,JPN0010,"Giro d'Italia, 2019",,,,,,,,,,,NIPPO - VINI FANTINI - FAIZANE'
Erik BASKA,Erik,BASKA,SVK,SVK0006,"Paris-Nice, 2018",,,,,,,,,BORA - HANSGROHE,BORA - HANSGROHE,
Riccardo MINALI,Riccardo,MINALI,ITA,ITA0233,"Il Lombardia, 2019",,,,,,,,,ASTANA PRO TEAM,,ISRAEL CYCLING ACADEMY
Przemyslaw KASPERKIEWICZ,Przemyslaw,KASPERKIEWICZ,POL,POL0030,"Paris-Roubaix, 2019",,,,,,,,,,DELKO MARSEILLE PROVENCE KTM,DELKO MARSEILLE PROVENCE
Brenton JONES,Brenton,JONES,AUS,AUS0060,"Paris-Roubaix, 2019",,,,,,,,,,DELKO MARSEILLE PROVENCE KTM,DELKO MARSEILLE PROVENCE
Bram WELTEN,Bram,WELTEN,NED,NED0093,"Paris-Roubaix, 2018",,,,,,,,,,TEAM FORTUNEO - SAMSIC,TEAM ARKEA - SAMSIC
Fabio CALABRIA,Fabio,CALABRIA,AUS,AUS0061,"Tirreno-Adriatico, 2017",,,,,,,,,TEAM NOVO NORDISK,,
Charles PLANET,Charles,PLANET,FRA,FRA0212,"Milano-Sanremo, 2019",,,,,,,TEAM NOVO NORDISK,TEAM NOVO NORDISK,TEAM NOVO NORDISK,TEAM NOVO NORDISK,TEAM NOVO NORDISK
Romain GIOUX,Romain,GIOUX,FRA,FRA0213,"Tirreno-Adriatico, 2017",,,,,,,,,TEAM NOVO NORDISK,,
Ildar ARSLANOV,Ildar,ARSLANOV,RUS,RUS0053,"Il Lombardia, 2017",,,,,,,,,GAZPROM - RUSVELO,,
Marco MARONESE,Marco,MARONESE,ITA,ITA0234,"Tirreno-Adriatico, 2019",,,,,,,,,,,
Cees BOL,Cees,BOL,NED,NED0094,"Tour de France, 2019",,,,,,,,,,,TEAM SUNWEB
Jasper PHILIPSEN,Jasper,PHILIPSEN,BEL,BEL0119,"Tour de France, 2019",,,,,,,,,,,UAE TEAM EMIRATES
Martijn BUDDING,Martijn,BUDDING,NED,NED0095,"Tour de Suisse, 2017",,,,,,,,,ROOMPOT - NEDERLANDSE LOTERIJ,,
Brandon MCNULTY,Brandon,MCNULTY,USA,USA0054,"Tour de Suisse, 2019",,,,,,,,,,,RALLY UHC CYCLING
Robin CARPENTER,Robin,CARPENTER,USA,USA0055,"Tour de Suisse, 2019",,,,,,,,,,,RALLY UHC CYCLING
Enzo WOUTERS,Enzo,WOUTERS,BEL,BEL0120,"Tour de Suisse, 2019",,,,,,,,,,,LOTTO SOUDAL
Marc FOURNIER,Marc,FOURNIER,FRA,FRA0214,"Vuelta a España, 2017",,,,,,,,,FDJ,,
Anass AIT EL ABDIA,Anass,AIT EL ABDIA,MAR,MAR0001,"Vuelta a España, 2017",,,,,,,,,UAE TEAM EMIRATES,,
Jimmy TURGIS,Jimmy,TURGIS,FRA,FRA0215,"Paris-Roubaix, 2018",,,,,,,,,"COFIDIS, SOLUTIONS CREDITS","COFIDIS, SOLUTIONS CREDITS",VITAL CONCEPT - B&B HOTELS
Brian VAN GOETHEM,Brian,VAN GOETHEM,NED,NED0096,"Ronde van Vlaanderen, 2018",,,,,,,ROOMPOT ORANJE PELOTON,,ROOMPOT - NEDERLANDSE LOTERIJ,ROOMPOT - NEDERLANDSE LOTERIJ,LOTTO SOUDAL
Sven RENDERS,Sven,RENDERS,BEL,BEL0121,"Liège-Bastogne-Liège, 2009",,,,,,,,,,,
G. Luca MIRENDA,G. Luca,MIRENDA,ITA,ITA0235,"Il Lombardia, 2011",ISD - NERI,ISD - NERI,FARNESE VINI - NERI SOTTOLI,,,,,,,,
Reinier HONIG,Reinier,HONIG,NED,NED0097,"Liège-Bastogne-Liège, 2016",VACANSOLEIL PRO CYCLING TEAM,ACQUA & SAPONE - D'ANGELO & ANTENUCCI,LANDBOUWKREDIET,LANDBOUWKREDIET - EUPHONY,CRELAN - EUPHONY,,ROOMPOT ORANJE PELOTON,ROOMPOT - ORANJE PELOTON,,,
Geert STEURS,Geert,STEURS,BEL,BEL0122,"Ronde van Vlaanderen, 2011",,,,,,,,,,,
Alexandre USOV,Alexandre,USOV,BLR,BLR0008,"Il Lombardia, 2009","COFIDIS, LE CREDIT EN LIGNE",,,,,,,,,,
Luca PIERFELICI,Luca,PIERFELICI,ITA,ITA0236,"Il Lombardia, 2009",ACQUA & SAPONE - CAFFE MOKAMBO,,,,,,,,,,
Bolat RAIMBEKOV,Bolat,RAIMBEKOV,KAZ,KAZ0025,"Il Lombardia, 2009",ASTANA,,,,,,,,,,
Aurelien DUVAL,Aurelien,DUVAL,FRA,FRA0216,"Il Lombardia, 2009",FRANÇAISE DES JEUX,,,,,,,,,,
Paolo BAILETTI,Paolo,BAILETTI,ITA,ITA0237,"Il Lombardia, 2012",FUJI-SERVETTO,,,UTENSILNORD NAMED,,,,,,,
Andrea TONTI,Andrea,TONTI,ITA,ITA0238,"Il Lombardia, 2009",FUJI-SERVETTO,,,,,,,,,,
Kilian PATOUR,Kilian,PATOUR,FRA,FRA0217,"Il Lombardia, 2009",GARMIN - SLIPSTREAM,,,,,,,,,,
Luca CELLI,Luca,CELLI,ITA,ITA0239,"Il Lombardia, 2009",SERRAMENTI PVC DIQUIGIOVANNI-ANDRONI GIOCATTOLI,,,,,,,,,,
Luca SOLARI,Luca,SOLARI,ITA,ITA0240,"Il Lombardia, 2011",SERRAMENTI PVC DIQUIGIOVANNI-ANDRONI GIOCATTOLI,ANDRONI GIOCATTOLI - SERRAMENTI PVC DIQUIGIOVANNI,ANDRONI GIOCATTOLI - C.I.P.I,,,,,,,,
Preben VAN HECKE,Preben,VAN HECKE,BEL,BEL0123,"Ronde van Vlaanderen, 2016",,,,,,,,,SPORT VLAANDEREN - BALOISE,SPORT VLAANDEREN - BALOISE,
Johan COENEN,Johan,COENEN,BEL,BEL0124,"Ronde van Vlaanderen, 2010",,,,,,,,,,,
Tom CRIEL,Tom,CRIEL,BEL,BEL0125,"Liège-Bastogne-Liège, 2009",,,,,,,,,,,
Francesco DI PAOLO,Francesco,DI PAOLO,ITA,ITA0241,"Il Lombardia, 2011",,ACQUA & SAPONE - D'ANGELO & ANTENUCCI,ACQUA & SAPONE,,,,,,,,
Thomas BERTOLINI,Thomas,BERTOLINI,ITA,ITA0242,"Paris-Roubaix, 2012",SERRAMENTI PVC DIQUIGIOVANNI-ANDRONI GIOCATTOLI,ANDRONI GIOCATTOLI - SERRAMENTI PVC DIQUIGIOVANNI,,FARNESE VINI - SELLE ITALIA,,,,,,,
Damiano MARGUTTI,Damiano,MARGUTTI,ITA,ITA0243,"Il Lombardia, 2010",,ANDRONI GIOCATTOLI - SERRAMENTI PVC DIQUIGIOVANNI,,,,,,,,,
Enrico PERUFFO,Enrico,PERUFFO,ITA,ITA0244,"Il Lombardia, 2010",,CARMIOORO NGC,,,,,,,,,
Sébastien FOURNET-FAYART,Sébastien,FOURNET-FAYART,FRA,FRA0218,"Il Lombardia, 2010",,CARMIOORO NGC,,,,,,,,,
Aristide RATTI,Aristide,RATTI,ITA,ITA0245,"Il Lombardia, 2010",,CARMIOORO NGC,,,,,,,,,
Francesco TIZZA,Francesco,TIZZA,ITA,ITA0246,"Il Lombardia, 2010",,CARMIOORO NGC,,,,,,,,,
Andrea PIECHELE,Andrea,PIECHELE,ITA,ITA0247,"Il Lombardia, 2011",,CARMIOORO NGC,COLNAGO - CSF INOX,,,,,,,,
Antonio QUADRANTI,Antonio,QUADRANTI,ITA,ITA0248,"Il Lombardia, 2010",,CARMIOORO NGC,,,,,,,,,
Michele GAIA,Michele,GAIA,ITA,ITA0249,"Il Lombardia, 2010",,COLNAGO - CSF INOX,,,,,,,,,
Rafaa CHTIOUI,Rafaa,CHTIOUI,TUN,TUN0001,"Paris-Roubaix, 2012",,ACQUA & SAPONE,ACQUA & SAPONE,TEAM EUROPCAR,,,,,,,
Simone MASCIARELLI,Simone,MASCIARELLI,ITA,ITA0250,"Il Lombardia, 2011",,,ACQUA & SAPONE,,,,,,,,
Omar BERTAZZO,Omar,BERTAZZO,ITA,ITA0251,"Milano-Sanremo, 2014",,,ANDRONI GIOCATTOLI - C.I.P.I,,,ANDRONI GIOCATTOLI - VENEZUELA,,,,,
Antonio SANTORO,Antonio,SANTORO,ITA,ITA0252,"Il Lombardia, 2011",,,ANDRONI GIOCATTOLI - C.I.P.I,,,,,,,,
Alberto CONTOLI,Alberto,CONTOLI,ITA,ITA0253,"Il Lombardia, 2011",,,COLNAGO - CSF INOX,,,,,,,,
Arkimedes ARGUELYES RODRIGES,Arkimedes,ARGUELYES RODRIGES,RUS,RUS0054,"Il Lombardia, 2011",,,KATUSHA TEAM,,,,,,,,
Marcello PAVARIN,Marcello,PAVARIN,ITA,ITA0254,"Il Lombardia, 2011",,,VACANSOLEIL-DCM PRO CYCLING TEAM,,,,,,,,
Christian DELLE STELLE,Christian,DELLE STELLE,ITA,ITA0255,"Milano-Sanremo, 2015",,,,COLNAGO - CSF INOX,,,CCC SPRANDI POLKOWICE,,,,
Michael RODRIGUEZ GALINDO,Michael,RODRIGUEZ GALINDO,COL,COL0056,"Il Lombardia, 2012",,,,COLOMBIA - COLDEPORTES,,,,,,,
Stiven FANELLI,Stiven,FANELLI,ITA,ITA0256,"Il Lombardia, 2012",,,,UTENSILNORD NAMED,,,,,,,
Edoardo GIRARDI,Edoardo,GIRARDI,ITA,ITA0257,"Il Lombardia, 2012",,,,UTENSILNORD NAMED,,,,,,,
Gianluca MAGGIORE,Gianluca,MAGGIORE,ITA,ITA0258,"Il Lombardia, 2012",,,,UTENSILNORD NAMED,,,,,,,
Sergio LAGANA,Sergio,LAGANA,ITA,ITA0259,"Il Lombardia, 2012",,,,UTENSILNORD NAMED,,,,,,,
Frederico ROCCHETTI,Frederico,ROCCHETTI,ITA,ITA0260,"Il Lombardia, 2012",,,,UTENSILNORD NAMED,,,,,,,
Francisco Javier VILA,Francisco Javier,VILA,ESP,ESP0183,"Il Lombardia, 2012",,,,UTENSILNORD NAMED,,,,,,,
Patrick FACCHINI,Patrick,FACCHINI,ITA,ITA0261,"Ronde van Vlaanderen, 2014",,,,,ANDRONI GIOCATTOLI - VENEZUELA,ANDRONI GIOCATTOLI - VENEZUELA,,,,,
Meron RUSSOM,Meron,RUSSOM,ERI,ERI0007,"Il Lombardia, 2013",,,,,MTN - QHUBEKA,,,,,,
Erick ROWSELL,Erick,ROWSELL,GBR,GBR0035,"Liège-Bastogne-Liège, 2014",,,,,TEAM NETAPP - ENDURA,TEAM NETAPP - ENDURA,,,,,
Antonio PARRINELLO,Antonio,PARRINELLO,ITA,ITA0262,"Il Lombardia, 2014",,,,,,ANDRONI GIOCATTOLI - VENEZUELA,,,,,
Alessio TALIANI,Alessio,TALIANI,ITA,ITA0263,"Il Lombardia, 2016",,,,,,ANDRONI GIOCATTOLI - VENEZUELA,,ANDRONI GIOCATTOLI - SIDERMEC,,,
Carlos GALVIZ,Carlos,GALVIZ,VEN,VEN0007,"Il Lombardia, 2014",,,,,,ANDRONI GIOCATTOLI - VENEZUELA,,,,,
Edward Fabian DIAZ CARDENAS,Edward Fabian,DIAZ CARDENAS,COL,COL0057,"Il Lombardia, 2014",,,,,,COLOMBIA,,,,,
Didier Alonso CHAPARRO LOPEZ,Didier Alonso,CHAPARRO LOPEZ,COL,COL0058,"Il Lombardia, 2015",,,,,,,NIPPO - VINI FANTINI,,,,
Samuele CONTI,Samuele,CONTI,ITA,ITA0264,"Milano-Sanremo, 2016",,,,,,,SOUTHEAST,SOUTHEAST - VENEZUELA,,,
Tanner PUTT,Tanner,PUTT,USA,USA0056,"Il Lombardia, 2015",,,,,,,UNITEDHEALTHCARE PROFESSIONAL CYCLING TEAM,,,,
Alberto NARDIN,Alberto,NARDIN,ITA,ITA0265,"Il Lombardia, 2016",,,,,,,ANDRONI GIOCATTOLI - SIDERMEC,ANDRONI GIOCATTOLI - SIDERMEC,,,
Simone STERBINI,Simone,STERBINI,ITA,ITA0266,"Il Lombardia, 2017",,,,,,,BARDIANI CSF,,BARDIANI CSF,,
Aydar ZAKARIN,Aydar,ZAKARIN,RUS,RUS0055,"Il Lombardia, 2016",,,,,,,,GAZPROM-RUSVELO,,,
Yuma KOISHI,Yuma,KOISHI,JPN,JPN0011,"Il Lombardia, 2016",,,,,,,,NIPPO - VINI FANTINI,,,
Fredrik LUDVIGSSON,Fredrik,LUDVIGSSON,SWE,SWE0009,"Il Lombardia, 2016",,,,,,,,TEAM GIANT - ALPECIN,,,
Marino KOBAYASHI,Marino,KOBAYASHI,JPN,JPN0012,"Il Lombardia, 2017",,,,,,,,,NIPPO - VINI FANTINI,,
Alberto CECCHIN,Alberto,CECCHIN,ITA,ITA0267,"Il Lombardia, 2017",,,,,,,,,WILIER TRIESTINA - SELLE ITALIA,,
Jose Manuel DIAZ GALLEGO,Jose Manuel,DIAZ GALLEGO,ESP,ESP0184,"Il Lombardia, 2018",,,,,,,,,,ISRAEL CYCLING ACADEMY,
Joan BOU COMPANY,Joan,BOU COMPANY,ESP,ESP0185,"Il Lombardia, 2018",,,,,,,,,,NIPPO - VINI FANTINI - EUROPA OVINI,
Marco TIZZA,Marco,TIZZA,ITA,ITA0268,"Il Lombardia, 2018",,,,,,,,,,NIPPO - VINI FANTINI - EUROPA OVINI,
Franck BONNAMOUR,Franck,BONNAMOUR,FRA,FRA0219,"Paris-Roubaix, 2019",,,,,,,,FORTUNEO - VITAL CONCEPT,FORTUNEO - VITAL CONCEPT,TEAM FORTUNEO - SAMSIC,TEAM ARKEA - SAMSIC
Matteo SPREAFICO,Matteo,SPREAFICO,ITA,ITA0269,"Il Lombardia, 2018",,,,,,,,,,ANDRONI GIOCATTOLI - SIDERMEC,
Omer GOLDSHTEIN,Omer,GOLDSHTEIN,ISR,ISR0003,"Il Lombardia, 2018",,,,,,,,,,ISRAEL CYCLING ACADEMY,
Romain LE ROUX,Romain,LE ROUX,FRA,FRA0220,"Il Lombardia, 2018",,,,,,,,,,TEAM FORTUNEO - SAMSIC,
Luca RAGGIO,Luca,RAGGIO,ITA,ITA0270,"Milano-Sanremo, 2019",,,,,,,,,,WILIER TRIESTINA - SELLE ITALIA,NERI SOTTOLI SELLE ITALIA KTM
Nikolai CHERKASOV,Nikolai,CHERKASOV,RUS,RUS0056,"Milano-Sanremo, 2018",,,,,,,,,,GAZPROM - RUSVELO,GAZPROM - RUSVELO
Nathan EARLE,Nathan,EARLE,AUS,AUS0062,"Liège-Bastogne-Liège, 2015",,,,,,TEAM SKY,TEAM SKY,,,,ISRAEL CYCLING ACADEMY
Lorenzo FORTUNATO,Lorenzo,FORTUNATO,ITA,ITA0271,"Il Lombardia, 2019",,,,,,,,,,,NERI SOTTOLI SELLE ITALIA KTM
Josip RUMAC,Josip,RUMAC,CRO,CRO0004,"Il Lombardia, 2019",,,,,,,,,,,ANDRONI GIOCATTOLI - SIDERMEC
Francesco ROMANO,Francesco,ROMANO,ITA,ITA0272,"Il Lombardia, 2019",,,,,,,,,,,BARDIANI CSF
Jaakko HÄNNINEN,Jaakko,HÄNNINEN,FIN,FIN0004,"Il Lombardia, 2019",,,,,,,,,,,AG2R LA MONDIALE
Kevin RIVERA SERRANO,Kevin,RIVERA SERRANO,CRC,CRC0002,"Il Lombardia, 2019",,,,,,,,,,,ANDRONI GIOCATTOLI - SIDERMEC
Daniel MUÑOZ GIRALDO,Daniel,MUÑOZ GIRALDO,COL,COL0059,"Il Lombardia, 2019",,,,,,,,,,,ANDRONI GIOCATTOLI - SIDERMEC
Daniel SAVINI,Daniel,SAVINI,ITA,ITA0273,"Il Lombardia, 2019",,,,,,,,,,,BARDIANI CSF
Petr RIKUNOV,Petr,RIKUNOV,RUS,RUS0057,"Il Lombardia, 2019",,,,,,,,,,,GAZPROM - RUSVELO
Omer GOLDSTEIN,Omer,GOLDSTEIN,ISR,ISR0004,"Il Lombardia, 2019",,,,,,,,,,,ISRAEL CYCLING ACADEMY
Umberto MARENGO,Umberto,MARENGO,ITA,ITA0274,"Il Lombardia, 2019",,,,,,,,,,,NERI SOTTOLI SELLE ITALIA KTM
Justin MOTTIER,Justin,MOTTIER,FRA,FRA0221,"Il Lombardia, 2019",,,,,,,,,,,VITAL CONCEPT - B&B HOTELS
Bert DE WAELE,Bert,DE WAELE,BEL,BEL0126,"Liège-Bastogne-Liège, 2012",LANDBOUWKREDIET - COLNAGO,LANDBOUWKREDIET,LANDBOUWKREDIET,LANDBOUWKREDIET - EUPHONY,,,,,,,
Bert SCHEIRLINCKX,Bert,SCHEIRLINCKX,BEL,BEL0127,"Liège-Bastogne-Liège, 2011",LANDBOUWKREDIET - COLNAGO,LANDBOUWKREDIET,LANDBOUWKREDIET,,,,,,,,
Christian PFANNBERGER,Christian,PFANNBERGER,AUT,AUT0021,"Liège-Bastogne-Liège, 2009",TEAM KATUSHA,,,,,,,,,,
Clément LHOTELLERIE,Clément,LHOTELLERIE,FRA,FRA0222,"Liège-Bastogne-Liège, 2009",VACANSOLEIL PRO CYCLING TEAM,,,,,,,,,,
Nazareno ROSSI,Nazareno,ROSSI,SUI,SUI0053,"Liège-Bastogne-Liège, 2009",SERRAMENTI PVC DIQUIGIOVANNI-ANDRONI GIOCATTOLI,,,,,,,,,,
Sébastien DELFOSSE,Sébastien,DELFOSSE,BEL,BEL0128,"Liège-Bastogne-Liège, 2017",LANDBOUWKREDIET - COLNAGO,LANDBOUWKREDIET,LANDBOUWKREDIET,,CRELAN - EUPHONY,,,,WB VERANCLASSIC AQUALITY PROTECT,,
Mathieu DROUILLY,Mathieu,DROUILLY,FRA,FRA0223,"Liège-Bastogne-Liège, 2009",LANDBOUWKREDIET - COLNAGO,,,,,,,,,,
Benjamin GOURGUE,Benjamin,GOURGUE,BEL,BEL0129,"Liège-Bastogne-Liège, 2010",LANDBOUWKREDIET - COLNAGO,LANDBOUWKREDIET,,,,,,,,,
Martial RICCI POGGI,Martial,RICCI POGGI,FRA,FRA0224,"Liège-Bastogne-Liège, 2009",LANDBOUWKREDIET - COLNAGO,,,,,,,,,,
Geert VERHEYEN,Geert,VERHEYEN,BEL,BEL0130,"Liège-Bastogne-Liège, 2011",LANDBOUWKREDIET - COLNAGO,LANDBOUWKREDIET,LANDBOUWKREDIET,,,,,,,,
Berik KUPESHOV,Berik,KUPESHOV,KAZ,KAZ0026,"Liège-Bastogne-Liège, 2009",ASTANA,,,,,,,,,,
Jason DONALD,Jason,DONALD,USA,USA0057,"Liège-Bastogne-Liège, 2009",GARMIN - SLIPSTREAM,,,,,,,,,,
Davy COMMEYNE,Davy,COMMEYNE,BEL,BEL0131,"Liège-Bastogne-Liège, 2012",,LANDBOUWKREDIET,LANDBOUWKREDIET,LANDBOUWKREDIET - EUPHONY,,,,,,,
Jackson STEWART,Jackson,STEWART,USA,USA0058,"Paris-Roubaix, 2009",BMC RACING TEAM,BMC RACING TEAM,,,,,,,,,
Rasmus GULDHAMMER,Rasmus,GULDHAMMER,DEN,DEN0035,"Liège-Bastogne-Liège, 2015",,TEAM HTC - COLUMBIA,,,,,CULT ENERGY PRO CYCLING,,,,
Stijn NEIRYNCK,Stijn,NEIRYNCK,BEL,BEL0132,"Ronde van Vlaanderen, 2012",,,,,,,,,,,
Matti HELMINEN,Matti,HELMINEN,FIN,FIN0005,"Liège-Bastogne-Liège, 2011",,,LANDBOUWKREDIET,,,,,,,,
Dieter CAPPELLE,Dieter,CAPPELLE,BEL,BEL0133,"Liège-Bastogne-Liège, 2011",,,VERANDA'S WILLEMS - ACCENT,,,,,,,,
Gregory HABEAUX,Gregory,HABEAUX,BEL,BEL0134,"Liège-Bastogne-Liège, 2017",,,VERANDA'S WILLEMS - ACCENT,ACCENT JOBS - WILLEMS VERANDA'S,,,,,WB VERANCLASSIC AQUALITY PROTECT,,
Sven VAN DEN HOUTE,Sven,VAN DEN HOUTE,BEL,BEL0135,"Liège-Bastogne-Liège, 2011",,,VERANDA'S WILLEMS - ACCENT,,,,,,,,
Arnoud VAN GROEN,Arnoud,VAN GROEN,NED,NED0098,"Liège-Bastogne-Liège, 2012",,,VERANDA'S WILLEMS - ACCENT,ACCENT JOBS - WILLEMS VERANDA'S,,,,,,,
Eliot LIETAER,Eliot,LIETAER,BEL,BEL0136,"Ronde van Vlaanderen, 2013",,,,,,,,,SPORT VLAANDEREN - BALOISE,,WALLONIE BRUXELLES
Arthur VANOVERBERGHE,Arthur,VANOVERBERGHE,BEL,BEL0137,"Liège-Bastogne-Liège, 2015",,,,,,,,,,,
Koen BARBE,Koen,BARBE,BEL,BEL0138,"Ronde van Vlaanderen, 2013",LANDBOUWKREDIET - COLNAGO,LANDBOUWKREDIET,LANDBOUWKREDIET,LANDBOUWKREDIET - EUPHONY,CRELAN - EUPHONY,,,,,,
Gilles DEVILLERS,Gilles,DEVILLERS,BEL,BEL0139,"Liège-Bastogne-Liège, 2013",,,,LANDBOUWKREDIET - EUPHONY,CRELAN - EUPHONY,,,,,,
Frédéric AMORISON,Frédéric,AMORISON,BEL,BEL0140,"Ronde van Vlaanderen, 2011",,LANDBOUWKREDIET,LANDBOUWKREDIET,LANDBOUWKREDIET - EUPHONY,,,,,,,
Kurt HOVELIJNCK,Kurt,HOVELIJNCK,BEL,BEL0141,"Ronde van Vlaanderen, 2013",,,,LANDBOUWKREDIET - EUPHONY,CRELAN - EUPHONY,,,,,,
Oleg CHUZHDA,Oleg,CHUZHDA,UKR,UKR0016,"Liège-Bastogne-Liège, 2012",,,,ACCENT JOBS - WILLEMS VERANDA'S,,,,,,,
Sjef DE WILDE,Sjef,DE WILDE,BEL,BEL0142,"Liège-Bastogne-Liège, 2012",,,,ACCENT JOBS - WILLEMS VERANDA'S,,,,,,,
Evert VERBIST,Evert,VERBIST,BEL,BEL0143,"Liège-Bastogne-Liège, 2012",,,,ACCENT JOBS - WILLEMS VERANDA'S,,,,,,,
Julien ANTOMARCHI,Julien,ANTOMARCHI,FRA,FRA0225,"Liège-Bastogne-Liège, 2012",,,,TEAM TYPE 1 - SANOFI,,,,,,,
Edwig CAMMAERTS,Edwig,CAMMAERTS,BEL,BEL0144,"Paris-Roubaix, 2012",,,,"COFIDIS, LE CREDIT EN LIGNE","COFIDIS, SOLUTIONS CREDITS","COFIDIS, SOLUTIONS CREDITS",,,,,
Steven CAETHOVEN,Steven,CAETHOVEN,BEL,BEL0145,"Ronde van Vlaanderen, 2011",AGRITUBEL,,VERANDA'S WILLEMS - ACCENT,,ACCENT JOBS - WANTY,,,,,,
Tim DE TROYER,Tim,DE TROYER,BEL,BEL0146,"Paris-Roubaix, 2014",,,,,ACCENT JOBS - WANTY,WANTY - GROUPE GOBERT,WANTY - GROUPE GOBERT,,,,
Jérôme GILBERT,Jérôme,GILBERT,BEL,BEL0147,"Liège-Bastogne-Liège, 2014",,,,,ACCENT JOBS - WANTY,WANTY - GROUPE GOBERT,,,,,
Sander HELVEN,Sander,HELVEN,BEL,BEL0148,"Paris-Roubaix, 2016",,,,,,,,,,,
Joeri BUEKEN,Joeri,BUEKEN,BEL,BEL0149,"Liège-Bastogne-Liège, 2013",,,,,CRELAN - EUPHONY,,,,,,
Egidijus JUODVALKIS,Egidijus,JUODVALKIS,LTU,LTU0007,"Ronde van Vlaanderen, 2012",,,LANDBOUWKREDIET,LANDBOUWKREDIET - EUPHONY,CRELAN - EUPHONY,,,,,,
Christophe PRÉMONT,Christophe,PRÉMONT,BEL,BEL0150,"Liège-Bastogne-Liège, 2013",,,,,CRELAN - EUPHONY,,,,,,
Klaas SYS,Klaas,SYS,BEL,BEL0151,"Liège-Bastogne-Liège, 2013",,,,,CRELAN - EUPHONY,,,,,,
Thomas SPRENGERS,Thomas,SPRENGERS,BEL,BEL0152,"Liège-Bastogne-Liège, 2019",,,,,,,,,SPORT VLAANDEREN - BALOISE,SPORT VLAANDEREN - BALOISE,SPORT VLAANDEREN - BALOISE
Otto VERGAERDE,Otto,VERGAERDE,BEL,BEL0153,"Ronde van Vlaanderen, 2019",,,,,,,,,VERANDA'S WILLEMS - CRELAN,,CORENDON - CIRCUS
Juan Esteban ARANGO CARVAJAL,Juan Esteban,ARANGO CARVAJAL,COL,COL0060,"Liège-Bastogne-Liège, 2014",,,,,,COLOMBIA,,,,,
Mike TERPSTRA,Mike,TERPSTRA,NED,NED0099,"Liège-Bastogne-Liège, 2015",,,,,,,ROOMPOT ORANJE PELOTON,,,,
Sjoerd VAN GINNEKEN,Sjoerd,VAN GINNEKEN,NED,NED0100,"Ronde van Vlaanderen, 2018",,,,,,,ROOMPOT ORANJE PELOTON,ROOMPOT - ORANJE PELOTON,ROOMPOT - NEDERLANDSE LOTERIJ,ROOMPOT - NEDERLANDSE LOTERIJ,ROOMPOT - CHARLES
Christian MAGER,Christian,MAGER,GER,GER0070,"Liège-Bastogne-Liège, 2015",,,,,,,CULT ENERGY PRO CYCLING,,,,
Michael REIHS,Michael,REIHS,DEN,DEN0036,"Liège-Bastogne-Liège, 2015",,,,,,,CULT ENERGY PRO CYCLING,,,,
Rasmus Christian QUAADE,Rasmus Christian,QUAADE,DEN,DEN0037,"Liège-Bastogne-Liège, 2015",,,,,,,CULT ENERGY PRO CYCLING,,,,
Mark MCNALLY,Mark,MCNALLY,GBR,GBR0036,"Ronde van Vlaanderen, 2018",,,,,,,,WANTY - GROUPE GOBERT,WANTY - GROUPE GOBERT,WANTY - GROUPE GOBERT,
Jeremy CORNU,Jeremy,CORNU,FRA,FRA0226,"Liège-Bastogne-Liège, 2016",,,,,,,,DIRECT ENERGIE,,,
Jens WALLAYS,Jens,WALLAYS,BEL,BEL0154,"Liège-Bastogne-Liège, 2016",,,,,,,,,,,
Antoine WARNIER,Antoine,WARNIER,BEL,BEL0155,"Liège-Bastogne-Liège, 2018",,,,,,,,,WB VERANCLASSIC AQUALITY PROTECT,WB AQUA PROTECT VERANCLASSIC,
Christophe MASSON,Christophe,MASSON,FRA,FRA0227,"Liège-Bastogne-Liège, 2018",,,,,,,,,WB VERANCLASSIC AQUALITY PROTECT,WB AQUA PROTECT VERANCLASSIC,
Dries VAN GESTEL,Dries,VAN GESTEL,BEL,BEL0156,"Liège-Bastogne-Liège, 2019",,,,,,,,,SPORT VLAANDEREN - BALOISE,SPORT VLAANDEREN - BALOISE,SPORT VLAANDEREN - BALOISE
Oscar RIESEBEEK,Oscar,RIESEBEEK,NED,NED0101,"Liège-Bastogne-Liège, 2017",,,,,,,,,ROOMPOT - NEDERLANDSE LOTERIJ,,
Benjamin DECLERCQ,Benjamin,DECLERCQ,BEL,BEL0157,"Liège-Bastogne-Liège, 2019",,,,,,,,,SPORT VLAANDEREN - BALOISE,SPORT VLAANDEREN - BALOISE,SPORT VLAANDEREN - BALOISE
Kenneth VAN ROOY,Kenneth,VAN ROOY,BEL,BEL0158,"Ronde van Vlaanderen, 2019",,,,,,,,,SPORT VLAANDEREN - BALOISE,,SPORT VLAANDEREN - BALOISE
Meiyin WANG,Meiyin,WANG,CHN,CHN0003,"Paris-Roubaix, 2018",,,,,,,,,BAHRAIN - MERIDA,BAHRAIN - MERIDA,
Kevin DELTOMBE,Kevin,DELTOMBE,BEL,BEL0159,"Liège-Bastogne-Liège, 2019",,,,,,,,,SPORT VLAANDEREN - BALOISE,SPORT VLAANDEREN - BALOISE,SPORT VLAANDEREN - BALOISE
Dimitri PEYSKENS,Dimitri,PEYSKENS,BEL,BEL0160,"Liège-Bastogne-Liège, 2019",,,,,,,,,WB VERANCLASSIC AQUALITY PROTECT,WB AQUA PROTECT VERANCLASSIC,WALLONIE BRUXELLES
Tim ARIESEN,Tim,ARIESEN,NED,NED0102,"Liège-Bastogne-Liège, 2017",,,,,,,,,ROOMPOT - NEDERLANDSE LOTERIJ,,
Thomas DERUETTE,Thomas,DERUETTE,BEL,BEL0161,"Liège-Bastogne-Liège, 2018",,,,,,,,,WB VERANCLASSIC AQUALITY PROTECT,WB AQUA PROTECT VERANCLASSIC,
Ludovic ROBEET,Ludovic,ROBEET,BEL,BEL0162,"Paris-Roubaix, 2018",,,,,,,,,WB VERANCLASSIC AQUALITY PROTECT,WB AQUA PROTECT VERANCLASSIC,
Olivier PARDINI,Olivier,PARDINI,BEL,BEL0163,"Liège-Bastogne-Liège, 2017",,,,,,,,,WB VERANCLASSIC AQUALITY PROTECT,,
Etienne VAN EMPEL,Etienne,VAN EMPEL,NED,NED0103,"Liège-Bastogne-Liège, 2017",,,,,,,,,ROOMPOT - NEDERLANDSE LOTERIJ,,
Floris GERTS,Floris,GERTS,NED,NED0104,"Ronde van Vlaanderen, 2018",,,,,,,,BMC RACING TEAM,BMC RACING TEAM,ROOMPOT - NEDERLANDSE LOTERIJ,
Gregory DANIEL,Gregory,DANIEL,USA,USA0059,"Liège-Bastogne-Liège, 2018",,,,,,,,,TREK - SEGAFREDO,TREK - SEGAFREDO,
Justin JULES,Justin,JULES,FRA,FRA0228,"Liège-Bastogne-Liège, 2019",,,,,,,,,,WB AQUA PROTECT VERANCLASSIC,WALLONIE BRUXELLES
Piet ALLEGAERT,Piet,ALLEGAERT,BEL,BEL0164,"Ronde van Vlaanderen, 2019",,,,,,,,,SPORT VLAANDEREN - BALOISE,SPORT VLAANDEREN - BALOISE,SPORT VLAANDEREN - BALOISE
Mathias VAN GOMPEL,Mathias,VAN GOMPEL,BEL,BEL0165,"Liège-Bastogne-Liège, 2019",,,,,,,,,,SPORT VLAANDEREN - BALOISE,SPORT VLAANDEREN - BALOISE
Julien MORTIER,Julien,MORTIER,BEL,BEL0166,"Liège-Bastogne-Liège, 2018",,,,,,,,,,WB AQUA PROTECT VERANCLASSIC,
Kim MAGNUSSON,Kim,MAGNUSSON,SWE,SWE0010,"Liège-Bastogne-Liège, 2018",,,,,,,,,,TEAM EF EDUCATION FIRST - DRAPAC P/B CANNONDALE,
Aaron VERWILST,Aaron,VERWILST,BEL,BEL0167,"Liège-Bastogne-Liège, 2019",,,,,,,,,,,SPORT VLAANDEREN - BALOISE
Aaron VAN POUCKE,Aaron,VAN POUCKE,BEL,BEL0168,"Liège-Bastogne-Liège, 2019",,,,,,,,,,,SPORT VLAANDEREN - BALOISE
Mathijs PAASSCHENS,Mathijs,PAASSCHENS,NED,NED0105,"Liège-Bastogne-Liège, 2019",,,,,,,,,,,WALLONIE BRUXELLES
Marco MATHIS,Marco,MATHIS,GER,GER0071,"Liège-Bastogne-Liège, 2019",,,,,,,,,,,"COFIDIS, SOLUTIONS CREDITS"
Kenny MOLLY,Kenny,MOLLY,BEL,BEL0169,"Liège-Bastogne-Liège, 2019",,,,,,,,,,,WALLONIE BRUXELLES
Dainius KAIRELIS,Dainius,KAIRELIS,LTU,LTU0008,"Milano-Sanremo, 2009",CERAMICA FLAMINIA - BOSSINI DOCCE,,,,,,,,,,
Cristiano FUMAGALLI,Cristiano,FUMAGALLI,ITA,ITA0275,"Milano-Sanremo, 2009",CERAMICA FLAMINIA - BOSSINI DOCCE,,,,,,,,,,
Leonardo MOSER,Leonardo,MOSER,ITA,ITA0276,"Milano-Sanremo, 2009",SERRAMENTI PVC DIQUIGIOVANNI-ANDRONI GIOCATTOLI,,,,,,,,,,
Alessandro MASERATI,Alessandro,MASERATI,ITA,ITA0277,"Milano-Sanremo, 2009",CERAMICA FLAMINIA - BOSSINI DOCCE,,,,,,,,,,
Alessandro FANTINI,Alessandro,FANTINI,ITA,ITA0278,"Milano-Sanremo, 2010",,ACQUA & SAPONE,,,,,,,,,
Laurent BEURET,Laurent,BEURET,SUI,SUI0054,"Milano-Sanremo, 2010",,CARMIOORO NGC,,,,,,,,,
Raffaele FERRARA,Raffaele,FERRARA,ITA,ITA0279,"Milano-Sanremo, 2010",,CARMIOORO NGC,,,,,,,,,
Takashi MIYAZAWA,Takashi,MIYAZAWA,JPN,JPN0013,"Milano-Sanremo, 2011",,,FARNESE VINI - NERI SOTTOLI,,,,,,,,
Juan Pablo SUAREZ SUAREZ,Juan Pablo,SUAREZ SUAREZ,COL,COL0061,"Milano-Sanremo, 2012",,,,COLOMBIA - COLDEPORTES,,,,,,,
Oleg BERDOS,Oleg,BERDOS,MDA,MDA0002,"Milano-Sanremo, 2012",,,,UTENSILNORD NAMED,,,,,,,
Juan Pablo FORERO CARREÑO,Juan Pablo,FORERO CARREÑO,COL,COL0062,"Milano-Sanremo, 2012",,,,COLOMBIA - COLDEPORTES,,,,,,,
Filippo BAGGIO,Filippo,BAGGIO,ITA,ITA0280,"Milano-Sanremo, 2012",,,,UTENSILNORD NAMED,,,,,,,
Franck OSORIO,Franck,OSORIO,COL,COL0063,"Milano-Sanremo, 2012",,,,COLOMBIA - COLDEPORTES,,,,,,,
Paolo LOCATELLI,Paolo,LOCATELLI,ITA,ITA0281,"Milano-Sanremo, 2012",,,,COLNAGO - CSF INOX,,,,,,,
Matteo FEDI,Matteo,FEDI,ITA,ITA0282,"Milano-Sanremo, 2012",,,,UTENSILNORD NAMED,,,,,,,
Christopher JONES,Christopher,JONES,USA,USA0060,"Paris-Roubaix, 2015",,,,,,UNITEDHEALTHCARE PROFESSIONAL CYCLING TEAM,UNITEDHEALTHCARE PROFESSIONAL CYCLING TEAM,,,,
Davide FRATTINI,Davide,FRATTINI,ITA,ITA0283,"Paris-Roubaix, 2015",,,,,,UNITEDHEALTHCARE PROFESSIONAL CYCLING TEAM,UNITEDHEALTHCARE PROFESSIONAL CYCLING TEAM,,,,
Tomasz KIENDYS,Tomasz,KIENDYS,POL,POL0031,"Ronde van Vlaanderen, 2016",,,,,,,CCC SPRANDI POLKOWICE,CCC SPRANDI POLKOWICE,,,
Kevin DE MESMAEKER,Kevin,DE MESMAEKER,BEL,BEL0170,"Milano-Sanremo, 2016",,,,,,,TEAM NOVO NORDISK,TEAM NOVO NORDISK,,,
Louis VERHELST,Louis,VERHELST,BEL,BEL0171,"Paris-Roubaix, 2014",,,,,,"COFIDIS, SOLUTIONS CREDITS","COFIDIS, SOLUTIONS CREDITS",,,,
Carlos Mario RAMIREZ BOTERO,Carlos Mario,RAMIREZ BOTERO,COL,COL0064,"Milano-Sanremo, 2015",,,,,,,COLOMBIA,,,,
Christopher WILLIAMS,Christopher,WILLIAMS,AUS,AUS0063,"Milano-Sanremo, 2016",,,,,,,TEAM NOVO NORDISK,TEAM NOVO NORDISK,,,
Mirko TEDESCHI,Mirko,TEDESCHI,ITA,ITA0284,"Milano-Sanremo, 2016",,,,,,,,SOUTHEAST - VENEZUELA,,,
Truls KORSÆTH,Truls,KORSÆTH,NOR,NOR0019,"Milano-Sanremo, 2018",,,,,,,,,ASTANA PRO TEAM,ASTANA PRO TEAM,
Hendrikus VAN IJZENDOORN,Hendrikus,VAN IJZENDOORN,NED,NED0106,"Milano-Sanremo, 2017",,,,,,,,,TEAM NOVO NORDISK,,
Umberto POLI,Umberto,POLI,ITA,ITA0285,"Milano-Sanremo, 2019",,,,,,,,,TEAM NOVO NORDISK,TEAM NOVO NORDISK,TEAM NOVO NORDISK
Roman MAIKIN,Roman,MAIKIN,RUS,RUS0058,"Milano-Sanremo, 2017",,,,,,,,,GAZPROM - RUSVELO,,
Brian KAMSTRA,Brian,KAMSTRA,NED,NED0107,"Milano-Sanremo, 2018",,,,,,,,,TEAM NOVO NORDISK,TEAM NOVO NORDISK,
Sam BRAND,Sam,BRAND,GBR,GBR0037,"Milano-Sanremo, 2019",,,,,,,,,,TEAM NOVO NORDISK,TEAM NOVO NORDISK
Daniel GIRMAZION,Daniel,GIRMAZION,ERI,ERI0008,"Milano-Sanremo, 2018",,,,,,,,,,,
Evgeny KOBERNYAK,Evgeny,KOBERNYAK,RUS,RUS0059,"Milano-Sanremo, 2018",,,,,,,,,,GAZPROM - RUSVELO,
Yevgeniy GIDICH,Yevgeniy,GIDICH,KAZ,KAZ0027,"Milano-Sanremo, 2019",,,,,,,,,,,ASTANA PRO TEAM
Jonas GREGAARD WILSLY,Jonas,GREGAARD WILSLY,DEN,DEN0038,"Milano-Sanremo, 2019",,,,,,,,,,,ASTANA PRO TEAM
Péter KUSZTOR,Péter,KUSZTOR,HUN,HUN0002,"Milano-Sanremo, 2019",,,,,,,,,,,TEAM NOVO NORDISK
Edoardo AFFINI,Edoardo,AFFINI,ITA,ITA0286,"Milano-Sanremo, 2019",,,,,,,,,,,MITCHELTON - SCOTT
Alessandro PESSOT,Alessandro,PESSOT,ITA,ITA0287,"Milano-Sanremo, 2019",,,,,,,,,,,BARDIANI CSF
Nicolas JALABERT,Nicolas,JALABERT,FRA,FRA0229,"Paris-Roubaix, 2009",AGRITUBEL,,,,,,,,,,
Filip MEIRHAEGHE,Filip,MEIRHAEGHE,BEL,BEL0172,"Paris-Roubaix, 2009",LANDBOUWKREDIET - COLNAGO,,,,,,,,,,
Aleksei MARKOV,Aleksei,MARKOV,RUS,RUS0060,"Paris-Roubaix, 2009",TEAM KATUSHA,,,,,,,,,,
Aart VIERHOUTEN,Aart,VIERHOUTEN,NED,NED0108,"Paris-Roubaix, 2009",VACANSOLEIL PRO CYCLING TEAM,,,,,,,,,,
Emilien Benoit BERGES,Emilien Benoit,BERGES,FRA,FRA0230,"Paris-Roubaix, 2009",AGRITUBEL,,,,,,,,,,
Romain VILLA,Romain,VILLA,FRA,FRA0231,"Paris-Roubaix, 2009","COFIDIS, LE CREDIT EN LIGNE",,,,,,,,,,
Sébastien PORTAL,Sébastien,PORTAL,FRA,FRA0232,"Paris-Roubaix, 2009","COFIDIS, LE CREDIT EN LIGNE",,,,,,,,,,
Denis FLAHAUT,Denis,FLAHAUT,FRA,FRA0233,"Paris-Roubaix, 2009",LANDBOUWKREDIET - COLNAGO,,,,,,,,,,
Bobbie TRAKSEL,Bobbie,TRAKSEL,NED,NED0109,"Ronde van Vlaanderen, 2011",VACANSOLEIL PRO CYCLING TEAM,VACANSOLEIL PRO CYCLING TEAM,LANDBOUWKREDIET,,,,,,,,
Hans DEKKERS,Hans,DEKKERS,NED,NED0110,"Paris-Roubaix, 2009",GARMIN - SLIPSTREAM,,,,,,,,,,
Glenn D`HOLLANDER,Glenn,D`HOLLANDER,BEL,BEL0173,"Paris-Roubaix, 2010",SILENCE-LOTTO,OMEGA PHARMA-LOTTO,,,,,,,,,
Long JIN,Long,JIN,CHN,CHN0004,"Paris-Roubaix, 2009",SKIL-SHIMANO,,,,,,,,,,
Stijn JOSEPH,Stijn,JOSEPH,BEL,BEL0174,"Paris-Roubaix, 2009",,,,,,,,,,,
Bart VANHEULE,Bart,VANHEULE,BEL,BEL0175,"Ronde van Vlaanderen, 2009",,,,,,,,,,,
Kevin NEIRYNCK,Kevin,NEIRYNCK,BEL,BEL0176,"Ronde van Vlaanderen, 2010",LANDBOUWKREDIET - COLNAGO,LANDBOUWKREDIET,,,,,,,,,
Mathieu DRUJON,Mathieu,DRUJON,FRA,FRA0234,"Paris-Roubaix, 2010",CAISSE D'EPARGNE,CAISSE D'EPARGNE,,,,,,,,,
Antonio CRUZ,Antonio,CRUZ,USA,USA0061,"Paris-Roubaix, 2009",BMC RACING TEAM,,,,,,,,,,
Romain MATHEOU,Romain,MATHEOU,FRA,FRA0235,"Paris-Roubaix, 2011",,SAUR - SOJASUN,SAUR - SOJASUN,,,,,,,,
Robin CHAIGNEAU,Robin,CHAIGNEAU,NED,NED0111,"Paris-Roubaix, 2010",,SKIL - SHIMANO,,,,,,,,,
Ricardo VAN DER VELDE,Ricardo,VAN DER VELDE,NED,NED0112,"Paris-Roubaix, 2010",,GARMIN - TRANSITIONS,,,,,,,,,
Nicolas ROUSSEAU,Nicolas,ROUSSEAU,FRA,FRA0236,"Paris-Roubaix, 2010",,AG2R LA MONDIALE,,,,,,,,,
Cedric COUTOULY,Cedric,COUTOULY,FRA,FRA0237,"Paris-Roubaix, 2010",,SAUR - SOJASUN,,,,,,,,,
Jean Lou PAIANI,Jean Lou,PAIANI,FRA,FRA0238,"Paris-Roubaix, 2013",,,SAUR - SOJASUN,SAUR - SOJASUN,SOJASUN,,,,,,
Robert RETSCHKE,Robert,RETSCHKE,GER,GER0072,"Paris-Roubaix, 2011",,,TEAM NETAPP,,,,,,,,
Dmytro KRIVTSOV,Dmytro,KRIVTSOV,UKR,UKR0017,"Paris-Roubaix, 2012",,,LAMPRE - ISD,LAMPRE - ISD,,,,,,,
Mathieu HALLEGUEN,Mathieu,HALLEGUEN,FRA,FRA0239,"Paris-Roubaix, 2012",,,BRETAGNE - SCHULLER,BRETAGNE - SCHULLER,,,,,,,
Stéphane BONSERGENT,Stéphane,BONSERGENT,FRA,FRA0240,"Paris-Roubaix, 2011",,,BRETAGNE - SCHULLER,,,,,,,,
Michaël BAER,Michaël,BAER,SUI,SUI0055,"Paris-Roubaix, 2011",,,TEAM NETAPP,,,,,,,,
Eric BAUMANN,Eric,BAUMANN,GER,GER0073,"Paris-Roubaix, 2011",,,TEAM NETAPP,,,,,,,,
Blaz JARC,Blaz,JARC,SLO,SLO0021,"Paris-Roubaix, 2014",,,,TEAM NETAPP,TEAM NETAPP - ENDURA,TEAM NETAPP - ENDURA,,,,,
Ronan VAN ZANDBEEK,Ronan,VAN ZANDBEEK,NED,NED0113,"Ronde van Vlaanderen, 2011",,,SKIL - SHIMANO,TEAM ARGOS - SHIMANO,,,,,,,
Roberto DE PATRE,Roberto,DE PATRE,ITA,ITA0288,"Paris-Roubaix, 2012",,,,FARNESE VINI - SELLE ITALIA,,,,,,,
Coen VERMELTFOORT,Coen,VERMELTFOORT,NED,NED0114,"Ronde van Vlaanderen, 2018",,,RABOBANK CYCLING TEAM,RABOBANK CYCLING TEAM,,,,,ROOMPOT - NEDERLANDSE LOTERIJ,ROOMPOT - NEDERLANDSE LOTERIJ,
Cristian BENENATI,Cristian,BENENATI,ITA,ITA0289,"Paris-Roubaix, 2012",,,,FARNESE VINI - SELLE ITALIA,,,,,,,
Grischa JANORSCHKE,Grischa,JANORSCHKE,GER,GER0074,"Paris-Roubaix, 2012",,,,TEAM NETAPP,,,,,,,
André SCHULZE,André,SCHULZE,GER,GER0075,"Paris-Roubaix, 2013",,,,TEAM NETAPP,EUSKALTEL EUSKADI,,,,,,
Clément KORETZKY,Clément,KORETZKY,FRA,FRA0241,"Paris-Roubaix, 2014",,,,,BRETAGNE - SECHE ENVIRONNEMENT,BRETAGNE - SECHE ENVIRONNEMENT,,,,,
Morgan LAMOISSON,Morgan,LAMOISSON,FRA,FRA0242,"Paris-Roubaix, 2015",,,,,TEAM EUROPCAR,,TEAM EUROPCAR,,,,
Evan HUFFMAN,Evan,HUFFMAN,USA,USA0062,"Paris-Roubaix, 2014",,,,,ASTANA PRO TEAM,ASTANA PRO TEAM,,,,,
Maxime DANIEL,Maxime,DANIEL,FRA,FRA0243,"Paris-Roubaix, 2018",,,,,SOJASUN,,,AG2R LA MONDIALE,FORTUNEO - VITAL CONCEPT,TEAM FORTUNEO - SAMSIC,
Benjamin LE MONTAGNER,Benjamin,LE MONTAGNER,FRA,FRA0244,"Paris-Roubaix, 2014",,,,,BRETAGNE - SECHE ENVIRONNEMENT,BRETAGNE - SECHE ENVIRONNEMENT,,,,,
Steffen RADOCHLA,Steffen,RADOCHLA,GER,GER0076,"Paris-Roubaix, 2013",,,,,EUSKALTEL EUSKADI,,,,,,
Stijn STEELS,Stijn,STEELS,BEL,BEL0177,"Ronde van Vlaanderen, 2019",,,,,,,,,SPORT VLAANDEREN - BALOISE,VERANDA'S WILLEMS - CRELAN,ROOMPOT - CHARLES
Jarl SALOMEIN,Jarl,SALOMEIN,BEL,BEL0178,"Ronde van Vlaanderen, 2015",,,,,,,,,,,
James VANLANDSCHOOT,James,VANLANDSCHOOT,BEL,BEL0179,"Ronde van Vlaanderen, 2013",,,VERANDA'S WILLEMS - ACCENT,ACCENT JOBS - WILLEMS VERANDA'S,ACCENT JOBS - WANTY,WANTY - GROUPE GOBERT,WANTY - GROUPE GOBERT,,,,
Jonathan MCEVOY,Jonathan,MCEVOY,GBR,GBR0038,"Paris-Roubaix, 2014",,,,,,TEAM NETAPP - ENDURA,,,,,
Daniel SUMMERHILL,Daniel,SUMMERHILL,USA,USA0063,"Paris-Roubaix, 2015",,,,,,UNITEDHEALTHCARE PROFESSIONAL CYCLING TEAM,UNITEDHEALTHCARE PROFESSIONAL CYCLING TEAM,,,,
Bradley WHITE,Bradley,WHITE,USA,USA0064,"Paris-Roubaix, 2014",,,,,,UNITEDHEALTHCARE PROFESSIONAL CYCLING TEAM,,,,,
Boris VALLEE,Boris,VALLEE,BEL,BEL0180,"Paris-Roubaix, 2019",,,,,,LOTTO BELISOL,,FORTUNEO - VITAL CONCEPT,FORTUNEO - VITAL CONCEPT,,WANTY - GOBERT CYCLING TEAM
Erwann CORBEL,Erwann,CORBEL,FRA,FRA0245,"Paris-Roubaix, 2017",,,,,,BRETAGNE - SECHE ENVIRONNEMENT,,,FORTUNEO - VITAL CONCEPT,,
Michaël VAN STAEYEN,Michaël,VAN STAEYEN,BEL,BEL0181,"Ronde van Vlaanderen, 2018",,,,,,,"COFIDIS, SOLUTIONS CREDITS","COFIDIS, SOLUTIONS CREDITS","COFIDIS, SOLUTIONS CREDITS","COFIDIS, SOLUTIONS CREDITS",ROOMPOT - CHARLES
Tom DEVRIENDT,Tom,DEVRIENDT,BEL,BEL0182,"Ronde van Vlaanderen, 2018",,,,,,,WANTY - GROUPE GOBERT,WANTY - GROUPE GOBERT,,WANTY - GROUPE GOBERT,WANTY - GOBERT CYCLING TEAM
Matthieu BOULO,Matthieu,BOULO,FRA,FRA0246,"Paris-Roubaix, 2015",,,,,,,BRETAGNE-SECHE ENVIRONNEMENT,,,,
Maxat AYAZBAYEV,Maxat,AYAZBAYEV,KAZ,KAZ0028,"Paris-Roubaix, 2016",,,,,,,ASTANA PRO TEAM,ASTANA PRO TEAM,,,
Kristoffer M SKJERPING,Kristoffer M,SKJERPING,NOR,NOR0020,"Ronde van Vlaanderen, 2016",,,,,,,TEAM CANNONDALE - GARMIN,CANNONDALE PRO CYCLING TEAM,,,
Roy JANS,Roy,JANS,BEL,BEL0183,"Ronde van Vlaanderen, 2019",,,,,ACCENT JOBS - WANTY,,WANTY - GROUPE GOBERT,WANTY - GROUPE GOBERT,,,CORENDON - CIRCUS
Robin STENUIT,Robin,STENUIT,BEL,BEL0184,"Paris-Roubaix, 2016",,,,,,,,WANTY - GROUPE GOBERT,,,
Maxime FARAZIJN,Maxime,FARAZIJN,BEL,BEL0185,"Paris-Roubaix, 2017",,,,,,,,,SPORT VLAANDEREN - BALOISE,,
Hugo HOFSTETTER,Hugo,HOFSTETTER,FRA,FRA0247,"Paris-Roubaix, 2019",,,,,,,,"COFIDIS, SOLUTIONS CREDITS","COFIDIS, SOLUTIONS CREDITS","COFIDIS, SOLUTIONS CREDITS","COFIDIS, SOLUTIONS CREDITS"
Jonas RICKAERT,Jonas,RICKAERT,BEL,BEL0186,"Ronde van Vlaanderen, 2018",,,,,,,,,SPORT VLAANDEREN - BALOISE,SPORT VLAANDEREN - BALOISE,
Phillip GAIMON,Phillip,GAIMON,USA,USA0065,"Paris-Roubaix, 2016",,,,,,,,CANNONDALE PRO CYCLING TEAM,,,
Mikel ARISTI GARDOKI,Mikel,ARISTI GARDOKI,ESP,ESP0186,"Paris-Roubaix, 2017",,,,,,,,DELKO MARSEILLE PROVENCE KTM,DELKO MARSEILLE PROVENCE KTM,,
Fredrik Strand GALTA,Fredrik Strand,GALTA,NOR,NOR0021,"Paris-Roubaix, 2016",,,,,,,,DELKO MARSEILLE PROVENCE KTM,,,
Benjamin GIRAUD,Benjamin,GIRAUD,FRA,FRA0248,"Paris-Roubaix, 2017",,,,,,,,DELKO MARSEILLE PROVENCE KTM,DELKO MARSEILLE PROVENCE KTM,,
Martin LAAS,Martin,LAAS,EST,EST0006,"Paris-Roubaix, 2017",,,,,,,,DELKO MARSEILLE PROVENCE KTM,DELKO MARSEILLE PROVENCE KTM,,
Edward PLANCKAERT,Edward,PLANCKAERT,BEL,BEL0187,"Ronde van Vlaanderen, 2019",,,,,,,,,SPORT VLAANDEREN - BALOISE,SPORT VLAANDEREN - BALOISE,SPORT VLAANDEREN - BALOISE
David PER,David,PER,SLO,SLO0022,"Paris-Roubaix, 2018",,,,,,,,,BAHRAIN - MERIDA,BAHRAIN - MERIDA,
Ion Ander INSAUSTI IRASTORZA,Ion Ander,INSAUSTI IRASTORZA,ESP,ESP0187,"Paris-Roubaix, 2017",,,,,,,,,BAHRAIN - MERIDA,,
Andre LOOIJ,Andre,LOOIJ,NED,NED0115,"Paris-Roubaix, 2017",,,,,,,,,ROOMPOT - NEDERLANDSE LOTERIJ,,
Asbjørn KRAGH ANDERSEN,Asbjørn,KRAGH ANDERSEN,DEN,DEN0039,"Paris-Roubaix, 2019",,,,,,,,,DELKO MARSEILLE PROVENCE KTM,,TEAM SUNWEB
Rudy BARBIER,Rudy,BARBIER,FRA,FRA0249,"Ronde van Vlaanderen, 2018",,,,,,,,,AG2R LA MONDIALE,AG2R LA MONDIALE,
Tanguy TURGIS,Tanguy,TURGIS,FRA,FRA0250,"Paris-Roubaix, 2018",,,,,,,,,,VITAL CONCEPT CYCLING CLUB,
Jimmy DUQUENNOY,Jimmy,DUQUENNOY,BEL,BEL0188,"Paris-Roubaix, 2018",,,,,,,,,,WB AQUA PROTECT VERANCLASSIC,
Julien STASSEN,Julien,STASSEN,BEL,BEL0189,"Paris-Roubaix, 2018",,,,,,,,,,WB AQUA PROTECT VERANCLASSIC,
Dries DE BONDT,Dries,DE BONDT,BEL,BEL0190,"Ronde van Vlaanderen, 2019",,,,,,,,,VERANDA'S WILLEMS - CRELAN,VERANDA'S WILLEMS - CRELAN,CORENDON - CIRCUS
Julien TRARIEUX,Julien,TRARIEUX,FRA,FRA0251,"Paris-Roubaix, 2019",,,,,,,,,,DELKO MARSEILLE PROVENCE KTM,DELKO MARSEILLE PROVENCE
Senne LEYSEN,Senne,LEYSEN,BEL,BEL0191,"Paris-Roubaix, 2019",,,,,,,,,,VERANDA'S WILLEMS - CRELAN,ROOMPOT - CHARLES
Ludwig DE WINTER,Ludwig,DE WINTER,BEL,BEL0192,"Paris-Roubaix, 2019",,,,,,,,,,WB AQUA PROTECT VERANCLASSIC,WANTY - GOBERT CYCLING TEAM
Simon SELLIER,Simon,SELLIER,FRA,FRA0252,"Paris-Roubaix, 2018",,,,,,,,,,DIRECT ENERGIE,
Jérémy LECROQ,Jérémy,LECROQ,FRA,FRA0253,"Paris-Roubaix, 2019",,,,,,,,,,VITAL CONCEPT CYCLING CLUB,VITAL CONCEPT - B&B HOTELS
Michael Carbel SVENDGAARD,Michael Carbel,SVENDGAARD,DEN,DEN0040,"Paris-Roubaix, 2018",,,,,,,,,,TEAM FORTUNEO - SAMSIC,
Lukas SPENGLER,Lukas,SPENGLER,SUI,SUI0056,"Paris-Roubaix, 2018",,,,,,,,,,WB AQUA PROTECT VERANCLASSIC,
Adrien GAREL,Adrien,GAREL,FRA,FRA0254,"Ronde van Vlaanderen, 2019",,,,,,,,,,VITAL CONCEPT CYCLING CLUB,VITAL CONCEPT - B&B HOTELS
Michael GOOLAERTS,Michael,GOOLAERTS,BEL,BEL0193,"Ronde van Vlaanderen, 2017",,,,,,,,,VERANDA'S WILLEMS - CRELAN,VERANDA'S WILLEMS - CRELAN,
Clément RUSSO,Clément,RUSSO,FRA,FRA0255,"Paris-Roubaix, 2019",,,,,,,,,,,TEAM ARKEA - SAMSIC
Callum SCOTSON,Callum,SCOTSON,AUS,AUS0064,"Paris-Roubaix, 2019",,,,,,,,,,,MITCHELTON - SCOTT
Joseph ARERUYA,Joseph,ARERUYA,RWA,RWA0002,"Paris-Roubaix, 2019",,,,,,,,,,,DELKO MARSEILLE PROVENCE
Alan RIOU,Alan,RIOU,FRA,FRA0256,"Paris-Roubaix, 2019",,,,,,,,,,,TEAM ARKEA - SAMSIC
Jérémy LEVEAU,Jérémy,LEVEAU,FRA,FRA0257,"Paris-Roubaix, 2019",,,,,,,,,,,DELKO MARSEILLE PROVENCE
Justin TIMMERMANS,Justin,TIMMERMANS,NED,NED0116,"Paris-Roubaix, 2019",,,,,,,,,,,ROOMPOT - CHARLES
Lawrence NAESEN,Lawrence,NAESEN,BEL,BEL0194,"Paris-Roubaix, 2019",,,,,,,,,,,LOTTO SOUDAL
Wim VAN HUFFEL,Wim,VAN HUFFEL,BEL,BEL0195,"Ronde van Vlaanderen, 2009",VORARLBERG - CORRATEC,,,,,,,,,,
Philipp LUDESCHER,Philipp,LUDESCHER,AUT,AUT0022,"Ronde van Vlaanderen, 2009",VORARLBERG - CORRATEC,,,,,,,,,,
Ivan DOMINGUEZ,Ivan,DOMINGUEZ,USA,USA0066,"Ronde van Vlaanderen, 2009",FUJI-SERVETTO,,,,,,,,,,
Boris CHPILEVSKI,Boris,CHPILEVSKI,RUS,RUS0061,"Ronde van Vlaanderen, 2009",FUJI-SERVETTO,,,,,,,,,,
Guennadi MIKHAILOV,Guennadi,MIKHAILOV,RUS,RUS0062,"Ronde van Vlaanderen, 2009",TEAM KATUSHA,,,,,,,,,,
David DEROO,David,DEROO,FRA,FRA0258,"Ronde van Vlaanderen, 2009",SKIL-SHIMANO,,,,,,,,,,
Daniel MUSIOL,Daniel,MUSIOL,GER,GER0077,"Ronde van Vlaanderen, 2009",VORARLBERG - CORRATEC,,,,,,,,,,
Matic STRGAR,Matic,STRGAR,SLO,SLO0023,"Ronde van Vlaanderen, 2009",VORARLBERG - CORRATEC,,,,,,,,,,
Scott DAVIS,Scott,DAVIS,AUS,AUS0065,"Ronde van Vlaanderen, 2010",,ASTANA,,,,,,,,,
Vidal CELIS ZABALA,Vidal,CELIS ZABALA,ESP,ESP0188,"Ronde van Vlaanderen, 2010",,FOOTON-SERVETTO,,,,,,,,,
Thomas Patrick FAIERS,Thomas Patrick,FAIERS,GBR,GBR0039,"Ronde van Vlaanderen, 2010",,FOOTON-SERVETTO,,,,,,,,,
Job VISSERS,Job,VISSERS,NED,NED0117,"Ronde van Vlaanderen, 2010",,SKIL - SHIMANO,,,,,,,,,
Steven VAN VOOREN,Steven,VAN VOOREN,BEL,BEL0196,"Ronde van Vlaanderen, 2011",,,,,,,,,,,
Bram SCHMITZ,Bram,SCHMITZ,NED,NED0118,"Ronde van Vlaanderen, 2011",,,VERANDA'S WILLEMS - ACCENT,,,,,,,,
Rob GORIS,Rob,GORIS,BEL,BEL0197,"Ronde van Vlaanderen, 2012",,,VERANDA'S WILLEMS - ACCENT,ACCENT JOBS - WILLEMS VERANDA'S,,,,,,,
Stefan * VAN DIJK,Stefan *,VAN DIJK,NED,NED0119,"Ronde van Vlaanderen, 2013",,,VERANDA'S WILLEMS - ACCENT,ACCENT JOBS - WILLEMS VERANDA'S,ACCENT JOBS - WANTY,,,,,,
Jonathan BREYNE,Jonathan,BREYNE,BEL,BEL0198,"Ronde van Vlaanderen, 2013",,,,LANDBOUWKREDIET - EUPHONY,CRELAN - EUPHONY,,,,,,
Benjamin VERRAES,Benjamin,VERRAES,BEL,BEL0199,"Ronde van Vlaanderen, 2013",,,,,ACCENT JOBS - WANTY,,,,,,
Alexander SEREBRYAKOV,Alexander,SEREBRYAKOV,RUS,RUS0063,"Ronde van Vlaanderen, 2013",,,,,EUSKALTEL EUSKADI,,,,,,
Kevin CLAEYS,Kevin,CLAEYS,BEL,BEL0200,"Ronde van Vlaanderen, 2013",,,,,CRELAN - EUPHONY,,,,,,
Stefano BORCHI,Stefano,BORCHI,ITA,ITA0290,"Ronde van Vlaanderen, 2013",,,,,VINI FANTINI - SELLE ITALIA,,,,,,
Mattia POZZO,Mattia,POZZO,ITA,ITA0291,"Ronde van Vlaanderen, 2013",,,,,VINI FANTINI - SELLE ITALIA,,,,,,
Nicola TESTI,Nicola,TESTI,ITA,ITA0292,"Ronde van Vlaanderen, 2014",,,,,,ANDRONI GIOCATTOLI - VENEZUELA,,,,,
Andrea ZORDAN,Andrea,ZORDAN,ITA,ITA0293,"Ronde van Vlaanderen, 2014",,,,,,ANDRONI GIOCATTOLI - VENEZUELA,,,,,
Tim KERKHOF,Tim,KERKHOF,NED,NED0120,"Ronde van Vlaanderen, 2015",,,,,,,ROOMPOT ORANJE PELOTON,,,,
Ivar SLIK,Ivar,SLIK,NED,NED0121,"Ronde van Vlaanderen, 2016",,,,,,,ROOMPOT ORANJE PELOTON,ROOMPOT - ORANJE PELOTON,,,
Amaury CAPIOT,Amaury,CAPIOT,BEL,BEL0201,"Ronde van Vlaanderen, 2018",,,,,,,,,,SPORT VLAANDEREN - BALOISE,
Michal PALUTA,Michal,PALUTA,POL,POL0032,"Ronde van Vlaanderen, 2016",,,,,,,,CCC SPRANDI POLKOWICE,,,
Patryk STOSZ,Patryk,STOSZ,POL,POL0033,"Ronde van Vlaanderen, 2016",,,,,,,,CCC SPRANDI POLKOWICE,,,
Kai REUS,Kai,REUS,NED,NED0122,"Ronde van Vlaanderen, 2016",,,,,,,,ROOMPOT - ORANJE PELOTON,,,
Andrea DAL COL,Andrea,DAL COL,ITA,ITA0294,"Ronde van Vlaanderen, 2016",,,,,,,,SOUTHEAST - VENEZUELA,,,
Matteo DRAPERI,Matteo,DRAPERI,ITA,ITA0295,"Ronde van Vlaanderen, 2017",,,,,,,,SOUTHEAST - VENEZUELA,WILIER TRIESTINA - SELLE ITALIA,,
Mirko TROSINO,Mirko,TROSINO,ITA,ITA0296,"Ronde van Vlaanderen, 2016",,,,,,,,SOUTHEAST - VENEZUELA,,,
Stef VAN ZUMMEREN,Stef,VAN ZUMMEREN,BEL,BEL0202,"Ronde van Vlaanderen, 2017",,,,,,,,,VERANDA'S WILLEMS - CRELAN,,
Jan Willem VAN SCHIP,Jan Willem,VAN SCHIP,NED,NED0123,"Ronde van Vlaanderen, 2018",,,,,,,,,,ROOMPOT - NEDERLANDSE LOTERIJ,
Mathieu VAN DER POEL,Mathieu,VAN DER POEL,NED,NED0124,"Ronde van Vlaanderen, 2019",,,,,,,,,,,CORENDON - CIRCUS
Gianni VERMEERSCH,Gianni,VERMEERSCH,BEL,BEL0203,"Ronde van Vlaanderen, 2019",,,,,,,,,,,CORENDON - CIRCUS
Jordi WARLOP,Jordi,WARLOP,BEL,BEL0204,"Ronde van Vlaanderen, 2019",,,,,,,,,,,SPORT VLAANDEREN - BALOISE
