ID,Nominal Stage Number,Actual Stage Number,Race,Year,Is Multi-Stage,Has Prologue,Is A Stage,Date,Depart,Arrive,Length,Type,Profile,Total distance,Total stages,Average distance,Top finishes,Total high mountain stages,Mountain top finishes,Total medium mountain stages,Hill top finishes,Total flat stages,Flat top finishes,Total individual time trial stages,Total individual time trials,Total team time trial stages,Total individual team time trials,Total KOM sprints,Total HC,Total 1st Category,Total 2nd Category,Total 3rd Category,Total 4th Category
GDI2009S01,1.0,1.0,Giro d'Italia,2009,1,0,1,20090509.0,Lido di Venezia,Lido di Venezia,20.84,IRR,Team time trial,,,,,,,,,,,,,,,,,,,,
GDI2009S02,2.0,2.0,Giro d'Italia,2009,1,0,1,20090510.0,Jesolo,Trieste,154.65,IRR,Plain,,,,,,,,,,,,,,,,,,,,
GDI2009S03,3.0,3.0,Giro d'Italia,2009,1,0,1,20090511.0,Grado,Valdobbiadene,197.3,IRR,Plain,,,,,,,,,,,,,,,,,,,,
GDI2009S04,4.0,4.0,Giro d'Italia,2009,1,0,1,20090512.0,Padova,San Martino di Castrozza,162.56,IRR,High mountain,,,,,,,,,,,,,,,,,,,,
GDI2009S05,5.0,5.0,Giro d'Italia,2009,1,0,1,20090513.0,San Martino di Castrozza,Alpe di Siusi,125.57,IRR,High mountain,,,,,,,,,,,,,,,,,,,,
GDI2009S06,6.0,6.0,Giro d'Italia,2009,1,0,1,20090514.0,Bressanone/Brixen,Mayrhofen im Zillertal,248.45,IRR,Medium Mountain,,,,,,,,,,,,,,,,,,,,
GDI2009S07,7.0,7.0,Giro d'Italia,2009,1,0,1,20090515.0,Innsbruck,Chiavenna,243.86,IRR,Medium Mountain,,,,,,,,,,,,,,,,,,,,
GDI2009S08,8.0,8.0,Giro d'Italia,2009,1,0,1,20090516.0,Morbegno,Bergamo,214.15,IRR,Medium Mountain,,,,,,,,,,,,,,,,,,,,
GDI2009S09,9.0,9.0,Giro d'Italia,2009,1,0,1,20090517.0,Milano (Piazza Castello),Milano (Corso Venezia),167.17,IRR,Plain,,,,,,,,,,,,,,,,,,,,
GDI2009S10,10.0,10.0,Giro d'Italia,2009,1,0,1,20090519.0,Cuneo,Pinerolo,262.07,IRR,High mountain,,,,,,,,,,,,,,,,,,,,
GDI2009S11,11.0,11.0,Giro d'Italia,2009,1,0,1,20090513.0,Torino,Arenzano,213.35,IRR,Plain,,,,,,,,,,,,,,,,,,,,
GDI2009S12,12.0,12.0,Giro d'Italia,2009,1,0,1,20090521.0,Sestri Levante,Riomaggiore (Cinque Terre),60.85,ITT,Individual Time Trial,,,,,,,,,,,,,,,,,,,,
GDI2009S13,13.0,13.0,Giro d'Italia,2009,1,0,1,20090522.0,Lido di Camaiore,Firenze,178.41,IRR,Plain,,,,,,,,,,,,,,,,,,,,
GDI2009S14,14.0,14.0,Giro d'Italia,2009,1,0,1,20090523.0,Campi Bisenzio,Bologna (San Luca),171.97,IRR,High mountain,,,,,,,,,,,,,,,,,,,,
GDI2009S15,15.0,15.0,Giro d'Italia,2009,1,0,1,20090524.0,Forlì,Faenza,162.06,IRR,Medium Mountain,,,,,,,,,,,,,,,,,,,,
GDI2009S16,16.0,16.0,Giro d'Italia,2009,1,0,1,20090526.0,Pergola,Monte Petrano (Cagli),236.03,IRR,High mountain,,,,,,,,,,,,,,,,,,,,
GDI2009S17,17.0,17.0,Giro d'Italia,2009,1,0,1,20090527.0,Chieti,Blockhaus,82.39,IRR,High mountain,,,,,,,,,,,,,,,,,,,,
GDI2009S18,18.0,18.0,Giro d'Italia,2009,1,0,1,20090528.0,Sulmona,Benevento,182.7,IRR,Plain,,,,,,,,,,,,,,,,,,,,
GDI2009S19,19.0,19.0,Giro d'Italia,2009,1,0,1,20090529.0,Avellino,Vesuvio (Ercolano),163.53,IRR,High mountain,,,,,,,,,,,,,,,,,,,,
GDI2009S20,20.0,20.0,Giro d'Italia,2009,1,0,1,20090530.0,Napoli,Anagni,203.69,IRR,Plain,,,,,,,,,,,,,,,,,,,,
GDI2009S21,21.0,21.0,Giro d'Italia,2009,1,0,1,20090531.0,Roma (via dei Fori Imperiali),Roma (via dei Fori Imperiali),13.72,ITT,Individual Time Trial,,,,,,,,,,,,,,,,,,,,
GDI2009R01,,,Giro d'Italia,2009,1,0,0,,,,,,,3465.32,21.0,165.02,6.0,7.0,6.0,4.0,0.0,7.0,0.0,2.0,74.57,1.0,20.84,36.0,0.0,6.0,12.0,12.0,0.0
GDI2010S01,1.0,1.0,Giro d'Italia,2010,1,0,1,20100508.0,Amsterdam (Museumplein),Amsterdam (Stadionplein),8.49,ITT,Individual Time Trial,,,,,,,,,,,,,,,,,,,,
GDI2010S02,2.0,2.0,Giro d'Italia,2010,1,0,1,20100509.0,Amsterdam,Utrecht,207.83,IRR,Plain,,,,,,,,,,,,,,,,,,,,
GDI2010S03,3.0,3.0,Giro d'Italia,2010,1,0,1,20100510.0,Amsterdam,Middelburg,221.71,IRR,Plain,,,,,,,,,,,,,,,,,,,,
GDI2010S04,4.0,4.0,Giro d'Italia,2010,1,0,1,20100512.0,Savigliano,Cuneo,33.18,IRR,Team time trial,,,,,,,,,,,,,,,,,,,,
GDI2010S05,5.0,5.0,Giro d'Italia,2010,1,0,1,20100513.0,Novara,Novi Ligure,162.8,IRR,Plain,,,,,,,,,,,,,,,,,,,,
GDI2010S06,6.0,6.0,Giro d'Italia,2010,1,0,1,20100514.0,Fidenza Village,Marina di Carrara,171.12,IRR,Medium Mountain,,,,,,,,,,,,,,,,,,,,
GDI2010S07,7.0,7.0,Giro d'Italia,2010,1,0,1,20100515.0,Carrara,Montalcino,222.29,IRR,Medium Mountain,,,,,,,,,,,,,,,,,,,,
GDI2010S08,8.0,8.0,Giro d'Italia,2010,1,0,1,20100516.0,Chianciano Terme,Terminillo,189.31,IRR,High mountain,,,,,,,,,,,,,,,,,,,,
GDI2010S09,9.0,9.0,Giro d'Italia,2010,1,0,1,20100517.0,Frosinone,Cava de' Tirreni,187.64,IRR,Plain,,,,,,,,,,,,,,,,,,,,
GDI2010S10,10.0,10.0,Giro d'Italia,2010,1,0,1,20100518.0,Avellino,Bitonto,228.88,IRR,Plain,,,,,,,,,,,,,,,,,,,,
GDI2010S11,11.0,11.0,Giro d'Italia,2010,1,0,1,20100519.0,Lucera,L'Aquila,263.86,IRR,Medium Mountain,,,,,,,,,,,,,,,,,,,,
GDI2010S12,12.0,12.0,Giro d'Italia,2010,1,0,1,20100520.0,Città Sant'Angelo,Porto Recanati,208.53,IRR,Plain,,,,,,,,,,,,,,,,,,,,
GDI2010S13,13.0,13.0,Giro d'Italia,2010,1,0,1,20100521.0,Porto Recanati,Cesenatico,224.43,IRR,Medium Mountain,,,,,,,,,,,,,,,,,,,,
GDI2010S14,14.0,14.0,Giro d'Italia,2010,1,0,1,20100522.0,Ferrara,Asolo,205.57,IRR,High mountain,,,,,,,,,,,,,,,,,,,,
GDI2010S15,15.0,15.0,Giro d'Italia,2010,1,0,1,20100523.0,Mestre,Monte Zoncolan,221.65,IRR,High mountain,,,,,,,,,,,,,,,,,,,,
GDI2010S16,16.0,16.0,Giro d'Italia,2010,1,0,1,20100525.0,San Vigilio di Marebbe,Plan de Corones/Kronplatz,12.85,ITT,Individual Time Trial,,,,,,,,,,,,,,,,,,,,
GDI2010S17,17.0,17.0,Giro d'Italia,2010,1,0,1,20100526.0,Brunico/Bruneck,Peio Terme,174.78,IRR,Medium Mountain,,,,,,,,,,,,,,,,,,,,
GDI2010S18,18.0,18.0,Giro d'Italia,2010,1,0,1,20100527.0,Levico Terme,Brescia,141.45,IRR,Plain,,,,,,,,,,,,,,,,,,,,
GDI2010S19,19.0,19.0,Giro d'Italia,2010,1,0,1,20100528.0,Brescia,Aprica,193.26,IRR,High mountain,,,,,,,,,,,,,,,,,,,,
GDI2010S20,20.0,20.0,Giro d'Italia,2010,1,0,1,20100529.0,Bormio,Ponte di Legno Tonale,178.81,IRR,High mountain,,,,,,,,,,,,,,,,,,,,
GDI2010S21,21.0,21.0,Giro d'Italia,2010,1,0,1,20100530.0,Verona,Verona,15.25,ITT,Individual Time Trial,,,,,,,,,,,,,,,,,,,,
GDI2010R01,,,Giro d'Italia,2010,1,0,0,,,,,,,3473.69,21.0,165.41,4.0,5.0,3.0,5.0,0.0,7.0,0.0,3.0,36.59,1.0,33.18,37.0,1.0,10.0,12.0,14.0,0.0
GDI2011S01,1.0,1.0,Giro d'Italia,2011,1,0,1,20110507.0,Venaria Reale (Reggia),Torino (Piazza Vittorio Veneto),19.3,IRR,Team time trial,,,,,,,,,,,,,,,,,,,,
GDI2011S02,2.0,2.0,Giro d'Italia,2011,1,0,1,20110508.0,Alba,Parma,247.03,IRR,Plain,,,,,,,,,,,,,,,,,,,,
GDI2011S03,3.0,3.0,Giro d'Italia,2011,1,0,1,20110509.0,Reggio Emilia,Chiavari,174.66,IRR,Medium Mountain,,,,,,,,,,,,,,,,,,,,
GDI2011S04,4.0,4.0,Giro d'Italia,2011,1,0,1,20110510.0,Genova Quarto dei Mille,Livorno,217.31,IRR,Plain,,,,,,,,,,,,,,,,,,,,
GDI2011S05,5.0,5.0,Giro d'Italia,2011,1,0,1,20110511.0,Piombino,Orvieto,190.78,IRR,Medium Mountain,,,,,,,,,,,,,,,,,,,,
GDI2011S06,6.0,6.0,Giro d'Italia,2011,1,0,1,20110512.0,Orvieto,Fiuggi,219.17,IRR,Plain,,,,,,,,,,,,,,,,,,,,
GDI2011S07,7.0,7.0,Giro d'Italia,2011,1,0,1,20110513.0,Maddaloni,Montevergine di Mercogliano,110.62,IRR,Medium Mountain,,,,,,,,,,,,,,,,,,,,
GDI2011S08,8.0,8.0,Giro d'Italia,2011,1,0,1,20110514.0,Sapri,Tropea,218.1,IRR,Plain,,,,,,,,,,,,,,,,,,,,
GDI2011S09,9.0,9.0,Giro d'Italia,2011,1,0,1,20110515.0,Messina,Etna (Rifugio Sapienza),169.02,IRR,High mountain,,,,,,,,,,,,,,,,,,,,
GDI2011S10,10.0,10.0,Giro d'Italia,2011,1,0,1,20110517.0,Termoli,Teramo,159.81,IRR,Plain,,,,,,,,,,,,,,,,,,,,
GDI2011S11,11.0,11.0,Giro d'Italia,2011,1,0,1,20110518.0,Tortoreto Lido,Castelfidardo,143.4,IRR,Medium Mountain,,,,,,,,,,,,,,,,,,,,
GDI2011S12,12.0,12.0,Giro d'Italia,2011,1,0,1,20110519.0,Castelfidardo,Ravenna,187.21,IRR,Plain,,,,,,,,,,,,,,,,,,,,
GDI2011S13,13.0,13.0,Giro d'Italia,2011,1,0,1,20110520.0,Spilimbergo,Grossglockner,166.76,IRR,High mountain,,,,,,,,,,,,,,,,,,,,
GDI2011S14,14.0,14.0,Giro d'Italia,2011,1,0,1,20110521.0,Lienz,Monte Zoncolan,173.39,IRR,High mountain,,,,,,,,,,,,,,,,,,,,
GDI2011S15,15.0,15.0,Giro d'Italia,2011,1,0,1,20110522.0,Conegliano,Gardeccia Val di Fassa,230.31,IRR,High mountain,,,,,,,,,,,,,,,,,,,,
GDI2011S16,16.0,16.0,Giro d'Italia,2011,1,0,1,20110524.0,Belluno,Nevegal,12.66,ITT,Individual Time Trial,,,,,,,,,,,,,,,,,,,,
GDI2011S17,17.0,17.0,Giro d'Italia,2011,1,0,1,20110525.0,Feltre,Tirano,230.77,IRR,Medium Mountain,,,,,,,,,,,,,,,,,,,,
GDI2011S18,18.0,18.0,Giro d'Italia,2011,1,0,1,20110526.0,Morbegno,San Pellegrino Terme,152.66,IRR,Medium Mountain,,,,,,,,,,,,,,,,,,,,
GDI2011S19,19.0,19.0,Giro d'Italia,2011,1,0,1,20110527.0,Bergamo,Macugnaga,211.55,IRR,High mountain,,,,,,,,,,,,,,,,,,,,
GDI2011S20,20.0,20.0,Giro d'Italia,2011,1,0,1,20110528.0,Verbania,Sestriere,244.17,IRR,High mountain,,,,,,,,,,,,,,,,,,,,
GDI2011S21,21.0,21.0,Giro d'Italia,2011,1,0,1,20110529.0,Milano (Castello Sforzesco),Milano (Piazza Duomo),32.44,ITT,Individual Time Trial,,,,,,,,,,,,,,,,,,,,
GDI2011R01,,,Giro d'Italia,2011,1,0,0,,,,,,,3511.12,21.0,167.2,6.0,6.0,4.0,6.0,1.0,6.0,0.0,2.0,45.1,1.0,19.3,37.0,1.0,9.0,9.0,9.0,9.0
GDI2012P01,P,1.0,Giro d'Italia,2012,1,1,1,20120505.0,Herning (DK),Herning (DK),8.67,ITT,Individual Time Trial,,,,,,,,,,,,,,,,,,,,
GDI2012S01,1,2.0,Giro d'Italia,2012,1,1,1,20120506.0,Herning (DK),Herning (DK),207.47,IRR,Plain,,,,,,,,,,,,,,,,,,,,
GDI2012S02,2,3.0,Giro d'Italia,2012,1,1,1,20120507.0,Horsens (DK),Horsens (DK),188.39,IRR,Plain,,,,,,,,,,,,,,,,,,,,
GDI2012S03,3,4.0,Giro d'Italia,2012,1,1,1,20120509.0,Verona,Verona,33.26,IRR,Team time trial,,,,,,,,,,,,,,,,,,,,
GDI2012S04,4,5.0,Giro d'Italia,2012,1,1,1,20120510.0,Modena,Fano,209.0,IRR,Plain,,,,,,,,,,,,,,,,,,,,
GDI2012S05,5,6.0,Giro d'Italia,2012,1,1,1,20120511.0,Urbino,Porto Sant'Elpidio,211.9,IRR,Medium Mountain,,,,,,,,,,,,,,,,,,,,
GDI2012S06,6,7.0,Giro d'Italia,2012,1,1,1,20120512.0,Recanati,Rocca di Cambio,203.27,IRR,Medium Mountain,,,,,,,,,,,,,,,,,,,,
GDI2012S07,7,8.0,Giro d'Italia,2012,1,1,1,20120513.0,Sulmona,Lago Laceno,228.85,IRR,Medium Mountain,,,,,,,,,,,,,,,,,,,,
GDI2012S08,8,9.0,Giro d'Italia,2012,1,1,1,20120514.0,San Giorgio nel Sannio,Frosinone,176.88,IRR,Plain,,,,,,,,,,,,,,,,,,,,
GDI2012S09,9,10.0,Giro d'Italia,2012,1,1,1,20120515.0,Civitavecchia,Assisi,188.94,IRR,Medium Mountain,,,,,,,,,,,,,,,,,,,,
GDI2012S10,10,11.0,Giro d'Italia,2012,1,1,1,20120516.0,Assisi,Montecatini Terme,252.7,IRR,Plain,,,,,,,,,,,,,,,,,,,,
GDI2012S11,11,12.0,Giro d'Italia,2012,1,1,1,20120517.0,Seravezza,Sestri Levante,155.08,IRR,Medium Mountain,,,,,,,,,,,,,,,,,,,,
GDI2012S12,12,13.0,Giro d'Italia,2012,1,1,1,20120518.0,Savona,Cervere,123.31,IRR,Plain,,,,,,,,,,,,,,,,,,,,
GDI2012S13,13,14.0,Giro d'Italia,2012,1,1,1,20120519.0,Cherasco,Cervinia,207.95,IRR,High mountain,,,,,,,,,,,,,,,,,,,,
GDI2012S14,14,15.0,Giro d'Italia,2012,1,1,1,20120520.0,Busto Arsizio,Lecco/Pian dei Resinelli,169.22,IRR,High mountain,,,,,,,,,,,,,,,,,,,,
GDI2012S15,15,16.0,Giro d'Italia,2012,1,1,1,20120522.0,Limone sul Garda,Falzes/Pfalzen,177.72,IRR,Medium Mountain,,,,,,,,,,,,,,,,,,,,
GDI2012S16,16,17.0,Giro d'Italia,2012,1,1,1,20120523.0,Falzes/Pfalzen,Cortina d'Ampezzo,188.35,IRR,High mountain,,,,,,,,,,,,,,,,,,,,
GDI2012S17,17,18.0,Giro d'Italia,2012,1,1,1,20120524.0,San Vito di Cadore,Vedelago,155.28,IRR,Plain,,,,,,,,,,,,,,,,,,,,
GDI2012S18,18,19.0,Giro d'Italia,2012,1,1,1,20120525.0,Treviso,Alpe di Pampeago/Val di Fiemme,200.93,IRR,High mountain,,,,,,,,,,,,,,,,,,,,
GDI2012S19,19,20.0,Giro d'Italia,2012,1,1,1,20120526.0,Caldes,Passo dello Stelvio,213.17,IRR,High mountain,,,,,,,,,,,,,,,,,,,,
GDI2012S20,20,21.0,Giro d'Italia,2012,1,1,1,20120527.0,Milano,Milano,30.24,ITT,Individual Time Trial,,,,,,,,,,,,,,,,,,,,
GDI2012R01,,,Giro d'Italia,2012,1,1,0,,,,,,,3530.58,21.0,168.12,5.0,5.0,4.0,6.0,1.0,7.0,0.0,2.0,38.91,1.0,33.26,38.0,1.0,9.0,10.0,11.0,7.0
GDI2013S01,1,1.0,Giro d'Italia,2013,1,0,1,20130504.0,Napoli,Napoli,130.1,IRR,Plain,,,,,,,,,,,,,,,,,,,,
GDI2013S02,2,2.0,Giro d'Italia,2013,1,0,1,20130505.0,Ischia,Forio,17.62,IRR,Team time trial,,,,,,,,,,,,,,,,,,,,
GDI2013S03,3,3.0,Giro d'Italia,2013,1,0,1,20130506.0,Sorrento,Marina Di Ascea,218.64,IRR,Medium Mountain,,,,,,,,,,,,,,,,,,,,
GDI2013S04,4,4.0,Giro d'Italia,2013,1,0,1,20130507.0,Policastro Bussentino,Serra San Bruno,247.83,IRR,Medium Mountain,,,,,,,,,,,,,,,,,,,,
GDI2013S05,5,5.0,Giro d'Italia,2013,1,0,1,20130508.0,Cosenza,Matera,207.95,IRR,Plain,,,,,,,,,,,,,,,,,,,,
GDI2013S06,6,6.0,Giro d'Italia,2013,1,0,1,20130509.0,Mola Di Bari,Margherita Di Savoia,170.89,IRR,Plain,,,,,,,,,,,,,,,,,,,,
GDI2013S07,7,7.0,Giro d'Italia,2013,1,0,1,20130510.0,Marina di San Salvo,Pescara,175.57,IRR,Medium Mountain,,,,,,,,,,,,,,,,,,,,
GDI2013S08,8,8.0,Giro d'Italia,2013,1,0,1,20130511.0,Gabicce Mare,Saltara,54.95,ITT,Individual Time Trial,,,,,,,,,,,,,,,,,,,,
GDI2013S09,9,9.0,Giro d'Italia,2013,1,0,1,20130512.0,Sansepolcro,Firenze,172.34,IRR,Medium Mountain,,,,,,,,,,,,,,,,,,,,
GDI2013S10,10,10.0,Giro d'Italia,2013,1,0,1,20130514.0,Cordenons,Altopiano del Montasio,167.32,IRR,High mountain,,,,,,,,,,,,,,,,,,,,
GDI2013S11,11,11.0,Giro d'Italia,2013,1,0,1,20130515.0,Tarvisio (Cave del Predil),Vajont 1963/2013 (Erto e Casso),181.13,IRR,Medium Mountain,,,,,,,,,,,,,,,,,,,,
GDI2013S12,12,12.0,Giro d'Italia,2013,1,0,1,20130516.0,Longarone,Treviso,131.02,IRR,Plain,,,,,,,,,,,,,,,,,,,,
GDI2013S13,13,13.0,Giro d'Italia,2013,1,0,1,20130517.0,Busseto,Cherasco,258.53,IRR,Plain,,,,,,,,,,,,,,,,,,,,
GDI2013S14,14,14.0,Giro d'Italia,2013,1,0,1,20130518.0,Cervere,Bardonecchia (Jafferau),167.89,IRR,High mountain,,,,,,,,,,,,,,,,,,,,
GDI2013S15,15,15.0,Giro d'Italia,2013,1,0,1,20130519.0,Cesana Torinese,Le Grange Du Galibier(FRA),146.02,IRR,High mountain,,,,,,,,,,,,,,,,,,,,
GDI2013S16,16,16.0,Giro d'Italia,2013,1,0,1,20130521.0,Valloire(FRA),Ivrea,234.92,IRR,Medium Mountain,,,,,,,,,,,,,,,,,,,,
GDI2013S17,17,17.0,Giro d'Italia,2013,1,0,1,20130522.0,Caravaggio,Vicenza,219.62,IRR,Plain,,,,,,,,,,,,,,,,,,,,
GDI2013S18,18,18.0,Giro d'Italia,2013,1,0,1,20130523.0,Mori,Polsa,20.74,ITT,Individual Time Trial,,,,,,,,,,,,,,,,,,,,
GDI2013S19,19,19.0,Giro d'Italia,2013,1,0,1,20130524.0,Ponte di Legno,Val Martello,154.39,IRR,High mountain,,,,,,,,,,,,,,,,,,,,
GDI2013S20,20,20.0,Giro d'Italia,2013,1,0,1,20130525.0,Silandro/Schlanders,Tre Cime di Lavaredo (Auronzo di Cadore),217.27,IRR,High mountain,,,,,,,,,,,,,,,,,,,,
GDI2013S21,21,21.0,Giro d'Italia,2013,1,0,1,20130526.0,Riese Pio X,Brescia,201.3,IRR,Plain,,,,,,,,,,,,,,,,,,,,
GDI2013R01,,,Giro d'Italia,2013,1,0,0,,,,,,,3496.04,21.0,166.48,7.0,5.0,5.0,6.0,1.0,7.0,0.0,2.0,75.69,1.0,17.62,37.0,1.0,9.0,10.0,7.0,10.0
GDI2014S01,1,1.0,Giro d'Italia,2014,1,0,1,20140509.0,Belfast,Belfast,21.45,IRR,Team time trial,,,,,,,,,,,,,,,,,,,,
GDI2014S02,2,2.0,Giro d'Italia,2014,1,0,1,20140510.0,Belfast,Belfast,219.92,IRR,Plain,,,,,,,,,,,,,,,,,,,,
GDI2014S03,3,3.0,Giro d'Italia,2014,1,0,1,20140511.0,Armagh,Dublin,187.39,IRR,Plain,,,,,,,,,,,,,,,,,,,,
GDI2014S04,4,4.0,Giro d'Italia,2014,1,0,1,20140513.0,Giovinazzo,Bari,111.65,IRR,Plain,,,,,,,,,,,,,,,,,,,,
GDI2014S05,5,5.0,Giro d'Italia,2014,1,0,1,20140514.0,Taranto,Viggiano,204.53,IRR,Medium Mountain,,,,,,,,,,,,,,,,,,,,
GDI2014S06,6,6.0,Giro d'Italia,2014,1,0,1,20140515.0,Sassano,Montecassino,248.36,IRR,Medium Mountain,,,,,,,,,,,,,,,,,,,,
GDI2014S07,7,7.0,Giro d'Italia,2014,1,0,1,20140516.0,Frosinone,Foligno,211.75,IRR,Plain,,,,,,,,,,,,,,,,,,,,
GDI2014S08,8,8.0,Giro d'Italia,2014,1,0,1,20140517.0,Foligno,Montecopiolo (Eremo Madonna del Faggio),179.84,IRR,High mountain,,,,,,,,,,,,,,,,,,,,
GDI2014S09,9,9.0,Giro d'Italia,2014,1,0,1,20140518.0,Lugo,Sestola,173.68,IRR,Medium Mountain,,,,,,,,,,,,,,,,,,,,
GDI2014S10,10,10.0,Giro d'Italia,2014,1,0,1,20140520.0,Modena,Salsomaggiore Terme,173.97,IRR,Plain,,,,,,,,,,,,,,,,,,,,
GDI2014S11,11,11.0,Giro d'Italia,2014,1,0,1,20140521.0,Collecchio,Savona,250.84,IRR,Medium Mountain,,,,,,,,,,,,,,,,,,,,
GDI2014S12,12,12.0,Giro d'Italia,2014,1,0,1,20140522.0,Barbaresco,Barolo,42.32,ITT,Individual Time Trial,,,,,,,,,,,,,,,,,,,,
GDI2014S13,13,13.0,Giro d'Italia,2014,1,0,1,20140523.0,Fossano,Rivarolo Canavese,159.29,IRR,Plain,,,,,,,,,,,,,,,,,,,,
GDI2014S14,14,14.0,Giro d'Italia,2014,1,0,1,20140524.0,Agliè,Oropa (Biella),165.5,IRR,High mountain,,,,,,,,,,,,,,,,,,,,
GDI2014S15,15,15.0,Giro d'Italia,2014,1,0,1,20140525.0,Valdengo,Plan di Montecampione,225.34,IRR,High mountain,,,,,,,,,,,,,,,,,,,,
GDI2014S16,16,16.0,Giro d'Italia,2014,1,0,1,20140527.0,Ponte di Legno,Val Martello/Martelltal,138.77,IRR,High mountain,,,,,,,,,,,,,,,,,,,,
GDI2014S17,17,17.0,Giro d'Italia,2014,1,0,1,20140528.0,Sarnonico,Vittorio Veneto,211.21,IRR,Plain,,,,,,,,,,,,,,,,,,,,
GDI2014S18,18,18.0,Giro d'Italia,2014,1,0,1,20140529.0,Belluno,Rifugio Panarotta (Valsugana),172.47,IRR,High mountain,,,,,,,,,,,,,,,,,,,,
GDI2014S19,19,19.0,Giro d'Italia,2014,1,0,1,20140530.0,Bassano del Grappa,Cima Grappa (Crespano del Grappa),26.77,ITT,Individual Time Trial,,,,,,,,,,,,,,,,,,,,
GDI2014S20,20,20.0,Giro d'Italia,2014,1,0,1,20140531.0,Maniago,Monte Zoncolan,166.93,IRR,High mountain,,,,,,,,,,,,,,,,,,,,
GDI2014S21,21,21.0,Giro d'Italia,2014,1,0,1,20140601.0,Gemona del Friuli,Trieste,172.01,IRR,Plain,,,,,,,,,,,,,,,,,,,,
GDI2014R01,,,Giro d'Italia,2014,1,0,0,,,,,,,3463.99,21.0,164.95,10.0,6.0,6.0,4.0,3.0,8.0,0.0,2.0,69.09,1.0,21.45,40.0,1.0,12.0,8.0,5.0,14.0
GDI2015S01,1,1.0,Giro d'Italia,2015,1,0,1,20150509.0,San Lorenzo Al Mare,Sanremo,17.6,IRR,Team time trial,,,,,,,,,,,,,,,,,,,,
GDI2015S02,2,2.0,Giro d'Italia,2015,1,0,1,20150510.0,Albenga,Genova,180.24,IRR,Plain,,,,,,,,,,,,,,,,,,,,
GDI2015S03,3,3.0,Giro d'Italia,2015,1,0,1,20150511.0,Rapallo,Sestri Levante,137.0,IRR,Medium Mountain,,,,,,,,,,,,,,,,,,,,
GDI2015S04,4,4.0,Giro d'Italia,2015,1,0,1,20150512.0,Chiavari,La Spezia,151.95,IRR,Medium Mountain,,,,,,,,,,,,,,,,,,,,
GDI2015S05,5,5.0,Giro d'Italia,2015,1,0,1,20150513.0,La Spezia,Abetone,152.33,IRR,Medium Mountain,,,,,,,,,,,,,,,,,,,,
GDI2015S06,6,6.0,Giro d'Italia,2015,1,0,1,20150514.0,Montecatini Terme,Castiglione della Pescaia,180.87,IRR,Plain,,,,,,,,,,,,,,,,,,,,
GDI2015S07,7,7.0,Giro d'Italia,2015,1,0,1,20150515.0,Grosseto,Fiuggi,268.51,IRR,Plain,,,,,,,,,,,,,,,,,,,,
GDI2015S08,8,8.0,Giro d'Italia,2015,1,0,1,20150516.0,Fiuggi,Campitello Matese,185.2,IRR,High mountain,,,,,,,,,,,,,,,,,,,,
GDI2015S09,9,9.0,Giro d'Italia,2015,1,0,1,20150517.0,Benevento,San Giorgo del Sannio,216.73,IRR,Medium Mountain,,,,,,,,,,,,,,,,,,,,
GDI2015S10,10,10.0,Giro d'Italia,2015,1,0,1,20150519.0,Civitanova Marche,Forlì,202.65,IRR,Plain,,,,,,,,,,,,,,,,,,,,
GDI2015S11,11,11.0,Giro d'Italia,2015,1,0,1,20150520.0,Forlì,Imola (Autodrmo Enzo e Dino Ferrari),151.27,IRR,Medium Mountain,,,,,,,,,,,,,,,,,,,,
GDI2015S12,12,12.0,Giro d'Italia,2015,1,0,1,20150521.0,Imola,Vicenza(Monte Berico),188.19,IRR,Medium Mountain,,,,,,,,,,,,,,,,,,,,
GDI2015S13,13,13.0,Giro d'Italia,2015,1,0,1,20150522.0,Montecchio Maggiore,Jesolo,148.13,IRR,Plain,,,,,,,,,,,,,,,,,,,,
GDI2015S14,14,14.0,Giro d'Italia,2015,1,0,1,20150523.0,Treviso,Valdobbiadene,59.57,ITT,Individual Time Trial,,,,,,,,,,,,,,,,,,,,
GDI2015S15,15,15.0,Giro d'Italia,2015,1,0,1,20150524.0,Marostica,Madonna di Campiglio,166.19,IRR,High mountain,,,,,,,,,,,,,,,,,,,,
GDI2015S16,16,16.0,Giro d'Italia,2015,1,0,1,20150526.0,Pinzolo,Aprica,177.0,IRR,High mountain,,,,,,,,,,,,,,,,,,,,
GDI2015S17,17,17.0,Giro d'Italia,2015,1,0,1,20150527.0,Tirano,Lugano,134.4,IRR,Plain,,,,,,,,,,,,,,,,,,,,
GDI2015S18,18,18.0,Giro d'Italia,2015,1,0,1,20150528.0,Melide,Verbania,172.71,IRR,Medium Mountain,,,,,,,,,,,,,,,,,,,,
GDI2015S19,19,19.0,Giro d'Italia,2015,1,0,1,20150529.0,Gravellona Toce,Cervinia,236.52,IRR,High mountain,,,,,,,,,,,,,,,,,,,,
GDI2015S20,20,20.0,Giro d'Italia,2015,1,0,1,20150530.0,Saint-Vincent,Sestrière,201.44,IRR,High mountain,,,,,,,,,,,,,,,,,,,,
GDI2015S21,21,21.0,Giro d'Italia,2015,1,0,1,20150531.0,Torino,Milano,178.83,IRR,Plain,,,,,,,,,,,,,,,,,,,,
GDI2015R01,,,Giro d'Italia,2015,1,0,0,,,,,,,3507.33,21.0,167.02,7.0,5.0,5.0,7.0,2.0,7.0,0.0,1.0,59.57,1.0,17.6,38.0,1.0,9.0,8.0,13.0,7.0
GDI2016P01,P,1.0,Giro d'Italia,2016,1,1,1,20160506.0,Apeldoorn,Apeldoorn,9.91,ITT,Individual Time Trial,,,,,,,,,,,,,,,,,,,,
GDI2016S01,1,2.0,Giro d'Italia,2016,1,1,1,20160507.0,Arnhem,Nijmegen,187.82,IRR,Plain,,,,,,,,,,,,,,,,,,,,
GDI2016S02,2,3.0,Giro d'Italia,2016,1,1,1,20160508.0,Nijmegen,Arnhem,189.46,IRR,Plain,,,,,,,,,,,,,,,,,,,,
GDI2016S03,3,4.0,Giro d'Italia,2016,1,1,1,20160510.0,Catanzaro,Praia a Mare,201.16,IRR,Medium Mountain,,,,,,,,,,,,,,,,,,,,
GDI2016S04,4,5.0,Giro d'Italia,2016,1,1,1,20160511.0,Praia a Mare,Benevento,238.72,IRR,Plain,,,,,,,,,,,,,,,,,,,,
GDI2016S05,5,6.0,Giro d'Italia,2016,1,1,1,20160512.0,Ponte,Roccaraso (Aremogna),156.24,IRR,Medium Mountain,,,,,,,,,,,,,,,,,,,,
GDI2016S06,6,7.0,Giro d'Italia,2016,1,1,1,20160513.0,Sulmona,Foligno,212.58,IRR,Plain,,,,,,,,,,,,,,,,,,,,
GDI2016S07,7,8.0,Giro d'Italia,2016,1,1,1,20160514.0,Foligno,Arezzo,185.82,IRR,Medium Mountain,,,,,,,,,,,,,,,,,,,,
GDI2016S08,8,9.0,Giro d'Italia,2016,1,1,1,20160515.0,Radda in Chianti,Greve in Chianti,40.5,ITT,Individual Time Trial,,,,,,,,,,,,,,,,,,,,
GDI2016S09,9,10.0,Giro d'Italia,2016,1,1,1,20160517.0,Campi Bisenzio,Sestola,225.34,IRR,Medium Mountain,,,,,,,,,,,,,,,,,,,,
GDI2016S10,10,11.0,Giro d'Italia,2016,1,1,1,20160518.0,Modena,Asolo,229.24,IRR,Plain,,,,,,,,,,,,,,,,,,,,
GDI2016S11,11,12.0,Giro d'Italia,2016,1,1,1,20160519.0,Noale,Bibbione,181.88,IRR,Plain,,,,,,,,,,,,,,,,,,,,
GDI2016S12,12,13.0,Giro d'Italia,2016,1,1,1,20160520.0,Palmanova,Cividale del Friuli,168.16,IRR,High mountain,,,,,,,,,,,,,,,,,,,,
GDI2016S13,13,14.0,Giro d'Italia,2016,1,1,1,20160521.0,Farra D'Alpago,Corvara in Badia,211.0,IRR,High mountain,,,,,,,,,,,,,,,,,,,,
GDI2016S14,14,15.0,Giro d'Italia,2016,1,1,1,20160522.0,Castelrotto/Kastelruth,Alpe di Siusi/Seiseralm,10.85,ITT,Individual Time Trial,,,,,,,,,,,,,,,,,,,,
GDI2016S15,15,16.0,Giro d'Italia,2016,1,1,1,20160524.0,Bressanone/Brixen,Andalo,131.85,IRR,High mountain,,,,,,,,,,,,,,,,,,,,
GDI2016S16,16,17.0,Giro d'Italia,2016,1,1,1,20160525.0,Molveno,Cassano D' Adda,196.64,IRR,Plain,,,,,,,,,,,,,,,,,,,,
GDI2016S17,17,18.0,Giro d'Italia,2016,1,1,1,20160526.0,Muggiò,Pinerolo,242.09,IRR,Medium Mountain,,,,,,,,,,,,,,,,,,,,
GDI2016S18,18,19.0,Giro d'Italia,2016,1,1,1,20160527.0,Pinerolo,Risoul (FR),161.73,IRR,High mountain,,,,,,,,,,,,,,,,,,,,
GDI2016S19,19,20.0,Giro d'Italia,2016,1,1,1,20160528.0,Guillestre (FR),Sant'Anna di Vinadio,134.23,IRR,High mountain,,,,,,,,,,,,,,,,,,,,
GDI2016S20,20,21.0,Giro d'Italia,2016,1,1,1,20160529.0,Cuneo,Torino,163.03,IRR,Plain,,,,,,,,,,,,,,,,,,,,
GDI2016R01,,,Giro d'Italia,2016,1,1,0,,,,,,,3478.25,21.0,165.63,3.0,5.0,2.0,5.0,1.0,8.0,0.0,3.0,61.26,0.0,0.0,37.0,1.0,9.0,11.0,11.0,5.0
GDI2017S01,1,1.0,Giro d'Italia,2017,1,0,1,20170505.0,Alghero,Olbia,206.86,IRR,Plain,,,,,,,,,,,,,,,,,,,,
GDI2017S02,2,2.0,Giro d'Italia,2017,1,0,1,20170506.0,Olbia,Tortolì,221.0,IRR,Medium Mountain,,,,,,,,,,,,,,,,,,,,
GDI2017S03,3,3.0,Giro d'Italia,2017,1,0,1,20170507.0,Tortolì,Cagliari,148.31,IRR,Plain,,,,,,,,,,,,,,,,,,,,
GDI2017S04,4,4.0,Giro d'Italia,2017,1,0,1,20170509.0,Cefalù,Etna,181.0,IRR,High mountain,,,,,,,,,,,,,,,,,,,,
GDI2017S05,5,5.0,Giro d'Italia,2017,1,0,1,20170510.0,Pedara,Messina,159.05,IRR,Plain,,,,,,,,,,,,,,,,,,,,
GDI2017S06,6,6.0,Giro d'Italia,2017,1,0,1,20170511.0,Reggio Calabria,Terme Luigiane,217.73,IRR,Plain,,,,,,,,,,,,,,,,,,,,
GDI2017S07,7,7.0,Giro d'Italia,2017,1,0,1,20170512.0,Castrovillari,Alberobello,222.71,IRR,Plain,,,,,,,,,,,,,,,,,,,,
GDI2017S08,8,8.0,Giro d'Italia,2017,1,0,1,20170513.0,Molfetta,Peschici,189.0,IRR,Medium Mountain,,,,,,,,,,,,,,,,,,,,
GDI2017S09,9,9.0,Giro d'Italia,2017,1,0,1,20170514.0,Montenero di Bisaccia,Blockhaus,148.92,IRR,High mountain,,,,,,,,,,,,,,,,,,,,
GDI2017S10,10,10.0,Giro d'Italia,2017,1,0,1,20170516.0,Foligno,Montefalco,39.87,ITT,Individual Time Trial,,,,,,,,,,,,,,,,,,,,
GDI2017S11,11,11.0,Giro d'Italia,2017,1,0,1,20170517.0,Firenze,Bagno di Romagna,161.03,IRR,Medium Mountain,,,,,,,,,,,,,,,,,,,,
GDI2017S12,12,12.0,Giro d'Italia,2017,1,0,1,20170518.0,Forlì,Reggio Emilia,229.02,IRR,Plain,,,,,,,,,,,,,,,,,,,,
GDI2017S13,13,13.0,Giro d'Italia,2017,1,0,1,20170519.0,Reggio Emilia,Tortona,167.1,IRR,Plain,,,,,,,,,,,,,,,,,,,,
GDI2017S14,14,14.0,Giro d'Italia,2017,1,0,1,20170520.0,Castellania,Oropa (Biella),130.91,IRR,High mountain,,,,,,,,,,,,,,,,,,,,
GDI2017S15,15,15.0,Giro d'Italia,2017,1,0,1,20170521.0,Valdengo,Bergamo,199.02,IRR,Medium Mountain,,,,,,,,,,,,,,,,,,,,
GDI2017S16,16,16.0,Giro d'Italia,2017,1,0,1,20170523.0,Rovetta,Bormio,222.0,IRR,High mountain,,,,,,,,,,,,,,,,,,,,
GDI2017S17,17,17.0,Giro d'Italia,2017,1,0,1,20170524.0,Tirano,Canazei,219.28,IRR,Medium Mountain,,,,,,,,,,,,,,,,,,,,
GDI2017S18,18,18.0,Giro d'Italia,2017,1,0,1,20170525.0,Moena,Ortisei,137.54,IRR,High mountain,,,,,,,,,,,,,,,,,,,,
GDI2017S19,19,19.0,Giro d'Italia,2017,1,0,1,20170526.0,San Candido,Piancavallo,191.41,IRR,High mountain,,,,,,,,,,,,,,,,,,,,
GDI2017S20,20,20.0,Giro d'Italia,2017,1,0,1,20170527.0,Pordenone,Asiago,189.8,IRR,High mountain,,,,,,,,,,,,,,,,,,,,
GDI2017S21,21,21.0,Giro d'Italia,2017,1,0,1,20170528.0,Monza (Autodromo Nazionale),Milano,29.27,ITT,Individual Time Trial,,,,,,,,,,,,,,,,,,,,
GDI2017R01,,,Giro d'Italia,2017,1,0,0,,,,,,,3610.83,21.0,171.94,4.0,7.0,4.0,5.0,0.0,7.0,0.0,2.0,69.14,0.0,0.0,41.0,1.0,10.0,12.0,10.0,8.0
GDI2018S01,1,1.0,Giro d'Italia,2018,1,0,1,20180504.0,Jerusalem,Jerusalem,9.77,ITT,Individual Time Trial,,,,,,,,,,,,,,,,,,,,
GDI2018S02,2,2.0,Giro d'Italia,2018,1,0,1,20180505.0,Haifa,Tel Aviv,168.07,IRR,Plain,,,,,,,,,,,,,,,,,,,,
GDI2018S03,3,3.0,Giro d'Italia,2018,1,0,1,20180506.0,Be'er Sheva,Eilat,228.92,IRR,Plain,,,,,,,,,,,,,,,,,,,,
GDI2018S04,4,4.0,Giro d'Italia,2018,1,0,1,20180508.0,Catania,Caltagirone,202.2,IRR,Medium Mountain,,,,,,,,,,,,,,,,,,,,
GDI2018S05,5,5.0,Giro d'Italia,2018,1,0,1,20180509.0,Agrigento,Santa Ninfa (Valle del Belice),153.43,IRR,Medium Mountain,,,,,,,,,,,,,,,,,,,,
GDI2018S06,6,6.0,Giro d'Italia,2018,1,0,1,20180510.0,Caltanissetta,Etna (Osservatorio Astrofisico),169.1,IRR,High mountain,,,,,,,,,,,,,,,,,,,,
GDI2018S07,7,7.0,Giro d'Italia,2018,1,0,1,20180511.0,Pizzo,Praia a Mare,159.39,IRR,Plain,,,,,,,,,,,,,,,,,,,,
GDI2018S08,8,8.0,Giro d'Italia,2018,1,0,1,20180512.0,Praia a Mare,Montevergine di Mercogliano,208.34,IRR,Medium Mountain,,,,,,,,,,,,,,,,,,,,
GDI2018S09,9,9.0,Giro d'Italia,2018,1,0,1,20180513.0,Pesco Sannita,Gran Sasso d'Italia (Campo Imperatore),224.92,IRR,High mountain,,,,,,,,,,,,,,,,,,,,
GDI2018S10,10,10.0,Giro d'Italia,2018,1,0,1,20180515.0,Penne,Gualdo Tadino,244.0,IRR,Medium Mountain,,,,,,,,,,,,,,,,,,,,
GDI2018S11,11,11.0,Giro d'Italia,2018,1,0,1,20180516.0,Assisi,Osimo,155.94,IRR,Medium Mountain,,,,,,,,,,,,,,,,,,,,
GDI2018S12,12,12.0,Giro d'Italia,2018,1,0,1,20180517.0,Osimo,Imola,214.94,IRR,Plain,,,,,,,,,,,,,,,,,,,,
GDI2018S13,13,13.0,Giro d'Italia,2018,1,0,1,20180518.0,Ferrara,Nervesa della Battaglia,181.17,IRR,Plain,,,,,,,,,,,,,,,,,,,,
GDI2018S14,14,14.0,Giro d'Italia,2018,1,0,1,20180519.0,San Vito al Tagliamento,Monte Zoncolan,185.54,IRR,High mountain,,,,,,,,,,,,,,,,,,,,
GDI2018S15,15,15.0,Giro d'Italia,2018,1,0,1,20180520.0,Tolmezzo,Sappada,176.76,IRR,High mountain,,,,,,,,,,,,,,,,,,,,
GDI2018S16,16,16.0,Giro d'Italia,2018,1,0,1,20180522.0,Trento,Rovereto,34.2,ITT,Individual Time Trial,,,,,,,,,,,,,,,,,,,,
GDI2018S17,17,17.0,Giro d'Italia,2018,1,0,1,20180523.0,Riva Del Garda,Iseo (Franciacorta Stage),155.71,IRR,Plain,,,,,,,,,,,,,,,,,,,,
GDI2018S18,18,18.0,Giro d'Italia,2018,1,0,1,20180524.0,Abbiategrasso,Prato Nevoso,196.8,IRR,High mountain,,,,,,,,,,,,,,,,,,,,
GDI2018S19,19,19.0,Giro d'Italia,2018,1,0,1,20180525.0,Venaria Reale,Bardonecchia (Jafferau),185.85,IRR,High mountain,,,,,,,,,,,,,,,,,,,,
GDI2018S20,20,20.0,Giro d'Italia,2018,1,0,1,20180526.0,Susa,Cervinia,215.08,IRR,High mountain,,,,,,,,,,,,,,,,,,,,
GDI2018S21,21,21.0,Giro d'Italia,2018,1,0,1,20180527.0,Roma,Roma,115.83,IRR,Plain,,,,,,,,,,,,,,,,,,,,
GDI2018R01,,,Giro d'Italia,2018,1,0,0,,,,,,,3585.96,21.0,170.76,8.0,7.0,6.0,5.0,2.0,7.0,0.0,2.0,43.97,0.0,0.0,39.0,1.0,8.0,9.0,9.0,12.0
GDI2019S01,1,1.0,Giro d'Italia,2019,1,0,1,20190511.0,Bologna,San Luca,8.0,ITT,Individual Time Trial,,,,,,,,,,,,,,,,,,,,
GDI2019S02,2,2.0,Giro d'Italia,2019,1,0,1,20190512.0,Bologna,Fucecchio,205.36,IRR,Medium Mountain,,,,,,,,,,,,,,,,,,,,
GDI2019S03,3,3.0,Giro d'Italia,2019,1,0,1,20190513.0,Vinci,Orbetello,220.05,IRR,Plain,,,,,,,,,,,,,,,,,,,,
GDI2019S04,4,4.0,Giro d'Italia,2019,1,0,1,20190514.0,Orbetello,Frascati,235.96,IRR,Plain,,,,,,,,,,,,,,,,,,,,
GDI2019S05,5,5.0,Giro d'Italia,2019,1,0,1,20190515.0,Frascati,Terracina,140.44,IRR,Plain,,,,,,,,,,,,,,,,,,,,
GDI2019S06,6,6.0,Giro d'Italia,2019,1,0,1,20190516.0,Cassino,San Giovanni Rotondo,238.42,IRR,Medium Mountain,,,,,,,,,,,,,,,,,,,,
GDI2019S07,7,7.0,Giro d'Italia,2019,1,0,1,20190517.0,Vasto,L'Aquila,184.98,IRR,Medium Mountain,,,,,,,,,,,,,,,,,,,,
GDI2019S08,8,8.0,Giro d'Italia,2019,1,0,1,20190518.0,Tortoreto Lido,Pesaro,239.62,IRR,Medium Mountain,,,,,,,,,,,,,,,,,,,,
GDI2019S09,9,9.0,Giro d'Italia,2019,1,0,1,20190519.0,Riccione,San Marino,34.73,ITT,Individual Time Trial,,,,,,,,,,,,,,,,,,,,
GDI2019S10,10,10.0,Giro d'Italia,2019,1,0,1,20190521.0,Ravenna,Modena,145.48,IRR,Plain,,,,,,,,,,,,,,,,,,,,
GDI2019S11,11,11.0,Giro d'Italia,2019,1,0,1,20190522.0,Carpi,Novi Ligure,221.19,IRR,Plain,,,,,,,,,,,,,,,,,,,,
GDI2019S12,12,12.0,Giro d'Italia,2019,1,0,1,20190523.0,Cuneo,Pinerolo,157.86,IRR,Medium Mountain,,,,,,,,,,,,,,,,,,,,
GDI2019S13,13,13.0,Giro d'Italia,2019,1,0,1,20190524.0,Pinerolo,Ceresole Reale (Lago Serru'),196.34,IRR,High mountain,,,,,,,,,,,,,,,,,,,,
GDI2019S14,14,14.0,Giro d'Italia,2019,1,0,1,20190525.0,Saint-Vincent,Courmayeur (Skyway Monte Bianco),131.01,IRR,High mountain,,,,,,,,,,,,,,,,,,,,
GDI2019S15,15,15.0,Giro d'Italia,2019,1,0,1,20190526.0,Ivrea,Como,232.22,IRR,Medium Mountain,,,,,,,,,,,,,,,,,,,,
GDI2019S16,16,16.0,Giro d'Italia,2019,1,0,1,20190528.0,Lovere,Ponte di Legno,194.78,IRR,High mountain,,,,,,,,,,,,,,,,,,,,
GDI2019S17,17,17.0,Giro d'Italia,2019,1,0,1,20190529.0,Commezzadura (Val di Sole),Anterselva/Antholz,180.97,IRR,Medium Mountain,,,,,,,,,,,,,,,,,,,,
GDI2019S18,18,18.0,Giro d'Italia,2019,1,0,1,20190530.0,Valdaora/Olang,Santa Maria di Sala,222.06,IRR,Plain,,,,,,,,,,,,,,,,,,,,
GDI2019S19,19,19.0,Giro d'Italia,2019,1,0,1,20190531.0,Treviso,San Martino di Castrozza,151.65,IRR,High mountain,,,,,,,,,,,,,,,,,,,,
GDI2019S20,20,20.0,Giro d'Italia,2019,1,0,1,20190601.0,Feltre,Croce d'Aune - Monte Avena,194.51,IRR,High mountain,,,,,,,,,,,,,,,,,,,,
GDI2019S21,21,21.0,Giro d'Italia,2019,1,0,1,20190602.0,Verona (Fiera),Verona (Arena),17.11,ITT,Individual Time Trial,,,,,,,,,,,,,,,,,,,,
GDI2019R01,,,Giro d'Italia,2019,1,0,0,,,,,,,3552.74,21.0,169.18,7.0,5.0,4.0,7.0,1.0,6.0,0.0,3.0,59.84,0.0,0.0,40.0,1.0,7.0,12.0,10.0,10.0
TDF2009S01,1,1.0,Tour de France,2009,1,0,1,20090704.0,Monaco,Monaco,15.53,ITT,Individual Time Trial,,,,,,,,,,,,,,,,,,,,
TDF2009S02,2,2.0,Tour de France,2009,1,0,1,20090705.0,Monaco,Brignoles,185.33,IRR,Plain,,,,,,,,,,,,,,,,,,,,
TDF2009S03,3,3.0,Tour de France,2009,1,0,1,20090706.0,Marseille,La Grande-Motte,196.5,IRR,Plain,,,,,,,,,,,,,,,,,,,,
TDF2009S04,4,4.0,Tour de France,2009,1,0,1,20090707.0,Montpellier,Montpellier,38.74,IRR,Team time trial,,,,,,,,,,,,,,,,,,,,
TDF2009S05,5,5.0,Tour de France,2009,1,0,1,20090708.0,Le Cap d'Agde,Perpignan,203.02,IRR,Plain,,,,,,,,,,,,,,,,,,,,
TDF2009S06,6,6.0,Tour de France,2009,1,0,1,20090709.0,Girona,Barcelona,181.5,IRR,Medium Mountain,,,,,,,,,,,,,,,,,,,,
TDF2009S07,7,7.0,Tour de France,2009,1,0,1,20090710.0,Barcelona,Andorra Arcalis,225.96,IRR,High mountain,,,,,,,,,,,,,,,,,,,,
TDF2009S08,8,8.0,Tour de France,2009,1,0,1,20090711.0,Andorra la Vella,Saint-Girons,176.5,IRR,High mountain,,,,,,,,,,,,,,,,,,,,
TDF2009S09,9,9.0,Tour de France,2009,1,0,1,20090712.0,Saint-Gaudens,Tarbes,161.44,IRR,High mountain,,,,,,,,,,,,,,,,,,,,
TDF2009S10,10,10.0,Tour de France,2009,1,0,1,20090714.0,Limoges,Issodun,192.47,IRR,Plain,,,,,,,,,,,,,,,,,,,,
TDF2009S11,11,11.0,Tour de France,2009,1,0,1,20090715.0,Vatan,Saint-Fargeau,192.0,IRR,Plain,,,,,,,,,,,,,,,,,,,,
TDF2009S12,12,12.0,Tour de France,2009,1,0,1,20090716.0,Tonnerre,Vittel,211.5,IRR,Plain,,,,,,,,,,,,,,,,,,,,
TDF2009S13,13,13.0,Tour de France,2009,1,0,1,20090717.0,Vittel,Colmar,200.0,IRR,Medium Mountain,,,,,,,,,,,,,,,,,,,,
TDF2009S14,14,14.0,Tour de France,2009,1,0,1,20090718.0,Colmar,Besancon,199.0,IRR,Plain,,,,,,,,,,,,,,,,,,,,
TDF2009S15,15,15.0,Tour de France,2009,1,0,1,20090719.0,Pontarlier,Verbier,207.48,IRR,High mountain,,,,,,,,,,,,,,,,,,,,
TDF2009S16,16,16.0,Tour de France,2009,1,0,1,20090721.0,Martigny,Bourg-Saint-Maurice,159.0,IRR,High mountain,,,,,,,,,,,,,,,,,,,,
TDF2009S17,17,17.0,Tour de France,2009,1,0,1,20090722.0,Bourg-Saint-Maurice,Le Grand Bornand,167.99,IRR,High mountain,,,,,,,,,,,,,,,,,,,,
TDF2009S18,18,18.0,Tour de France,2009,1,0,1,20090723.0,Annecy,Annecy,40.11,ITT,Individual Time Trial,,,,,,,,,,,,,,,,,,,,
TDF2009S19,19,19.0,Tour de France,2009,1,0,1,20090724.0,Bourgoin-Jallieu,Aubenas,176.7,IRR,Medium Mountain,,,,,,,,,,,,,,,,,,,,
TDF2009S20,20,20.0,Tour de France,2009,1,0,1,20090725.0,Montelimar,Mont Ventoux,167.0,IRR,High mountain,,,,,,,,,,,,,,,,,,,,
TDF2009S21,21,21.0,Tour de France,2009,1,0,1,20090726.0,Montereau-Fault-Yonne,Paris Champs-Elysees,160.0,IRR,Plain,,,,,,,,,,,,,,,,,,,,
TDF2009R01,,,Tour de France,2009,1,0,0,,,,,,,3457.77,21.0,164.66,3.0,7.0,3.0,3.0,0.0,8.0,0.0,2.0,55.64,1.0,38.74,64.0,4.0,11.0,6.0,16.0,27.0
TDF2010P01,P,1.0,Tour de France,2010,1,1,1,20100703.0,Rotterdam,Rotterdam,9.34,ITT,Individual Time Trial,,,,,,,,,,,,,,,,,,,,
TDF2010S01,1,2.0,Tour de France,2010,1,1,1,20100704.0,Rotterdam,Bruxelles,223.24,IRR,Plain,,,,,,,,,,,,,,,,,,,,
TDF2010S02,2,3.0,Tour de France,2010,1,1,1,20100705.0,Bruxelles,Spa,200.79,IRR,Medium Mountain,,,,,,,,,,,,,,,,,,,,
TDF2010S03,3,4.0,Tour de France,2010,1,1,1,20100706.0,Wanze,Arenberg - Porte du Hainaut,211.4,IRR,Plain,,,,,,,,,,,,,,,,,,,,
TDF2010S04,4,5.0,Tour de France,2010,1,1,1,20100707.0,Cambrai,Reims,153.51,IRR,Plain,,,,,,,,,,,,,,,,,,,,
TDF2010S05,5,6.0,Tour de France,2010,1,1,1,20100708.0,Epernay,Montargis,187.5,IRR,Plain,,,,,,,,,,,,,,,,,,,,
TDF2010S06,6,7.0,Tour de France,2010,1,1,1,20100709.0,Montargis,Gueugnon,227.35,IRR,Plain,,,,,,,,,,,,,,,,,,,,
TDF2010S07,7,8.0,Tour de France,2010,1,1,1,20100710.0,Tournous,Station des Rousses,165.48,IRR,Medium Mountain,,,,,,,,,,,,,,,,,,,,
TDF2010S08,8,9.0,Tour de France,2010,1,1,1,20100711.0,Station des Rousses,Morzine-Avoriaz,189.05,IRR,High mountain,,,,,,,,,,,,,,,,,,,,
TDF2010S09,9,10.0,Tour de France,2010,1,1,1,20100713.0,Morzine-Avoriaz,Saint Jean de Maurienne,204.62,IRR,High mountain,,,,,,,,,,,,,,,,,,,,
TDF2010S10,10,11.0,Tour de France,2010,1,1,1,20100714.0,Chambery,Gap,179.0,IRR,Medium Mountain,,,,,,,,,,,,,,,,,,,,
TDF2010S11,11,12.0,Tour de France,2010,1,1,1,20100715.0,Sisteron,Bourg-les-Valence,184.49,IRR,Plain,,,,,,,,,,,,,,,,,,,,
TDF2010S12,12,13.0,Tour de France,2010,1,1,1,20100716.0,Bourg-de-Peage,Mende,210.56,IRR,Medium Mountain,,,,,,,,,,,,,,,,,,,,
TDF2010S13,13,14.0,Tour de France,2010,1,1,1,20100717.0,Rodez,Revel,196.0,IRR,Plain,,,,,,,,,,,,,,,,,,,,
TDF2010S14,14,15.0,Tour de France,2010,1,1,1,20100718.0,Revel,Ax 3 Domaines,184.5,IRR,High mountain,,,,,,,,,,,,,,,,,,,,
TDF2010S15,15,16.0,Tour de France,2010,1,1,1,20100719.0,Pamiers,Bagneres-de-Luchon,185.46,IRR,High mountain,,,,,,,,,,,,,,,,,,,,
TDF2010S16,16,17.0,Tour de France,2010,1,1,1,20100720.0,Bagneres-de-Luchon,Pau,199.51,IRR,High mountain,,,,,,,,,,,,,,,,,,,,
TDF2010S17,17,18.0,Tour de France,2010,1,1,1,20100722.0,Pau,Col du Tourmalet,176.58,IRR,High mountain,,,,,,,,,,,,,,,,,,,,
TDF2010S18,18,19.0,Tour de France,2010,1,1,1,20100723.0,Salies-de-Bearn,Bordeaux,198.0,IRR,Plain,,,,,,,,,,,,,,,,,,,,
TDF2010S19,19,20.0,Tour de France,2010,1,1,1,20100724.0,Bordeaux,Pauillac,52.01,ITT,Individual Time Trial,,,,,,,,,,,,,,,,,,,,
TDF2010S20,20,21.0,Tour de France,2010,1,1,1,20100725.0,Longjumeau,Paris Champs-Elysees,106.2,IRR,Plain,,,,,,,,,,,,,,,,,,,,
TDF2010R01,,,Tour de France,2010,1,1,0,,,,,,,3644.59,21.0,173.55,4.0,6.0,3.0,4.0,1.0,9.0,0.0,2.0,61.35,0.0,0.0,58.0,6.0,10.0,8.0,15.0,19.0
TDF2011S01,1,1.0,Tour de France,2011,1,0,1,20110702.0,Passage du Gois La Barre-de-Monts,Mont des Alouettes Les Herbiers,192.86,IRR,Plain,,,,,,,,,,,,,,,,,,,,
TDF2011S02,2,2.0,Tour de France,2011,1,0,1,20110703.0,Les Essarts,Les Essarts,22.86,IRR,Team time trial,,,,,,,,,,,,,,,,,,,,
TDF2011S03,3,3.0,Tour de France,2011,1,0,1,20110704.0,Olonne-sur-Mer,Redon,196.09,IRR,Plain,,,,,,,,,,,,,,,,,,,,
TDF2011S04,4,4.0,Tour de France,2011,1,0,1,20110705.0,Lorient,Mûr-de-Bretagne,172.63,IRR,Medium Mountain,,,,,,,,,,,,,,,,,,,,
TDF2011S05,5,5.0,Tour de France,2011,1,0,1,20110706.0,Carhaix,Cap Fréhel,162.87,IRR,Plain,,,,,,,,,,,,,,,,,,,,
TDF2011S06,6,6.0,Tour de France,2011,1,0,1,20110707.0,Dinan,Lisieux,226.33,IRR,Medium Mountain,,,,,,,,,,,,,,,,,,,,
TDF2011S07,7,7.0,Tour de France,2011,1,0,1,20110708.0,Le Mans,Châteauroux,218.04,IRR,Plain,,,,,,,,,,,,,,,,,,,,
TDF2011S08,8,8.0,Tour de France,2011,1,0,1,20110709.0,Aigurande,Super-Besse Sancy,189.17,IRR,Medium Mountain,,,,,,,,,,,,,,,,,,,,
TDF2011S09,9,9.0,Tour de France,2011,1,0,1,20110710.0,Issoire,Saint-Flour,208.24,IRR,Medium Mountain,,,,,,,,,,,,,,,,,,,,
TDF2011S10,10,10.0,Tour de France,2011,1,0,1,20110712.0,Aurillac,Carmaux,157.74,IRR,Plain,,,,,,,,,,,,,,,,,,,,
TDF2011S11,11,11.0,Tour de France,2011,1,0,1,20110713.0,Blaye-les-Mines,Lavaur,167.63,IRR,Plain,,,,,,,,,,,,,,,,,,,,
TDF2011S12,12,12.0,Tour de France,2011,1,0,1,20110714.0,Cugnaux,Luz Ardiden,211.62,IRR,High mountain,,,,,,,,,,,,,,,,,,,,
TDF2011S13,13,13.0,Tour de France,2011,1,0,1,20110715.0,Pau,Lourdes,152.64,IRR,Medium Mountain,,,,,,,,,,,,,,,,,,,,
TDF2011S14,14,14.0,Tour de France,2011,1,0,1,20110716.0,Saint-Gaudens,Plateau de Beille,168.53,IRR,High mountain,,,,,,,,,,,,,,,,,,,,
TDF2011S15,15,15.0,Tour de France,2011,1,0,1,20110717.0,Limoux,Montpellier,193.15,IRR,Plain,,,,,,,,,,,,,,,,,,,,
TDF2011S16,16,16.0,Tour de France,2011,1,0,1,20110719.0,Saint-Paul-Trois-Châteaux,Gap,163.48,IRR,Medium Mountain,,,,,,,,,,,,,,,,,,,,
TDF2011S17,17,17.0,Tour de France,2011,1,0,1,20110720.0,Gap,Pinerolo,178.72,IRR,Medium Mountain,,,,,,,,,,,,,,,,,,,,
TDF2011S18,18,18.0,Tour de France,2011,1,0,1,20110721.0,Pinerolo,Galibier Serre Chevalier,201.48,IRR,High mountain,,,,,,,,,,,,,,,,,,,,
TDF2011S19,19,19.0,Tour de France,2011,1,0,1,20110722.0,Modane,Alpe d'Huez,109.63,IRR,High mountain,,,,,,,,,,,,,,,,,,,,
TDF2011S20,20,20.0,Tour de France,2011,1,0,1,20110723.0,Grenoble,Grenoble,42.34,ITT,Individual Time Trial,,,,,,,,,,,,,,,,,,,,
TDF2011S21,21,21.0,Tour de France,2011,1,0,1,20110724.0,Créteil,Paris Champs-Élysées,96.01,IRR,Plain,,,,,,,,,,,,,,,,,,,,
TDF2011R01,,,Tour de France,2011,1,0,0,,,,,,,3432.06,21.0,163.43,8.0,4.0,4.0,7.0,3.0,8.0,1.0,1.0,42.34,1.0,22.86,51.0,9.0,5.0,9.0,14.0,14.0
TDF2012P01,P,1.0,Tour de France,2012,1,1,1,20120630.0,Liège,Liège,6.56,ITT,Individual Time Trial,,,,,,,,,,,,,,,,,,,,
TDF2012S01,1,2.0,Tour de France,2012,1,1,1,20120701.0,Liège,Seraing,204.99,IRR,Plain,,,,,,,,,,,,,,,,,,,,
TDF2012S02,2,3.0,Tour de France,2012,1,1,1,20120702.0,Visè,Tournai,205.5,IRR,Plain,,,,,,,,,,,,,,,,,,,,
TDF2012S03,3,4.0,Tour de France,2012,1,1,1,20120703.0,Orchies,Boulogne-sur-Mer,196.82,IRR,Medium Mountain,,,,,,,,,,,,,,,,,,,,
TDF2012S04,4,5.0,Tour de France,2012,1,1,1,20120704.0,Abbeville,Rouen,210.91,IRR,Plain,,,,,,,,,,,,,,,,,,,,
TDF2012S05,5,6.0,Tour de France,2012,1,1,1,20120705.0,Rouen,Saint-Quentin,195.49,IRR,Plain,,,,,,,,,,,,,,,,,,,,
TDF2012S06,6,7.0,Tour de France,2012,1,1,1,20120706.0,Épernay,Metz,204.07,IRR,Plain,,,,,,,,,,,,,,,,,,,,
TDF2012S07,7,8.0,Tour de France,2012,1,1,1,20120707.0,Tomblaine,La Planche des Belles Filles,199.41,IRR,Medium Mountain,,,,,,,,,,,,,,,,,,,,
TDF2012S08,8,9.0,Tour de France,2012,1,1,1,20120708.0,Belfort,Porrentruy (CH),158.44,IRR,High mountain,,,,,,,,,,,,,,,,,,,,
TDF2012S09,9,10.0,Tour de France,2012,1,1,1,20120709.0,Arc-et-Senans,Besançon,41.14,ITT,Individual Time Trial,,,,,,,,,,,,,,,,,,,,
TDF2012S10,10,11.0,Tour de France,2012,1,1,1,20120711.0,Mâcon,Bellegarde-sur-Valserin,195.09,IRR,Medium Mountain,,,,,,,,,,,,,,,,,,,,
TDF2012S11,11,12.0,Tour de France,2012,1,1,1,20120712.0,Albertville,La Toussuire - Les Sybelles,148.09,IRR,High mountain,,,,,,,,,,,,,,,,,,,,
TDF2012S12,12,13.0,Tour de France,2012,1,1,1,20120713.0,Saint-Jean-de-Maurienne,Annonay-Davézieux,224.54,IRR,Medium Mountain,,,,,,,,,,,,,,,,,,,,
TDF2012S13,13,14.0,Tour de France,2012,1,1,1,20120714.0,Saint-Paul-Trois-Châteaux,Le Cap d'Agde,213.84,IRR,Plain,,,,,,,,,,,,,,,,,,,,
TDF2012S14,14,15.0,Tour de France,2012,1,1,1,20120715.0,Limoux,Foix,191.65,IRR,Medium Mountain,,,,,,,,,,,,,,,,,,,,
TDF2012S15,15,16.0,Tour de France,2012,1,1,1,20120716.0,Samatan,Pau,158.05,IRR,Plain,,,,,,,,,,,,,,,,,,,,
TDF2012S16,16,17.0,Tour de France,2012,1,1,1,20120718.0,Pau,Bagnères-de-Luchon,195.93,IRR,High mountain,,,,,,,,,,,,,,,,,,,,
TDF2012S17,17,18.0,Tour de France,2012,1,1,1,20120719.0,Bagnères-de-Luchon,Peyragudes,143.49,IRR,High mountain,,,,,,,,,,,,,,,,,,,,
TDF2012S18,18,19.0,Tour de France,2012,1,1,1,20120720.0,Blagnac,Brive-la-Gaillarde,223.25,IRR,Plain,,,,,,,,,,,,,,,,,,,,
TDF2012S19,19,20.0,Tour de France,2012,1,1,1,20120721.0,Bonneval,Chartres,54.09,ITT,Individual Time Trial,,,,,,,,,,,,,,,,,,,,
TDF2012S20,20,21.0,Tour de France,2012,1,1,1,20120722.0,Rambouillet,Paris - Champs-Elysées,125.75,IRR,Plain,,,,,,,,,,,,,,,,,,,,
TDF2012R01,,,Tour de France,2012,1,1,0,,,,,,,3497.1,21.0,166.53,5.0,4.0,2.0,5.0,2.0,9.0,1.0,3.0,101.79,0.0,0.0,59.0,6.0,11.0,8.0,11.0,23.0
TDF2013S01,1,1.0,Tour de France,2013,1,0,1,20130629.0,Porto Vecchio,Bastia,213.33,IRR,Plain,,,,,,,,,,,,,,,,,,,,
TDF2013S02,2,2.0,Tour de France,2013,1,0,1,20130630.0,Bastia,Ajaccio,156.22,IRR,Plain,,,,,,,,,,,,,,,,,,,,
TDF2013S03,3,3.0,Tour de France,2013,1,0,1,20130701.0,Ajaccio,Calvi,144.8,IRR,Medium Mountain,,,,,,,,,,,,,,,,,,,,
TDF2013S04,4,4.0,Tour de France,2013,1,0,1,20130702.0,Nice,Nice,24.55,IRR,Team time trial,,,,,,,,,,,,,,,,,,,,
TDF2013S05,5,5.0,Tour de France,2013,1,0,1,20130703.0,Cagnes sur Mer,Marseille,225.44,IRR,Plain,,,,,,,,,,,,,,,,,,,,
TDF2013S06,6,6.0,Tour de France,2013,1,0,1,20130704.0,Aix-en-Provence,Montpellier,178.01,IRR,Plain,,,,,,,,,,,,,,,,,,,,
TDF2013S07,7,7.0,Tour de France,2013,1,0,1,20130705.0,Montpellier,Albi,205.11,IRR,Plain,,,,,,,,,,,,,,,,,,,,
TDF2013S08,8,8.0,Tour de France,2013,1,0,1,20130706.0,Castres,Ax 3 Domaines,192.18,IRR,High mountain,,,,,,,,,,,,,,,,,,,,
TDF2013S09,9,9.0,Tour de France,2013,1,0,1,20130707.0,Saint-Girons,Bagnères-de-Bigorre,169.68,IRR,High mountain,,,,,,,,,,,,,,,,,,,,
TDF2013S10,10,10.0,Tour de France,2013,1,0,1,20130709.0,Saint-Gildas-des-Bois,Saint-Malo,201.7,IRR,Plain,,,,,,,,,,,,,,,,,,,,
TDF2013S11,11,11.0,Tour de France,2013,1,0,1,20130710.0,Avranches,Mont Saint-Michel,32.82,ITT,Individual Time Trial,,,,,,,,,,,,,,,,,,,,
TDF2013S12,12,12.0,Tour de France,2013,1,0,1,20130711.0,Fougères,Tours,216.58,IRR,Plain,,,,,,,,,,,,,,,,,,,,
TDF2013S13,13,13.0,Tour de France,2013,1,0,1,20130712.0,Tours,Saint-Amand-Montrond,175.65,IRR,Plain,,,,,,,,,,,,,,,,,,,,
TDF2013S14,14,14.0,Tour de France,2013,1,0,1,20130713.0,Saint-Pourçain-sur-Sioule,Lyon,191.15,IRR,Plain,,,,,,,,,,,,,,,,,,,,
TDF2013S15,15,15.0,Tour de France,2013,1,0,1,20130714.0,Givors,Mont Ventoux,243.97,IRR,High mountain,,,,,,,,,,,,,,,,,,,,
TDF2013S16,16,16.0,Tour de France,2013,1,0,1,20130716.0,Vaison-la-Romaine,Gap,169.82,IRR,Medium Mountain,,,,,,,,,,,,,,,,,,,,
TDF2013S17,17,17.0,Tour de France,2013,1,0,1,20130717.0,Embrun,Chorges,31.49,ITT,Individual Time Trial,,,,,,,,,,,,,,,,,,,,
TDF2013S18,18,18.0,Tour de France,2013,1,0,1,20130718.0,Gap,Alpe d'Huez,171.4,IRR,High mountain,,,,,,,,,,,,,,,,,,,,
TDF2013S19,19,19.0,Tour de France,2013,1,0,1,20130719.0,Bourg d'Oisans,Le Grand-Bornand,204.48,IRR,High mountain,,,,,,,,,,,,,,,,,,,,
TDF2013S20,20,20.0,Tour de France,2013,1,0,1,20130720.0,Annecy,Annecy-Semnoz,125.13,IRR,High mountain,,,,,,,,,,,,,,,,,,,,
TDF2013S21,21,21.0,Tour de France,2013,1,0,1,20130721.0,Versailles,Paris Champs-Elysées,133.29,IRR,Plain,,,,,,,,,,,,,,,,,,,,
TDF2013R01,,,Tour de France,2013,1,0,0,,,,,,,3406.8,21.0,162.23,4.0,6.0,4.0,2.0,0.0,10.0,0.0,2.0,64.31,1.0,24.55,64.0,7.0,8.0,13.0,16.0,20.0
TDF2014S01,1,1.0,Tour de France,2014,1,0,1,20140705.0,Leeds,Harrogate,189.63,IRR,Plain,,,,,,,,,,,,,,,,,,,,
TDF2014S02,2,2.0,Tour de France,2014,1,0,1,20140706.0,York,Sheffield,204.2,IRR,Medium Mountain,,,,,,,,,,,,,,,,,,,,
TDF2014S03,3,3.0,Tour de France,2014,1,0,1,20140707.0,Cambridge,London,154.51,IRR,Plain,,,,,,,,,,,,,,,,,,,,
TDF2014S04,4,4.0,Tour de France,2014,1,0,1,20140708.0,Le Touquet-Paris-Plage,Villeneuve d'Ascq - Lille Metropole,164.5,IRR,Plain,,,,,,,,,,,,,,,,,,,,
TDF2014S05,5,5.0,Tour de France,2014,1,0,1,20140709.0,Ypres,Arenberg Porte du Hainaut,153.97,IRR,Plain,,,,,,,,,,,,,,,,,,,,
TDF2014S06,6,6.0,Tour de France,2014,1,0,1,20140710.0,Arras,Reims,193.28,IRR,Plain,,,,,,,,,,,,,,,,,,,,
TDF2014S07,7,7.0,Tour de France,2014,1,0,1,20140711.0,Epernay,Nancy,234.84,IRR,Plain,,,,,,,,,,,,,,,,,,,,
TDF2014S08,8,8.0,Tour de France,2014,1,0,1,20140712.0,Tomblaine,Gérardmer-La Mauselaine,160.26,IRR,Medium Mountain,,,,,,,,,,,,,,,,,,,,
TDF2014S09,9,9.0,Tour de France,2014,1,0,1,20140713.0,Gérardmer,Mulhouse,170.87,IRR,Medium Mountain,,,,,,,,,,,,,,,,,,,,
TDF2014S10,10,10.0,Tour de France,2014,1,0,1,20140714.0,Mulhouse,La Planche des Belles Filles,160.99,IRR,High mountain,,,,,,,,,,,,,,,,,,,,
TDF2014S11,11,11.0,Tour de France,2014,1,0,1,20140716.0,Besançon,Oyonnaz,187.04,IRR,Medium Mountain,,,,,,,,,,,,,,,,,,,,
TDF2014S12,12,12.0,Tour de France,2014,1,0,1,20140717.0,Bourg-en-Bresse,Saint-Étienne,184.93,IRR,Plain,,,,,,,,,,,,,,,,,,,,
TDF2014S13,13,13.0,Tour de France,2014,1,0,1,20140718.0,Saint-Étienne,Chamrousse,197.39,IRR,High mountain,,,,,,,,,,,,,,,,,,,,
TDF2014S14,14,14.0,Tour de France,2014,1,0,1,20140719.0,Grenoble,Risoul,176.97,IRR,High mountain,,,,,,,,,,,,,,,,,,,,
TDF2014S15,15,15.0,Tour de France,2014,1,0,1,20140720.0,Taillard,Nîmes,221.7,IRR,Plain,,,,,,,,,,,,,,,,,,,,
TDF2014S16,16,16.0,Tour de France,2014,1,0,1,20140722.0,Carcassonne,Bagnères-de-Luchon,237.35,IRR,High mountain,,,,,,,,,,,,,,,,,,,,
TDF2014S17,17,17.0,Tour de France,2014,1,0,1,20140723.0,Saint-Gaudens,Saint-Lary/Pla d'Adet,124.6,IRR,High mountain,,,,,,,,,,,,,,,,,,,,
TDF2014S18,18,18.0,Tour de France,2014,1,0,1,20140724.0,Pau,Hautacam,145.41,IRR,High mountain,,,,,,,,,,,,,,,,,,,,
TDF2014S19,19,19.0,Tour de France,2014,1,0,1,20140725.0,Maubourguet Pays du Val d’Adour,Bergerac,207.89,IRR,Plain,,,,,,,,,,,,,,,,,,,,
TDF2014S20,20,20.0,Tour de France,2014,1,0,1,20140726.0,Bergerac,Périgueux,54.12,ITT,Individual Time Trial,,,,,,,,,,,,,,,,,,,,
TDF2014S21,21,21.0,Tour de France,2014,1,0,1,20140727.0,Evry,Paris Champs-Élysées,137.83,IRR,Plain,,,,,,,,,,,,,,,,,,,,
TDF2014R01,,,Tour de France,2014,1,0,0,,,,,,,3662.28,21.0,174.39,6.0,6.0,5.0,4.0,1.0,10.0,0.0,1.0,54.12,0.0,0.0,63.0,6.0,11.0,8.0,21.0,17.0
TDF2015S01,1,1.0,Tour de France,2015,1,0,1,20150704.0,Utrecht,Utrecht,13.8,ITT,Individual Time Trial,,,,,,,,,,,,,,,,,,,,
TDF2015S02,2,2.0,Tour de France,2015,1,0,1,20150705.0,Utrecht,Neeltje Jans (Zélande),165.87,IRR,Plain,,,,,,,,,,,,,,,,,,,,
TDF2015S03,3,3.0,Tour de France,2015,1,0,1,20150706.0,Antwerp,Huy,159.98,IRR,Plain,,,,,,,,,,,,,,,,,,,,
TDF2015S04,4,4.0,Tour de France,2015,1,0,1,20150707.0,Seraing,Cambrai,222.16,IRR,Plain,,,,,,,,,,,,,,,,,,,,
TDF2015S05,5,5.0,Tour de France,2015,1,0,1,20150708.0,Arrás,Amiens Métropole,190.04,IRR,Plain,,,,,,,,,,,,,,,,,,,,
TDF2015S06,6,6.0,Tour de France,2015,1,0,1,20150709.0,Abbeville,Le Havre,191.47,IRR,Plain,,,,,,,,,,,,,,,,,,,,
TDF2015S07,7,7.0,Tour de France,2015,1,0,1,20150710.0,Livarot,Fougères,190.62,IRR,Plain,,,,,,,,,,,,,,,,,,,,
TDF2015S08,8,8.0,Tour de France,2015,1,0,1,20150711.0,Rennes,Mûr-de-Bretagne,180.68,IRR,Plain,,,,,,,,,,,,,,,,,,,,
TDF2015S09,9,9.0,Tour de France,2015,1,0,1,20150712.0,Vannes,Plumelec,28.12,IRR,Team time trial,,,,,,,,,,,,,,,,,,,,
TDF2015S10,10,10.0,Tour de France,2015,1,0,1,20150714.0,Tarbes,La Pierre de Saint-Martin,167.0,IRR,High mountain,,,,,,,,,,,,,,,,,,,,
TDF2015S11,11,11.0,Tour de France,2015,1,0,1,20150715.0,Pau,Cauterets,187.39,IRR,High mountain,,,,,,,,,,,,,,,,,,,,
TDF2015S12,12,12.0,Tour de France,2015,1,0,1,20150716.0,Lannemezan,Plateau de Beille,196.84,IRR,High mountain,,,,,,,,,,,,,,,,,,,,
TDF2015S13,13,13.0,Tour de France,2015,1,0,1,20150717.0,Muret,Rodez,197.64,IRR,Plain,,,,,,,,,,,,,,,,,,,,
TDF2015S14,14,14.0,Tour de France,2015,1,0,1,20150718.0,Rodez,Mende,179.19,IRR,Medium Mountain,,,,,,,,,,,,,,,,,,,,
TDF2015S15,15,15.0,Tour de France,2015,1,0,1,20150719.0,Mende,Valence,182.94,IRR,Medium Mountain,,,,,,,,,,,,,,,,,,,,
TDF2015S16,16,16.0,Tour de France,2015,1,0,1,20150720.0,Bourg-de-Péage,Gap,201.91,IRR,Medium Mountain,,,,,,,,,,,,,,,,,,,,
TDF2015S17,17,17.0,Tour de France,2015,1,0,1,20150722.0,Digne-les-Bains,Pra Loup,160.42,IRR,High mountain,,,,,,,,,,,,,,,,,,,,
TDF2015S18,18,18.0,Tour de France,2015,1,0,1,20150723.0,Gap,Saint Jean de Maurienne,187.37,IRR,High mountain,,,,,,,,,,,,,,,,,,,,
TDF2015S19,19,19.0,Tour de France,2015,1,0,1,20150724.0,Saint Jean de Maurienne,La Toussuire-Les Sybelles,138.0,IRR,High mountain,,,,,,,,,,,,,,,,,,,,
TDF2015S20,20,20.0,Tour de France,2015,1,0,1,20150725.0,Modane Valfréjus,Alpe d'Huez,111.74,IRR,High mountain,,,,,,,,,,,,,,,,,,,,
TDF2015S21,21,21.0,Tour de France,2015,1,0,1,20150726.0,Sèvres-GPSO,París Champs Elysées,109.5,IRR,Plain,,,,,,,,,,,,,,,,,,,,
TDF2015R01,,,Tour de France,2015,1,0,0,,,,,,,3362.68,21.0,160.13,8.0,7.0,5.0,3.0,1.0,9.0,2.0,1.0,13.8,1.0,28.12,57.0,7.0,6.0,12.0,12.0,20.0
TDF2016S01,1,1.0,Tour de France,2016,1,0,1,20160702.0,Mont-Saint-Michel,Utah Beach,188.1,IRR,Plain,,,,,,,,,,,,,,,,,,,,
TDF2016S02,2,2.0,Tour de France,2016,1,0,1,20160703.0,Saint-Lô,Cherbourg-en-Cotentin,183.63,IRR,Medium Mountain,,,,,,,,,,,,,,,,,,,,
TDF2016S03,3,3.0,Tour de France,2016,1,0,1,20160704.0,Granville,Angers,223.6,IRR,Plain,,,,,,,,,,,,,,,,,,,,
TDF2016S04,4,4.0,Tour de France,2016,1,0,1,20160705.0,Saumur,Limoges,236.36,IRR,Plain,,,,,,,,,,,,,,,,,,,,
TDF2016S05,5,5.0,Tour de France,2016,1,0,1,20160706.0,Limoges,Le Lioran,216.41,IRR,Medium Mountain,,,,,,,,,,,,,,,,,,,,
TDF2016S06,6,6.0,Tour de France,2016,1,0,1,20160707.0,Arpajon-sur-Cère,Montauban,190.67,IRR,Plain,,,,,,,,,,,,,,,,,,,,
TDF2016S07,7,7.0,Tour de France,2016,1,0,1,20160708.0,L'Isle-Jourdain,Lac de Payolle,162.55,IRR,High mountain,,,,,,,,,,,,,,,,,,,,
TDF2016S08,8,8.0,Tour de France,2016,1,0,1,20160709.0,Pau,Bagnères-de-Luchon,183.33,IRR,High mountain,,,,,,,,,,,,,,,,,,,,
TDF2016S09,9,9.0,Tour de France,2016,1,0,1,20160710.0,Vielha Val d'Aran,Andorre Arcalis,184.96,IRR,High mountain,,,,,,,,,,,,,,,,,,,,
TDF2016S10,10,10.0,Tour de France,2016,1,0,1,20160712.0,Escaldes-Engordany,Revel,197.41,IRR,High mountain,,,,,,,,,,,,,,,,,,,,
TDF2016S11,11,11.0,Tour de France,2016,1,0,1,20160713.0,Carcassonne,Montpellier,162.01,IRR,Plain,,,,,,,,,,,,,,,,,,,,
TDF2016S12,12,12.0,Tour de France,2016,1,0,1,20160714.0,Montpellier,Chalet Reynard,177.46,IRR,High mountain,,,,,,,,,,,,,,,,,,,,
TDF2016S13,13,13.0,Tour de France,2016,1,0,1,20160715.0,Bourg-Saint-Andéol,La Caverne du Pont-d'Arc,37.35,ITT,Individual Time Trial,,,,,,,,,,,,,,,,,,,,
TDF2016S14,14,14.0,Tour de France,2016,1,0,1,20160716.0,Montélimar,Villars-les-Dombes Parc des Oiseaux,207.77,IRR,Plain,,,,,,,,,,,,,,,,,,,,
TDF2016S15,15,15.0,Tour de France,2016,1,0,1,20160717.0,Bourg-en-Bresse,Culoz,160.55,IRR,High mountain,,,,,,,,,,,,,,,,,,,,
TDF2016S16,16,16.0,Tour de France,2016,1,0,1,20160718.0,Moirans-en-Montagne,Berne,208.04,IRR,Plain,,,,,,,,,,,,,,,,,,,,
TDF2016S17,17,17.0,Tour de France,2016,1,0,1,20160720.0,Berne,Finhaut-Emosson,184.48,IRR,High mountain,,,,,,,,,,,,,,,,,,,,
TDF2016S18,18,18.0,Tour de France,2016,1,0,1,20160721.0,Sallanches,Megève,17.06,ITT,Individual Time Trial,,,,,,,,,,,,,,,,,,,,
TDF2016S19,19,19.0,Tour de France,2016,1,0,1,20160722.0,Albertville,Saint-Gervais Mont Blanc,148.0,IRR,High mountain,,,,,,,,,,,,,,,,,,,,
TDF2016S20,20,20.0,Tour de France,2016,1,0,1,20160723.0,Megève,Morzine,147.24,IRR,High mountain,,,,,,,,,,,,,,,,,,,,
TDF2016S21,21,21.0,Tour de France,2016,1,0,1,20160724.0,Chantilly,Paris,114.46,IRR,Plain,,,,,,,,,,,,,,,,,,,,
TDF2016R01,,,Tour de France,2016,1,0,0,,,,,,,3531.44,21.0,168.16,5.0,9.0,4.0,2.0,1.0,8.0,0.0,2.0,54.41,0.0,0.0,58.0,7.0,14.0,7.0,12.0,18.0
TDF2017S01,1,1.0,Tour de France,2017,1,0,1,20170701.0,Düsseldorf (DE),Düsseldorf (DE),13.98,ITT,Individual Time Trial,,,,,,,,,,,,,,,,,,,,
TDF2017S02,2,2.0,Tour de France,2017,1,0,1,20170702.0,Düsseldorf (DE),Liège (BE),205.26,IRR,Plain,,,,,,,,,,,,,,,,,,,,
TDF2017S03,3,3.0,Tour de France,2017,1,0,1,20170703.0,Verviers (BE),Longwy,212.31,IRR,Plain,,,,,,,,,,,,,,,,,,,,
TDF2017S04,4,4.0,Tour de France,2017,1,0,1,20170704.0,Mondorf-les-Bains,Vittel,202.39,IRR,Plain,,,,,,,,,,,,,,,,,,,,
TDF2017S05,5,5.0,Tour de France,2017,1,0,1,20170705.0,Vittel,La Planche-des-Belles-Filles,160.28,IRR,Medium Mountain,,,,,,,,,,,,,,,,,,,,
TDF2017S06,6,6.0,Tour de France,2017,1,0,1,20170706.0,Vesoul,Troyes,219.14,IRR,Plain,,,,,,,,,,,,,,,,,,,,
TDF2017S07,7,7.0,Tour de France,2017,1,0,1,20170707.0,Troyes,Nuits-Saint-Georges,214.31,IRR,Plain,,,,,,,,,,,,,,,,,,,,
TDF2017S08,8,8.0,Tour de France,2017,1,0,1,20170708.0,Dole,Station des Rousses,192.87,IRR,Medium Mountain,,,,,,,,,,,,,,,,,,,,
TDF2017S09,9,9.0,Tour de France,2017,1,0,1,20170709.0,Nantua,Chambery,181.33,IRR,High mountain,,,,,,,,,,,,,,,,,,,,
TDF2017S10,10,10.0,Tour de France,2017,1,0,1,20170711.0,Périgueux,Bergerac,176.42,IRR,Plain,,,,,,,,,,,,,,,,,,,,
TDF2017S11,11,11.0,Tour de France,2017,1,0,1,20170712.0,Eymet,Pau,204.14,IRR,Plain,,,,,,,,,,,,,,,,,,,,
TDF2017S12,12,12.0,Tour de France,2017,1,0,1,20170713.0,Pau,Peyragudes,215.41,IRR,High mountain,,,,,,,,,,,,,,,,,,,,
TDF2017S13,13,13.0,Tour de France,2017,1,0,1,20170714.0,Saint-Girons,Foix,101.11,IRR,High mountain,,,,,,,,,,,,,,,,,,,,
TDF2017S14,14,14.0,Tour de France,2017,1,0,1,20170715.0,Blagnac,Rodez,180.81,IRR,Plain,,,,,,,,,,,,,,,,,,,,
TDF2017S15,15,15.0,Tour de France,2017,1,0,1,20170716.0,Laissac-Sévérac l'Eglise,Le Puy-en-Velay,191.68,IRR,Medium Mountain,,,,,,,,,,,,,,,,,,,,
TDF2017S16,16,16.0,Tour de France,2017,1,0,1,20170718.0,Le Puy-en-Velay,Romans-sur-Isère,165.25,IRR,Plain,,,,,,,,,,,,,,,,,,,,
TDF2017S17,17,17.0,Tour de France,2017,1,0,1,20170719.0,La Mure,Serre-Chevalier,183.23,IRR,High mountain,,,,,,,,,,,,,,,,,,,,
TDF2017S18,18,18.0,Tour de France,2017,1,0,1,20170720.0,Briançon,Col d' Izoard,178.7,IRR,High mountain,,,,,,,,,,,,,,,,,,,,
TDF2017S19,19,19.0,Tour de France,2017,1,0,1,20170721.0,Embrun,Salon-de-Provence,222.57,IRR,Plain,,,,,,,,,,,,,,,,,,,,
TDF2017S20,20,20.0,Tour de France,2017,1,0,1,20170722.0,Marseille,Marseille,22.71,ITT,Individual Time Trial,,,,,,,,,,,,,,,,,,,,
TDF2017S21,21,21.0,Tour de France,2017,1,0,1,20170723.0,Montgeron,Paris Champs-Elysées,102.57,IRR,Plain,,,,,,,,,,,,,,,,,,,,
TDF2017R01,,,Tour de France,2017,1,0,0,,,,,,,3546.47,21.0,168.88,4.0,5.0,2.0,3.0,1.0,11.0,1.0,2.0,36.69,0.0,0.0,53.0,7.0,11.0,5.0,14.0,16.0
TDF2018S01,1,1.0,Tour de France,2018,1,0,1,20180707.0,Noirmoutier-en-l'Île,Fontenay-le-Comte,199.36,IRR,Plain,,,,,,,,,,,,,,,,,,,,
TDF2018S02,2,2.0,Tour de France,2018,1,0,1,20180708.0,Mouilleron-St-Germain,La-Roche-sur-Yon,183.45,IRR,Plain,,,,,,,,,,,,,,,,,,,,
TDF2018S03,3,3.0,Tour de France,2018,1,0,1,20180709.0,Cholet,Cholet,35.5,IRR,Team time trial,,,,,,,,,,,,,,,,,,,,
TDF2018S04,4,4.0,Tour de France,2018,1,0,1,20180710.0,La Baule,Sarzeau,195.74,IRR,Plain,,,,,,,,,,,,,,,,,,,,
TDF2018S05,5,5.0,Tour de France,2018,1,0,1,20180711.0,Lorient,Quimper,204.61,IRR,Medium Mountain,,,,,,,,,,,,,,,,,,,,
TDF2018S06,6,6.0,Tour de France,2018,1,0,1,20180712.0,Brest,Mûr de Bretagne Guerlédan,180.79,IRR,Medium Mountain,,,,,,,,,,,,,,,,,,,,
TDF2018S07,7,7.0,Tour de France,2018,1,0,1,20180713.0,Fougères,Chartres,230.47,IRR,Plain,,,,,,,,,,,,,,,,,,,,
TDF2018S08,8,8.0,Tour de France,2018,1,0,1,20180714.0,Dreux,Amiens,181.39,IRR,Plain,,,,,,,,,,,,,,,,,,,,
TDF2018S09,9,9.0,Tour de France,2018,1,0,1,20180715.0,Arras,Roubaix,155.83,IRR,Plain,,,,,,,,,,,,,,,,,,,,
TDF2018S10,10,10.0,Tour de France,2018,1,0,1,20180717.0,Annecy,Le Grand-Bornand,158.4,IRR,High mountain,,,,,,,,,,,,,,,,,,,,
TDF2018S11,11,11.0,Tour de France,2018,1,0,1,20180718.0,Albertville,La Rosière,108.42,IRR,High mountain,,,,,,,,,,,,,,,,,,,,
TDF2018S12,12,12.0,Tour de France,2018,1,0,1,20180719.0,Bourg-Saint-Maurice,Alpe d'Huez,176.16,IRR,High mountain,,,,,,,,,,,,,,,,,,,,
TDF2018S13,13,13.0,Tour de France,2018,1,0,1,20180720.0,Bourg d'Oisans,Valence,169.64,IRR,Plain,,,,,,,,,,,,,,,,,,,,
TDF2018S14,14,14.0,Tour de France,2018,1,0,1,20180721.0,Saint-Paul-Trois-Chateaux,Mende (Aérodrome),187.96,IRR,Medium Mountain,,,,,,,,,,,,,,,,,,,,
TDF2018S15,15,15.0,Tour de France,2018,1,0,1,20180722.0,Millau,Carcassonne,181.28,IRR,Medium Mountain,,,,,,,,,,,,,,,,,,,,
TDF2018S16,16,16.0,Tour de France,2018,1,0,1,20180724.0,Carcassonne,Bagnères-de-Luchon,217.92,IRR,High mountain,,,,,,,,,,,,,,,,,,,,
TDF2018S17,17,17.0,Tour de France,2018,1,0,1,20180725.0,Bagnères-de-Luchon,Saint-Lary-Soulan - Col du Portet,65.48,IRR,High mountain,,,,,,,,,,,,,,,,,,,,
TDF2018S18,18,18.0,Tour de France,2018,1,0,1,20180726.0,Trie-sur-Baïse,Pau,170.55,IRR,Plain,,,,,,,,,,,,,,,,,,,,
TDF2018S19,19,19.0,Tour de France,2018,1,0,1,20180727.0,Lourdes,Laruns,200.34,IRR,High mountain,,,,,,,,,,,,,,,,,,,,
TDF2018S20,20,20.0,Tour de France,2018,1,0,1,20180728.0,Saint-Pée-sur-Nivelle,Espelette,31.06,ITT,Individual Time Trial,,,,,,,,,,,,,,,,,,,,
TDF2018S21,21,21.0,Tour de France,2018,1,0,1,20180729.0,Houilles,Paris Champs-Elysees,115.94,IRR,Plain,,,,,,,,,,,,,,,,,,,,
TDF2018R01,,,Tour de France,2018,1,0,0,,,,,,,3350.29,21.0,159.54,4.0,6.0,3.0,4.0,1.0,9.0,0.0,1.0,31.06,1.0,35.5,53.0,9.0,10.0,7.0,9.0,18.0
TDF2019S01,1,1.0,Tour de France,2019,1,0,1,20190706.0,Bruxelles,Bruxelles - Chateau de Laeken,194.5,IRR,Plain,,,,,,,,,,,,,,,,,,,,
TDF2019S02,2,2.0,Tour de France,2019,1,0,1,20190707.0,Bruxelles - Palais,Bruxelles - Atomium,27.49,IRR,Team time trial,,,,,,,,,,,,,,,,,,,,
TDF2019S03,3,3.0,Tour de France,2019,1,0,1,20190708.0,Binche,Epernay,215.0,IRR,Medium Mountain,,,,,,,,,,,,,,,,,,,,
TDF2019S04,4,4.0,Tour de France,2019,1,0,1,20190709.0,Reims,Nancy,213.5,IRR,Plain,,,,,,,,,,,,,,,,,,,,
TDF2019S05,5,5.0,Tour de France,2019,1,0,1,20190710.0,Saint-Dié-Des-Vosges,Colmar,175.0,IRR,Medium Mountain,,,,,,,,,,,,,,,,,,,,
TDF2019S06,6,6.0,Tour de France,2019,1,0,1,20190711.0,Mulhouse,La Planche des Belles Filles,160.5,IRR,High mountain,,,,,,,,,,,,,,,,,,,,
TDF2019S07,7,7.0,Tour de France,2019,1,0,1,20190712.0,Belfort,Chalon-sur-Saône,230.0,IRR,Plain,,,,,,,,,,,,,,,,,,,,
TDF2019S08,8,8.0,Tour de France,2019,1,0,1,20190713.0,Macon,Saint-Etienne,200.0,IRR,Medium Mountain,,,,,,,,,,,,,,,,,,,,
TDF2019S09,9,9.0,Tour de France,2019,1,0,1,20190714.0,Saint-Etienne,Brioude,170.5,IRR,Medium Mountain,,,,,,,,,,,,,,,,,,,,
TDF2019S10,10,10.0,Tour de France,2019,1,0,1,20190715.0,Saint-Flour,Albi,217.5,IRR,Medium Mountain,,,,,,,,,,,,,,,,,,,,
TDF2019S11,11,11.0,Tour de France,2019,1,0,1,20190717.0,Albi,Toulouse,165.0,IRR,Plain,,,,,,,,,,,,,,,,,,,,
TDF2019S12,12,12.0,Tour de France,2019,1,0,1,20190718.0,Toulouse,Bagneres-de-Bigorre,209.5,IRR,Medium Mountain,,,,,,,,,,,,,,,,,,,,
TDF2019S13,13,13.0,Tour de France,2019,1,0,1,20190719.0,Pau,Pau,27.22,ITT,Individual Time Trial,,,,,,,,,,,,,,,,,,,,
TDF2019S14,14,14.0,Tour de France,2019,1,0,1,20190720.0,Tarbes,Tourmalet,111.0,IRR,High mountain,,,,,,,,,,,,,,,,,,,,
TDF2019S15,15,15.0,Tour de France,2019,1,0,1,20190721.0,Limoux,Foix - Prat d'Albis,185.0,IRR,High mountain,,,,,,,,,,,,,,,,,,,,
TDF2019S16,16,16.0,Tour de France,2019,1,0,1,20190723.0,Nimes,Nimes,177.0,IRR,Plain,,,,,,,,,,,,,,,,,,,,
TDF2019S17,17,17.0,Tour de France,2019,1,0,1,20190724.0,Pont du Gard,Gap,200.0,IRR,Plain,,,,,,,,,,,,,,,,,,,,
TDF2019S18,18,18.0,Tour de France,2019,1,0,1,20190725.0,Embrun,Valloire,208.0,IRR,High mountain,,,,,,,,,,,,,,,,,,,,
TDF2019S19,19,19.0,Tour de France,2019,1,0,1,20190726.0,Saint-Jean de Maurienne,Col de l'Iseran,88.7,IRR,High mountain,,,,,,,,,,,,,,,,,,,,
TDF2019S20,20,20.0,Tour de France,2019,1,0,1,20190727.0,Albertville,Val Thorens,59.0,IRR,High mountain,,,,,,,,,,,,,,,,,,,,
TDF2019S21,21,21.0,Tour de France,2019,1,0,1,20190728.0,Rambouillet,Paris - Champs-Elysees,128.0,IRR,Plain,,,,,,,,,,,,,,,,,,,,
TDF2019R01,,,Tour de France,2019,1,0,0,,,,,,,3362.41,21.0,160.11,5.0,6.0,5.0,6.0,0.0,7.0,0.0,1.0,27.22,1.0,27.49,62.0,5.0,11.0,11.0,21.0,14.0
VAE2009S01,1,1.0,Vuelta a España,2009,1,0,1,20090829.0,Assen,Assen,4.76,ITT,Individual Time Trial,,,,,,,,,,,,,,,,,,,,
VAE2009S02,2,2.0,Vuelta a España,2009,1,0,1,20090830.0,Assen,Emmen,203.67,IRR,Plain,,,,,,,,,,,,,,,,,,,,
VAE2009S03,3,3.0,Vuelta a España,2009,1,0,1,20090831.0,Zutphen,Venlo,189.88,IRR,Plain,,,,,,,,,,,,,,,,,,,,
VAE2009S04,4,4.0,Vuelta a España,2009,1,0,1,20090901.0,Venlo,Liege,221.28,IRR,Plain,,,,,,,,,,,,,,,,,,,,
VAE2009S05,5,5.0,Vuelta a España,2009,1,0,1,20090903.0,Tarragona,Vinaros,177.55,IRR,Plain,,,,,,,,,,,,,,,,,,,,
VAE2009S06,6,6.0,Vuelta a España,2009,1,0,1,20090904.0,Xativa,Xativa,176.8,IRR,Medium Mountain,,,,,,,,,,,,,,,,,,,,
VAE2009S07,7,7.0,Vuelta a España,2009,1,0,1,20090905.0,Valencia,Valencia,30.45,ITT,Individual Time Trial,,,,,,,,,,,,,,,,,,,,
VAE2009S08,8,8.0,Vuelta a España,2009,1,0,1,20090906.0,Alzira,Alto de Aitana,205.54,IRR,High mountain,,,,,,,,,,,,,,,,,,,,
VAE2009S09,9,9.0,Vuelta a España,2009,1,0,1,20090907.0,Alcoy,Xorret del Cati,186.88,IRR,High mountain,,,,,,,,,,,,,,,,,,,,
VAE2009S10,10,10.0,Vuelta a España,2009,1,0,1,20090908.0,Alicante,Murcia,168.73,IRR,Medium Mountain,,,,,,,,,,,,,,,,,,,,
VAE2009S11,11,11.0,Vuelta a España,2009,1,0,1,20090909.0,Murcia,Caravaca de la Cruz,200.0,IRR,Medium Mountain,,,,,,,,,,,,,,,,,,,,
VAE2009S12,12,12.0,Vuelta a España,2009,1,0,1,20090911.0,Almeria,Alto de Velefique,180.61,IRR,High mountain,,,,,,,,,,,,,,,,,,,,
VAE2009S13,13,13.0,Vuelta a España,2009,1,0,1,20090912.0,Berja,Sierra Nevada,175.99,IRR,High mountain,,,,,,,,,,,,,,,,,,,,
VAE2009S14,14,14.0,Vuelta a España,2009,1,0,1,20090913.0,Granada,Sierra de la Pandera,157.0,IRR,High mountain,,,,,,,,,,,,,,,,,,,,
VAE2009S15,15,15.0,Vuelta a España,2009,1,0,1,20090914.0,Jaen,Cordoba,163.36,IRR,Medium Mountain,,,,,,,,,,,,,,,,,,,,
VAE2009S16,16,16.0,Vuelta a España,2009,1,0,1,20090915.0,Cordoba,Puertollano,172.77,IRR,Plain,,,,,,,,,,,,,,,,,,,,
VAE2009S17,17,17.0,Vuelta a España,2009,1,0,1,20090916.0,Ciudad Real,Talavera de la Reina,193.58,IRR,Plain,,,,,,,,,,,,,,,,,,,,
VAE2009S18,18,18.0,Vuelta a España,2009,1,0,1,20090917.0,Talavera de la Reina,Avila,167.76,IRR,Medium Mountain,,,,,,,,,,,,,,,,,,,,
VAE2009S19,19,19.0,Vuelta a España,2009,1,0,1,20090918.0,Avila,La Granja. Real Fabrica de Cristales,180.65,IRR,High mountain,,,,,,,,,,,,,,,,,,,,
VAE2009S20,20,20.0,Vuelta a España,2009,1,0,1,20090919.0,Toledo,Toledo,28.76,ITT,Individual Time Trial,,,,,,,,,,,,,,,,,,,,
VAE2009S21,21,21.0,Vuelta a España,2009,1,0,1,20090920.0,Rivas-Vaciamadrid,Madrid,109.05,IRR,Plain,,,,,,,,,,,,,,,,,,,,
VAE2009R01,,,Vuelta a España,2009,1,0,0,,,,,,,3295.07,21.0,156.91,4.0,6.0,4.0,5.0,0.0,7.0,0.0,3.0,63.97,0.0,0.0,49.0,3.0,11.0,14.0,17.0,4.0
VAE2010S01,1,1.0,Vuelta a España,2010,1,0,1,20100828.0,Siviglia,Siviglia,13.17,IRR,Team time trial,,,,,,,,,,,,,,,,,,,,
VAE2010S02,2,2.0,Vuelta a España,2010,1,0,1,20100829.0,Alcalá de Guadaíra,Marbella,173.88,IRR,Plain,,,,,,,,,,,,,,,,,,,,
VAE2010S03,3,3.0,Vuelta a España,2010,1,0,1,20100830.0,Marbella,Malaga,158.54,IRR,Medium Mountain,,,,,,,,,,,,,,,,,,,,
VAE2010S04,4,4.0,Vuelta a España,2010,1,0,1,20100831.0,Malaga,Valdepeñas de Jaén,183.23,IRR,Medium Mountain,,,,,,,,,,,,,,,,,,,,
VAE2010S05,5,5.0,Vuelta a España,2010,1,0,1,20100901.0,Guadix,Lorca,199.88,IRR,Plain,,,,,,,,,,,,,,,,,,,,
VAE2010S06,6,6.0,Vuelta a España,2010,1,0,1,20100902.0,Caravace de la Cruz,Murcia,153.77,IRR,Plain,,,,,,,,,,,,,,,,,,,,
VAE2010S07,7,7.0,Vuelta a España,2010,1,0,1,20100903.0,Murcia,Orihuela,189.79,IRR,Plain,,,,,,,,,,,,,,,,,,,,
VAE2010S08,8,8.0,Vuelta a España,2010,1,0,1,20100904.0,Villena,Xorret del Catí,197.51,IRR,Medium Mountain,,,,,,,,,,,,,,,,,,,,
VAE2010S09,9,9.0,Vuelta a España,2010,1,0,1,20100905.0,Calp,Alcoy,191.19,IRR,Medium Mountain,,,,,,,,,,,,,,,,,,,,
VAE2010S10,10,10.0,Vuelta a España,2010,1,0,1,20100907.0,Tarragona,Vilanova i la Geltrú,179.8,IRR,Plain,,,,,,,,,,,,,,,,,,,,
VAE2010S11,11,11.0,Vuelta a España,2010,1,0,1,20100908.0,Vilanova i la Geltrú,Andorra (Pal),212.16,IRR,Medium Mountain,,,,,,,,,,,,,,,,,,,,
VAE2010S12,12,12.0,Vuelta a España,2010,1,0,1,20100909.0,Andorre la Vella,Lleida,179.78,IRR,Plain,,,,,,,,,,,,,,,,,,,,
VAE2010S13,13,13.0,Vuelta a España,2010,1,0,1,20100910.0,Rincón de Soto,Burgos,197.6,IRR,Plain,,,,,,,,,,,,,,,,,,,,
VAE2010S14,14,14.0,Vuelta a España,2010,1,0,1,20100911.0,Burgos,Peña Cabarga,178.28,IRR,High mountain,,,,,,,,,,,,,,,,,,,,
VAE2010S15,15,15.0,Vuelta a España,2010,1,0,1,20100912.0,Solares,Lagos de Covadonga,182.27,IRR,High mountain,,,,,,,,,,,,,,,,,,,,
VAE2010S16,16,16.0,Vuelta a España,2010,1,0,1,20100913.0,Gijón,Cotobello,181.54,IRR,High mountain,,,,,,,,,,,,,,,,,,,,
VAE2010S17,17,17.0,Vuelta a España,2010,1,0,1,20100915.0,Peñafiel,Peñafiel,46.09,ITT,Individual Time Trial,,,,,,,,,,,,,,,,,,,,
VAE2010S18,18,18.0,Vuelta a España,2010,1,0,1,20100916.0,Valladolid,Salamanca,152.8,IRR,Plain,,,,,,,,,,,,,,,,,,,,
VAE2010S19,19,19.0,Vuelta a España,2010,1,0,1,20100917.0,Piedrahita,Toledo,227.33,IRR,Plain,,,,,,,,,,,,,,,,,,,,
VAE2010S20,20,20.0,Vuelta a España,2010,1,0,1,20100918.0,San Martín de Valdeiglesias,Bola del Mundo,171.19,IRR,High mountain,,,,,,,,,,,,,,,,,,,,
VAE2010S21,21,21.0,Vuelta a España,2010,1,0,1,20100919.0,San Sebastián de los Reyes,Madrid,94.73,IRR,Plain,,,,,,,,,,,,,,,,,,,,
VAE2010R01,,,Vuelta a España,2010,1,0,0,,,,,,,3464.53,21.0,164.98,5.0,4.0,4.0,5.0,1.0,10.0,0.0,1.0,46.09,1.0,13.17,40.0,1.0,7.0,15.0,13.0,0.0
VAE2011S01,1,1.0,Vuelta a España,2011,1,0,1,20110820.0,Benidorm,Benidorm,13.72,IRR,Team time trial,,,,,,,,,,,,,,,,,,,,
VAE2011S02,2,2.0,Vuelta a España,2011,1,0,1,20110821.0,La Nucia,Playas de Orihuela,171.92,IRR,Plain,,,,,,,,,,,,,,,,,,,,
VAE2011S03,3,3.0,Vuelta a España,2011,1,0,1,20110822.0,Petrer,Totana,163.99,IRR,Medium Mountain,,,,,,,,,,,,,,,,,,,,
VAE2011S04,4,4.0,Vuelta a España,2011,1,0,1,20110823.0,Baza,Sierra Nevada,170.69,IRR,High mountain,,,,,,,,,,,,,,,,,,,,
VAE2011S05,5,5.0,Vuelta a España,2011,1,0,1,20110824.0,Sierra Nevada,Valdepenas de Jaen,187.18,IRR,Medium Mountain,,,,,,,,,,,,,,,,,,,,
VAE2011S06,6,6.0,Vuelta a España,2011,1,0,1,20110825.0,Ubeda,Cordoba,191.52,IRR,Medium Mountain,,,,,,,,,,,,,,,,,,,,
VAE2011S07,7,7.0,Vuelta a España,2011,1,0,1,20110826.0,Almaden,Talavera de la Reina,182.79,IRR,Plain,,,,,,,,,,,,,,,,,,,,
VAE2011S08,8,8.0,Vuelta a España,2011,1,0,1,20110827.0,Talavera de la Reina,San Lorenzo de El Escorial,176.11,IRR,Medium Mountain,,,,,,,,,,,,,,,,,,,,
VAE2011S09,9,9.0,Vuelta a España,2011,1,0,1,20110828.0,Villacastina,Sierra de Bejar La Covatilla,178.41,IRR,High mountain,,,,,,,,,,,,,,,,,,,,
VAE2011S10,10,10.0,Vuelta a España,2011,1,0,1,20110829.0,Salamanca,Salamanca,47.6,ITT,Individual Time Trial,,,,,,,,,,,,,,,,,,,,
VAE2011S11,11,11.0,Vuelta a España,2011,1,0,1,20110831.0,Verin,Estacion de Montana Manzaneda,168.71,IRR,High mountain,,,,,,,,,,,,,,,,,,,,
VAE2011S12,12,12.0,Vuelta a España,2011,1,0,1,20110901.0,Ponteareas,Pontevedra,168.91,IRR,Plain,,,,,,,,,,,,,,,,,,,,
VAE2011S13,13,13.0,Vuelta a España,2011,1,0,1,20110902.0,Sarria,Ponferrada,161.45,IRR,Medium Mountain,,,,,,,,,,,,,,,,,,,,
VAE2011S14,14,14.0,Vuelta a España,2011,1,0,1,20110903.0,Astorga,La Farrapona Lagos de Somiedo,175.8,IRR,High mountain,,,,,,,,,,,,,,,,,,,,
VAE2011S15,15,15.0,Vuelta a España,2011,1,0,1,20110904.0,Aviles,Alto de l'Angliru,141.41,IRR,High mountain,,,,,,,,,,,,,,,,,,,,
VAE2011S16,16,16.0,Vuelta a España,2011,1,0,1,20110906.0,Villa Romana la Olmeda (Palencia),Haro,203.26,IRR,Plain,,,,,,,,,,,,,,,,,,,,
VAE2011S17,17,17.0,Vuelta a España,2011,1,0,1,20110907.0,Faustino V,Pena Cabarga,210.66,IRR,Medium Mountain,,,,,,,,,,,,,,,,,,,,
VAE2011S18,18,18.0,Vuelta a España,2011,1,0,1,20110908.0,Solares,Noja,173.6,IRR,Medium Mountain,,,,,,,,,,,,,,,,,,,,
VAE2011S19,19,19.0,Vuelta a España,2011,1,0,1,20110909.0,Noja,Bilbao,158.8,IRR,Medium Mountain,,,,,,,,,,,,,,,,,,,,
VAE2011S20,20,20.0,Vuelta a España,2011,1,0,1,20110910.0,Bilbao,Vitoria,183.92,IRR,Medium Mountain,,,,,,,,,,,,,,,,,,,,
VAE2011S21,21,21.0,Vuelta a España,2011,1,0,1,20110911.0,Circuito del Jarama,Madrid,97.34,IRR,Plain,,,,,,,,,,,,,,,,,,,,
VAE2011R01,,,Vuelta a España,2011,1,0,0,,,,,,,3327.79,21.0,158.47,6.0,5.0,5.0,9.0,1.0,5.0,0.0,1.0,47.6,1.0,13.72,47.0,0.0,9.0,13.0,19.0,0.0
VAE2012S01,1,1.0,Vuelta a España,2012,1,0,1,20120818.0,Pamplona,Pamplona,17.12,IRR,Team time trial,,,,,,,,,,,,,,,,,,,,
VAE2012S02,2,2.0,Vuelta a España,2012,1,0,1,20120819.0,Pamplona,Viana,185.96,IRR,Plain,,,,,,,,,,,,,,,,,,,,
VAE2012S03,3,3.0,Vuelta a España,2012,1,0,1,20120820.0,Faustino V,Eibar (Arrete),155.78,IRR,Medium Mountain,,,,,,,,,,,,,,,,,,,,
VAE2012S04,4,4.0,Vuelta a España,2012,1,0,1,20120821.0,Barakaldo,Estación de Valdezcaray,161.26,IRR,Medium Mountain,,,,,,,,,,,,,,,,,,,,
VAE2012S05,5,5.0,Vuelta a España,2012,1,0,1,20120822.0,Logroño,Logroño,168.25,IRR,Plain,,,,,,,,,,,,,,,,,,,,
VAE2012S06,6,6.0,Vuelta a España,2012,1,0,1,20120823.0,Tarazona,Jaca,176.31,IRR,Medium Mountain,,,,,,,,,,,,,,,,,,,,
VAE2012S07,7,7.0,Vuelta a España,2012,1,0,1,20120824.0,Huesca,MotorLand Aragón,165.86,IRR,Plain,,,,,,,,,,,,,,,,,,,,
VAE2012S08,8,8.0,Vuelta a España,2012,1,0,1,20120825.0,Lleida,Andorra - Collada de la Gallina,177.17,IRR,High mountain,,,,,,,,,,,,,,,,,,,,
VAE2012S09,9,9.0,Vuelta a España,2012,1,0,1,20120826.0,Andorra,Barcellona,199.29,IRR,Plain,,,,,,,,,,,,,,,,,,,,
VAE2012S10,10,10.0,Vuelta a España,2012,1,0,1,20120828.0,Ponteareas,Sanxenxo,202.05,IRR,Plain,,,,,,,,,,,,,,,,,,,,
VAE2012S11,11,11.0,Vuelta a España,2012,1,0,1,20120829.0,Cambados,Pontevedra,41.13,ITT,Individual Time Trial,,,,,,,,,,,,,,,,,,,,
VAE2012S12,12,12.0,Vuelta a España,2012,1,0,1,20120830.0,Vilagarcía de Arousa,Mirador de Ézaro,193.47,IRR,Plain,,,,,,,,,,,,,,,,,,,,
VAE2012S13,13,13.0,Vuelta a España,2012,1,0,1,20120831.0,Santiago de Compostela,Ferrol,174.8,IRR,Plain,,,,,,,,,,,,,,,,,,,,
VAE2012S14,14,14.0,Vuelta a España,2012,1,0,1,20120901.0,Palas de Rei,Puerto de Ancares,150.37,IRR,High mountain,,,,,,,,,,,,,,,,,,,,
VAE2012S15,15,15.0,Vuelta a España,2012,1,0,1,20120902.0,La Robla,Lagos de Covadonga,186.6,IRR,High mountain,,,,,,,,,,,,,,,,,,,,
VAE2012S16,16,16.0,Vuelta a España,2012,1,0,1,20120903.0,Gijón,Valgrande-Pajares,187.43,IRR,High mountain,,,,,,,,,,,,,,,,,,,,
VAE2012S17,17,17.0,Vuelta a España,2012,1,0,1,20120905.0,Santander,Fuente Dé,190.75,IRR,Medium Mountain,,,,,,,,,,,,,,,,,,,,
VAE2012S18,18,18.0,Vuelta a España,2012,1,0,1,20120906.0,Aguilar de Campóo,Valladolid,205.76,IRR,Plain,,,,,,,,,,,,,,,,,,,,
VAE2012S19,19,19.0,Vuelta a España,2012,1,0,1,20120907.0,Peñafiel,La Lastrilla,178.0,IRR,Plain,,,,,,,,,,,,,,,,,,,,
VAE2012S20,20,20.0,Vuelta a España,2012,1,0,1,20120908.0,La Faisanera Golf,Bola del Mundo,170.83,IRR,High mountain,,,,,,,,,,,,,,,,,,,,
VAE2012S21,21,21.0,Vuelta a España,2012,1,0,1,20120909.0,Cercedilla,Madrid,113.2,IRR,Plain,,,,,,,,,,,,,,,,,,,,
VAE2012R01,,,Vuelta a España,2012,1,0,0,,,,,,,3401.39,21.0,161.97,10.0,5.0,5.0,4.0,4.0,10.0,1.0,1.0,41.13,1.0,17.12,36.0,3.0,12.0,7.0,14.0,0.0
VAE2013S01,1,1.0,Vuelta a España,2013,1,0,1,20130824.0,Vilanova de Arousa,Sanxenxo,27.58,IRR,Team time trial,,,,,,,,,,,,,,,,,,,,
VAE2013S02,2,2.0,Vuelta a España,2013,1,0,1,20130825.0,Pontevedra,Baiona.Alto do Monte da Groba,177.22,IRR,Medium Mountain,,,,,,,,,,,,,,,,,,,,
VAE2013S03,3,3.0,Vuelta a España,2013,1,0,1,20130826.0,Vigo,Mirador de Lobeira.Vilagarcia de Arousa,184.26,IRR,Plain,,,,,,,,,,,,,,,,,,,,
VAE2013S04,4,4.0,Vuelta a España,2013,1,0,1,20130827.0,Lalin.A Estrada,Fisterra.La Etapa del fin del Mundo,188.04,IRR,Medium Mountain,,,,,,,,,,,,,,,,,,,,
VAE2013S05,5,5.0,Vuelta a España,2013,1,0,1,20130828.0,Sober,Lago de Sanabria,174.17,IRR,Medium Mountain,,,,,,,,,,,,,,,,,,,,
VAE2013S06,6,6.0,Vuelta a España,2013,1,0,1,20130829.0,Guijuelo,Caceres,174.78,IRR,Plain,,,,,,,,,,,,,,,,,,,,
VAE2013S07,7,7.0,Vuelta a España,2013,1,0,1,20130830.0,Almendralejo,Mairena del Aljarafe,207.85,IRR,Plain,,,,,,,,,,,,,,,,,,,,
VAE2013S08,8,8.0,Vuelta a España,2013,1,0,1,20130831.0,Jerez de la Frontera,Estepona.Alto de Penas Blancas,164.4,IRR,Medium Mountain,,,,,,,,,,,,,,,,,,,,
VAE2013S09,9,9.0,Vuelta a España,2013,1,0,1,20130901.0,Antequera,Valdepenas de Jaén,164.52,IRR,Medium Mountain,,,,,,,,,,,,,,,,,,,,
VAE2013S10,10,10.0,Vuelta a España,2013,1,0,1,20130902.0,Torredelcampo,Guéjar Serra.Alto de Hazallanas,186.98,IRR,High mountain,,,,,,,,,,,,,,,,,,,,
VAE2013S11,11,11.0,Vuelta a España,2013,1,0,1,20130904.0,Tarazona,Tarazona,38.77,ITT,Individual Time Trial,,,,,,,,,,,,,,,,,,,,
VAE2013S12,12,12.0,Vuelta a España,2013,1,0,1,20130905.0,Maella,Tarragona,163.47,IRR,Plain,,,,,,,,,,,,,,,,,,,,
VAE2013S13,13,13.0,Vuelta a España,2013,1,0,1,20130913.0,Valls,Castelldefels,169.92,IRR,Medium Mountain,,,,,,,,,,,,,,,,,,,,
VAE2013S14,14,14.0,Vuelta a España,2013,1,0,1,20130907.0,Bagà,Andorra.Collada de la Gallina,157.28,IRR,High mountain,,,,,,,,,,,,,,,,,,,,
VAE2013S15,15,15.0,Vuelta a España,2013,1,0,1,20130908.0,Andorra,Peyragudes,223.98,IRR,High mountain,,,,,,,,,,,,,,,,,,,,
VAE2013S16,16,16.0,Vuelta a España,2013,1,0,1,20130909.0,Graus,Sallent de Gallego.Aramon Formigal,146.61,IRR,High mountain,,,,,,,,,,,,,,,,,,,,
VAE2013S17,17,17.0,Vuelta a España,2013,1,0,1,20130911.0,Calahorra,Burgos,188.71,IRR,Plain,,,,,,,,,,,,,,,,,,,,
VAE2013S18,18,18.0,Vuelta a España,2013,1,0,1,20130912.0,Burgos,Pena Cabarga,186.17,IRR,High mountain,,,,,,,,,,,,,,,,,,,,
VAE2013S19,19,19.0,Vuelta a España,2013,1,0,1,20130913.0,San Vicente de la Barquera,Oviedo.Alto del Naranco,181.86,IRR,Medium Mountain,,,,,,,,,,,,,,,,,,,,
VAE2013S20,20,20.0,Vuelta a España,2013,1,0,1,20130914.0,Avilés,Alto de l'Angliru,143.27,IRR,High mountain,,,,,,,,,,,,,,,,,,,,
VAE2013S21,21,21.0,Vuelta a España,2013,1,0,1,20130915.0,Leganes,Madrid,110.38,IRR,Plain,,,,,,,,,,,,,,,,,,,,
VAE2013R01,,,Vuelta a España,2013,1,0,0,,,,,,,3360.22,21.0,160.01,10.0,6.0,6.0,7.0,3.0,6.0,1.0,1.0,38.77,1.0,27.58,39.0,4.0,11.0,7.0,17.0,0.0
VAE2014S01,1,1.0,Vuelta a España,2014,1,0,1,20140823.0,Jerez de la Frontera,Jerez de la Frontera,12.87,IRR,Team time trial,,,,,,,,,,,,,,,,,,,,
VAE2014S02,2,2.0,Vuelta a España,2014,1,0,1,20140824.0,Algeciras,San Fernando,174.4,IRR,Plain,,,,,,,,,,,,,,,,,,,,
VAE2014S03,3,3.0,Vuelta a España,2014,1,0,1,20140825.0,Cadiz,Arcos de la Frontera,197.65,IRR,Medium Mountain,,,,,,,,,,,,,,,,,,,,
VAE2014S04,4,4.0,Vuelta a España,2014,1,0,1,20140826.0,Mairena del Alcor,Cordoba,163.69,IRR,Medium Mountain,,,,,,,,,,,,,,,,,,,,
VAE2014S05,5,5.0,Vuelta a España,2014,1,0,1,20140827.0,Priego de Cordoba,Ronda,182.43,IRR,Plain,,,,,,,,,,,,,,,,,,,,
VAE2014S06,6,6.0,Vuelta a España,2014,1,0,1,20140828.0,Benalmadena,La Zubia,167.28,IRR,Medium Mountain,,,,,,,,,,,,,,,,,,,,
VAE2014S07,7,7.0,Vuelta a España,2014,1,0,1,20140829.0,Alhendin,Alcaudete,170.98,IRR,Medium Mountain,,,,,,,,,,,,,,,,,,,,
VAE2014S08,8,8.0,Vuelta a España,2014,1,0,1,20140830.0,Baeza,Albacete,207.0,IRR,Plain,,,,,,,,,,,,,,,,,,,,
VAE2014S09,9,9.0,Vuelta a España,2014,1,0,1,20140831.0,Carboneras de Guadazaon,Aramon Valdelinares,185.0,IRR,Medium Mountain,,,,,,,,,,,,,,,,,,,,
VAE2014S10,10,10.0,Vuelta a España,2014,1,0,1,20140902.0,Real Monastero de Santa Maria de Veruel,Borja,36.98,ITT,Individual Time Trial,,,,,,,,,,,,,,,,,,,,
VAE2014S11,11,11.0,Vuelta a España,2014,1,0,1,20140903.0,Pamplona,Santuario de San Miguel de Aralar,153.4,IRR,Plain,,,,,,,,,,,,,,,,,,,,
VAE2014S12,12,12.0,Vuelta a España,2014,1,0,1,20140904.0,Logrono,Logrono,168.43,IRR,Plain,,,,,,,,,,,,,,,,,,,,
VAE2014S13,13,13.0,Vuelta a España,2014,1,0,1,20140905.0,Belorado,Obregon Parque de Cabarceno,189.44,IRR,Medium Mountain,,,,,,,,,,,,,,,,,,,,
VAE2014S14,14,14.0,Vuelta a España,2014,1,0,1,20140906.0,Santander,La Camperona Valle de Sabero,200.68,IRR,Medium Mountain,,,,,,,,,,,,,,,,,,,,
VAE2014S15,15,15.0,Vuelta a España,2014,1,0,1,20140907.0,Oviedo,Lagos de Covadonga,151.4,IRR,High mountain,,,,,,,,,,,,,,,,,,,,
VAE2014S16,16,16.0,Vuelta a España,2014,1,0,1,20140908.0,San Martin del Rey Aurelio,La Farrapona Lagos de Somiedo,160.5,IRR,High mountain,,,,,,,,,,,,,,,,,,,,
VAE2014S17,17,17.0,Vuelta a España,2014,1,0,1,20140910.0,Ortigueira,A Coruna,190.7,IRR,Plain,,,,,,,,,,,,,,,,,,,,
VAE2014S18,18,18.0,Vuelta a España,2014,1,0,1,20140911.0,A Estrada,Monte Castrove Meis,157.55,IRR,Medium Mountain,,,,,,,,,,,,,,,,,,,,
VAE2014S19,19,19.0,Vuelta a España,2014,1,0,1,20140912.0,Salvaterra do Mino,Cangas do Morrazo,180.5,IRR,Medium Mountain,,,,,,,,,,,,,,,,,,,,
VAE2014S20,20,20.0,Vuelta a España,2014,1,0,1,20140913.0,Santo Estevo de Ribas de Sil,Puerto de Ancares,185.45,IRR,High mountain,,,,,,,,,,,,,,,,,,,,
VAE2014S21,21,21.0,Vuelta a España,2014,1,0,1,20140914.0,Santiago de Compostela,Santiago de Compostela,9.86,ITT,Individual Time Trial,,,,,,,,,,,,,,,,,,,,
VAE2014R01,,,Vuelta a España,2014,1,0,0,,,,,,,3246.19,21.0,154.58,8.0,3.0,3.0,9.0,4.0,6.0,1.0,2.0,46.84,1.0,12.87,40.0,2.0,10.0,13.0,15.0,0.0
VAE2015S01,1,1.0,Vuelta a España,2015,1,0,1,20150822.0,Puerto Banua,Marbella,7.43,IRR,Team time trial,,,,,,,,,,,,,,,,,,,,
VAE2015S02,2,2.0,Vuelta a España,2015,1,0,1,20150823.0,Alhaurín de la Torre,Caminito Del Rey,159.78,IRR,Medium Mountain,,,,,,,,,,,,,,,,,,,,
VAE2015S03,3,3.0,Vuelta a España,2015,1,0,1,20150824.0,Mijas,Malaga,161.14,IRR,Plain,,,,,,,,,,,,,,,,,,,,
VAE2015S04,4,4.0,Vuelta a España,2015,1,0,1,20150825.0,Espona,Vejer de la Frontera,211.35,IRR,Plain,,,,,,,,,,,,,,,,,,,,
VAE2015S05,5,5.0,Vuelta a España,2015,1,0,1,20150826.0,Rota,Alcala de Guadaira,167.35,IRR,Plain,,,,,,,,,,,,,,,,,,,,
VAE2015S06,6,6.0,Vuelta a España,2015,1,0,1,20150827.0,Cordoba,Sierra De Cazorla,202.2,IRR,Medium Mountain,,,,,,,,,,,,,,,,,,,,
VAE2015S07,7,7.0,Vuelta a España,2015,1,0,1,20150828.0,Jodar,La Alpujarra,192.43,IRR,Medium Mountain,,,,,,,,,,,,,,,,,,,,
VAE2015S08,8,8.0,Vuelta a España,2015,1,0,1,20150829.0,Puebla de Don Fadrique,Murcia,176.34,IRR,Plain,,,,,,,,,,,,,,,,,,,,
VAE2015S09,9,9.0,Vuelta a España,2015,1,0,1,20150830.0,Torrevieja,"Alto de Puig Llorença,Cumbre Del Sol",169.64,IRR,Medium Mountain,,,,,,,,,,,,,,,,,,,,
VAE2015S10,10,10.0,Vuelta a España,2015,1,0,1,20150831.0,Valencia,Castellon,146.53,IRR,Plain,,,,,,,,,,,,,,,,,,,,
VAE2015S11,11,11.0,Vuelta a España,2015,1,0,1,20150902.0,Andorra La Vella,Cortals D' Encamp,139.77,IRR,High mountain,,,,,,,,,,,,,,,,,,,,
VAE2015S12,12,12.0,Vuelta a España,2015,1,0,1,20150903.0,Escaldes,Lleida,173.39,IRR,Plain,,,,,,,,,,,,,,,,,,,,
VAE2015S13,13,13.0,Vuelta a España,2015,1,0,1,20150904.0,Caltayud,Tarazona,179.72,IRR,Plain,,,,,,,,,,,,,,,,,,,,
VAE2015S14,14,14.0,Vuelta a España,2015,1,0,1,20150905.0,Vitoria-Gasteiz,Alto Camoo Fuente del Chivo,215.0,IRR,High mountain,,,,,,,,,,,,,,,,,,,,
VAE2015S15,15,15.0,Vuelta a España,2015,1,0,1,20150906.0,Comillas,Sobres.Cabrales,175.76,IRR,Medium Mountain,,,,,,,,,,,,,,,,,,,,
VAE2015S16,16,16.0,Vuelta a España,2015,1,0,1,20150907.0,Luarca,Ermita de Alba Quiros,187.76,IRR,High mountain,,,,,,,,,,,,,,,,,,,,
VAE2015S17,17,17.0,Vuelta a España,2015,1,0,1,20150909.0,Burgos,Burgos,38.61,ITT,Individual Time Trial,,,,,,,,,,,,,,,,,,,,
VAE2015S18,18,18.0,Vuelta a España,2015,1,0,1,20150910.0,Roa,Riaza,207.29,IRR,Medium Mountain,,,,,,,,,,,,,,,,,,,,
VAE2015S19,19,19.0,Vuelta a España,2015,1,0,1,20150911.0,Medina Del Campo,Avila,183.85,IRR,Medium Mountain,,,,,,,,,,,,,,,,,,,,
VAE2015S20,20,20.0,Vuelta a España,2015,1,0,1,20150912.0,San Lorenzo de El Escorial,Cercedilla,175.7,IRR,High mountain,,,,,,,,,,,,,,,,,,,,
VAE2015S21,21,21.0,Vuelta a España,2015,1,0,1,20150913.0,Alcalá de Henares,Madrid,97.31,IRR,Plain,,,,,,,,,,,,,,,,,,,,
VAE2015R01,,,Vuelta a España,2015,1,0,0,,,,,,,3368.35,21.0,160.4,8.0,4.0,3.0,7.0,5.0,8.0,0.0,1.0,38.61,1.0,7.43,45.0,3.0,16.0,9.0,17.0,0.0
VAE2016S01,1,1.0,Vuelta a España,2016,1,0,1,20160820.0,Ourense(Balneario de Lailas),Parque Nautico de Castrelo de Miño,28.03,IRR,Team time trial,,,,,,,,,,,,,,,,,,,,
VAE2016S02,2,2.0,Vuelta a España,2016,1,0,1,20160821.0,Ourense,Baiona,160.73,IRR,Plain,,,,,,,,,,,,,,,,,,,,
VAE2016S03,3,3.0,Vuelta a España,2016,1,0,1,20160822.0,Marín,Mirador de Izaro,176.37,IRR,Medium Mountain,,,,,,,,,,,,,,,,,,,,
VAE2016S04,4,4.0,Vuelta a España,2016,1,0,1,20160823.0,Betanzos,San Andrés de Texeido,164.38,IRR,Medium Mountain,,,,,,,,,,,,,,,,,,,,
VAE2016S05,5,5.0,Vuelta a España,2016,1,0,1,20160824.0,Viveiro,Lugo,171.86,IRR,Plain,,,,,,,,,,,,,,,,,,,,
VAE2016S06,6,6.0,Vuelta a España,2016,1,0,1,20160825.0,Monforte de Lemos,Luintra,159.37,IRR,Medium Mountain,,,,,,,,,,,,,,,,,,,,
VAE2016S07,7,7.0,Vuelta a España,2016,1,0,1,20160826.0,Maceda,Puebla de Sanabria,158.17,IRR,Plain,,,,,,,,,,,,,,,,,,,,
VAE2016S08,8,8.0,Vuelta a España,2016,1,0,1,20160827.0,Villalpando,La Camperona. Valle de Sabero,181.47,IRR,Medium Mountain,,,,,,,,,,,,,,,,,,,,
VAE2016S09,9,9.0,Vuelta a España,2016,1,0,1,20160828.0,Cistierna,Oviedo. Alto del Naranco,166.19,IRR,Medium Mountain,,,,,,,,,,,,,,,,,,,,
VAE2016S10,10,10.0,Vuelta a España,2016,1,0,1,20160829.0,Lugones,Lagos de Covadonga,188.65,IRR,High mountain,,,,,,,,,,,,,,,,,,,,
VAE2016S11,11,11.0,Vuelta a España,2016,1,0,1,20160831.0,Colunga. Museo Jurásico,Peña Cabarga,164.99,IRR,Medium Mountain,,,,,,,,,,,,,,,,,,,,
VAE2016S12,12,12.0,Vuelta a España,2016,1,0,1,20160901.0,Los Corrales de Buelna,Bilbao,193.78,IRR,Medium Mountain,,,,,,,,,,,,,,,,,,,,
VAE2016S13,13,13.0,Vuelta a España,2016,1,0,1,20160902.0,Bilbao,Urdax-Dantxarinea,212.62,IRR,Medium Mountain,,,,,,,,,,,,,,,,,,,,
VAE2016S14,14,14.0,Vuelta a España,2016,1,0,1,20160903.0,Urdax,Aubisque - Gourette,197.2,IRR,High mountain,,,,,,,,,,,,,,,,,,,,
VAE2016S15,15,15.0,Vuelta a España,2016,1,0,1,20160904.0,Sabiñànigo,Sallent de Gallego - Aramon Formigal,113.66,IRR,High mountain,,,,,,,,,,,,,,,,,,,,
VAE2016S16,16,16.0,Vuelta a España,2016,1,0,1,20160905.0,Alcañiz,Peñìscola,156.9,IRR,Plain,,,,,,,,,,,,,,,,,,,,
VAE2016S17,17,17.0,Vuelta a España,2016,1,0,1,20160907.0,Castellón,Llucena. Camins del Penygolosa,177.48,IRR,Medium Mountain,,,,,,,,,,,,,,,,,,,,
VAE2016S18,18,18.0,Vuelta a España,2016,1,0,1,20160908.0,Requena,Gandìa,200.95,IRR,Plain,,,,,,,,,,,,,,,,,,,,
VAE2016S19,19,19.0,Vuelta a España,2016,1,0,1,20160909.0,Xàbia,Calp,36.52,ITT,Individual Time Trial,,,,,,,,,,,,,,,,,,,,
VAE2016S20,20,20.0,Vuelta a España,2016,1,0,1,20160910.0,Benidorm,Alto de Aitana,199.8,IRR,High mountain,,,,,,,,,,,,,,,,,,,,
VAE2016S21,21,21.0,Vuelta a España,2016,1,0,1,20160911.0,Las Rozas,Madrid,104.9,IRR,Plain,,,,,,,,,,,,,,,,,,,,
VAE2016R01,,,Vuelta a España,2016,1,0,0,,,,,,,3314.02,21.0,157.81,8.0,4.0,4.0,9.0,4.0,6.0,0.0,1.0,36.52,1.0,28.03,48.0,3.0,9.0,15.0,21.0,0.0
VAE2017S01,1,1.0,Vuelta a España,2017,1,0,1,20170819.0,Nîmes,Nîmes,13.83,IRR,Team time trial,,,,,,,,,,,,,,,,,,,,
VAE2017S02,2,2.0,Vuelta a España,2017,1,0,1,20170820.0,Nîmes,Gruissan,206.65,IRR,Plain,,,,,,,,,,,,,,,,,,,,
VAE2017S03,3,3.0,Vuelta a España,2017,1,0,1,20170821.0,Prades Conflent Canigó,Andorra La Vella,162.92,IRR,Medium Mountain,,,,,,,,,,,,,,,,,,,,
VAE2017S04,4,4.0,Vuelta a España,2017,1,0,1,20170822.0,Escaldes-Engordany,Tarragona. Anella Mediterránea 2018,199.96,IRR,Plain,,,,,,,,,,,,,,,,,,,,
VAE2017S05,5,5.0,Vuelta a España,2017,1,0,1,20170823.0,Benicàssim,Alcossebre,175.06,IRR,Medium Mountain,,,,,,,,,,,,,,,,,,,,
VAE2017S06,6,6.0,Vuelta a España,2017,1,0,1,20170824.0,Vila-real,Sagunt,203.35,IRR,Medium Mountain,,,,,,,,,,,,,,,,,,,,
VAE2017S07,7,7.0,Vuelta a España,2017,1,0,1,20170825.0,Llíria,Cuenca,208.78,IRR,Plain,,,,,,,,,,,,,,,,,,,,
VAE2017S08,8,8.0,Vuelta a España,2017,1,0,1,20170826.0,Hellín,Xorret de Catí,203.05,IRR,Medium Mountain,,,,,,,,,,,,,,,,,,,,
VAE2017S09,9,9.0,Vuelta a España,2017,1,0,1,20170827.0,Orihuela,Cumbre del Sol(Alto de Puig Llorença),174.39,IRR,Medium Mountain,,,,,,,,,,,,,,,,,,,,
VAE2017S10,10,10.0,Vuelta a España,2017,1,0,1,20170829.0,Caravaca,ElPozo Alimentación,162.91,IRR,Medium Mountain,,,,,,,,,,,,,,,,,,,,
VAE2017S11,11,11.0,Vuelta a España,2017,1,0,1,20170830.0,Lorca,Observ. de Calar Alto,188.97,IRR,High mountain,,,,,,,,,,,,,,,,,,,,
VAE2017S12,12,12.0,Vuelta a España,2017,1,0,1,20170831.0,Motril,Antequera. Los Dólmenes,160.02,IRR,Medium Mountain,,,,,,,,,,,,,,,,,,,,
VAE2017S13,13,13.0,Vuelta a España,2017,1,0,1,20170901.0,Coín,Tomares,198.87,IRR,Plain,,,,,,,,,,,,,,,,,,,,
VAE2017S14,14,14.0,Vuelta a España,2017,1,0,1,20170902.0,Écija,Sierra de la Pandera,175.59,IRR,High mountain,,,,,,,,,,,,,,,,,,,,
VAE2017S15,15,15.0,Vuelta a España,2017,1,0,1,20170903.0,Alcalà la Real,Sierra Nevada,127.51,IRR,High mountain,,,,,,,,,,,,,,,,,,,,
VAE2017S16,16,16.0,Vuelta a España,2017,1,0,1,20170905.0,Circuito de Navarra,Logroño,40.08,ITT,Individual Time Trial,,,,,,,,,,,,,,,,,,,,
VAE2017S17,17,17.0,Vuelta a España,2017,1,0,1,20170906.0,Villadiego,Los Machucos. Monumento Vaca Pasiega,181.46,IRR,Medium Mountain,,,,,,,,,,,,,,,,,,,,
VAE2017S18,18,18.0,Vuelta a España,2017,1,0,1,20170907.0,Suances,Santo Toribio de Liebana,169.3,IRR,Medium Mountain,,,,,,,,,,,,,,,,,,,,
VAE2017S19,19,19.0,Vuelta a España,2017,1,0,1,20170908.0,Caso,Gijon,149.55,IRR,Medium Mountain,,,,,,,,,,,,,,,,,,,,
VAE2017S20,20,20.0,Vuelta a España,2017,1,0,1,20170909.0,Corvera de Asturias,Alto de l'Angliru,117.5,IRR,High mountain,,,,,,,,,,,,,,,,,,,,
VAE2017S21,21,21.0,Vuelta a España,2017,1,0,1,20170910.0,Arroyomolinos,Madrid,116.78,IRR,Plain,,,,,,,,,,,,,,,,,,,,
VAE2017R01,,,Vuelta a España,2017,1,0,0,,,,,,,3336.53,21.0,158.88,8.0,4.0,4.0,10.0,4.0,5.0,0.0,1.0,40.08,1.0,13.83,50.0,3.0,15.0,10.0,22.0,0.0
VAE2018S01,1,1.0,Vuelta a España,2018,1,0,1,20180825.0,Malaga,Malaga,8.27,ITT,Individual Time Trial,,,,,,,,,,,,,,,,,,,,
VAE2018S02,2,2.0,Vuelta a España,2018,1,0,1,20180826.0,Marbella,Caminito del Rey,164.68,IRR,Medium Mountain,,,,,,,,,,,,,,,,,,,,
VAE2018S03,3,3.0,Vuelta a España,2018,1,0,1,20180827.0,Mijas,Alhaurin de la Torre,179.17,IRR,Medium Mountain,,,,,,,,,,,,,,,,,,,,
VAE2018S04,4,4.0,Vuelta a España,2018,1,0,1,20180828.0,Vélez-Málaga,Alfacar. Sierra de la Alfaguara,161.49,IRR,Medium Mountain,,,,,,,,,,,,,,,,,,,,
VAE2018S05,5,5.0,Vuelta a España,2018,1,0,1,20180829.0,Granada,Roquetas de Mar,189.15,IRR,Medium Mountain,,,,,,,,,,,,,,,,,,,,
VAE2018S06,6,6.0,Vuelta a España,2018,1,0,1,20180830.0,Huércal-Overa,San Javier,155.95,IRR,Plain,,,,,,,,,,,,,,,,,,,,
VAE2018S07,7,7.0,Vuelta a España,2018,1,0,1,20180831.0,Puerto Lumbreras,Pozo Alcon,185.64,IRR,Plain,,,,,,,,,,,,,,,,,,,,
VAE2018S08,8,8.0,Vuelta a España,2018,1,0,1,20180901.0,Linares,Almadén,194.99,IRR,Plain,,,,,,,,,,,,,,,,,,,,
VAE2018S09,9,9.0,Vuelta a España,2018,1,0,1,20180902.0,Talavera de la Reina,La Covatilla,199.85,IRR,High mountain,,,,,,,,,,,,,,,,,,,,
VAE2018S10,10,10.0,Vuelta a España,2018,1,0,1,20180904.0,Salamanca,Fermoselle. Bermillo de Sayago,177.55,IRR,Plain,,,,,,,,,,,,,,,,,,,,
VAE2018S11,11,11.0,Vuelta a España,2018,1,0,1,20180905.0,Mombuey,Ribeira Sacra. Luintra,207.89,IRR,Medium Mountain,,,,,,,,,,,,,,,,,,,,
VAE2018S12,12,12.0,Vuelta a España,2018,1,0,1,20180906.0,Mondonedo,Faro de Estaca de Bares.Manon,181.57,IRR,Medium Mountain,,,,,,,,,,,,,,,,,,,,
VAE2018S13,13,13.0,Vuelta a España,2018,1,0,1,20180907.0,Candás. Carreño,Valle de Sabero. La Camperona,175.72,IRR,High mountain,,,,,,,,,,,,,,,,,,,,
VAE2018S14,14,14.0,Vuelta a España,2018,1,0,1,20180908.0,Cistierna,Les Praeres. Nava,171.63,IRR,High mountain,,,,,,,,,,,,,,,,,,,,
VAE2018S15,15,15.0,Vuelta a España,2018,1,0,1,20180909.0,Ribera de Arriba,Lagos de Covadonga,178.25,IRR,High mountain,,,,,,,,,,,,,,,,,,,,
VAE2018S16,16,16.0,Vuelta a España,2018,1,0,1,20180911.0,Santilana de Mar,Torrelavega,32.02,ITT,Individual Time Trial,,,,,,,,,,,,,,,,,,,,
VAE2018S17,17,17.0,Vuelta a España,2018,1,0,1,20180912.0,Getxo,Balcon de Bizkaia,157.58,IRR,High mountain,,,,,,,,,,,,,,,,,,,,
VAE2018S18,18,18.0,Vuelta a España,2018,1,0,1,20180913.0,Ejea de los Caballeros,Lleida,186.04,IRR,Plain,,,,,,,,,,,,,,,,,,,,
VAE2018S19,19,19.0,Vuelta a España,2018,1,0,1,20180914.0,Lleida,Andorra. Naturlandia,154.4,IRR,High mountain,,,,,,,,,,,,,,,,,,,,
VAE2018S20,20,20.0,Vuelta a España,2018,1,0,1,20180915.0,Andorra. Escaldes-Engordany,Coll de la Gallina. Canolich,97.71,IRR,High mountain,,,,,,,,,,,,,,,,,,,,
VAE2018S21,21,21.0,Vuelta a España,2018,1,0,1,20180916.0,Alcorcon,Madrid,99.99,IRR,Plain,,,,,,,,,,,,,,,,,,,,
VAE2018R01,,,Vuelta a España,2018,1,0,0,,,,,,,3259.54,21.0,155.22,9.0,7.0,7.0,6.0,2.0,6.0,0.0,2.0,40.29,0.0,0.0,51.0,3.0,16.0,6.0,26.0,0.0
VAE2019S01,1,1.0,Vuelta a España,2019,1,0,1,20190824.0,Salinas de Torrevieja,Torrevieja,13.26,IRR,Team time trial,,,,,,,,,,,,,,,,,,,,
VAE2019S02,2,2.0,Vuelta a España,2019,1,0,1,20190825.0,Benidorm,Calpe,200.64,IRR,Medium Mountain,,,,,,,,,,,,,,,,,,,,
VAE2019S03,3,3.0,Vuelta a España,2019,1,0,1,20190826.0,Ibi. Ciudad del Juguete,Alicante,188.28,IRR,Plain,,,,,,,,,,,,,,,,,,,,
VAE2019S04,4,4.0,Vuelta a España,2019,1,0,1,20190827.0,Cullera,El Puig,176.99,IRR,Plain,,,,,,,,,,,,,,,,,,,,
VAE2019S05,5,5.0,Vuelta a España,2019,1,0,1,20190828.0,L'Eliana,Observatorio Astrofisico de Javalambre,171.24,IRR,Medium Mountain,,,,,,,,,,,,,,,,,,,,
VAE2019S06,6,6.0,Vuelta a España,2019,1,0,1,20190829.0,Mora de Rubielos,Ares del Maestrat,198.47,IRR,Medium Mountain,,,,,,,,,,,,,,,,,,,,
VAE2019S07,7,7.0,Vuelta a España,2019,1,0,1,20190830.0,Onda,Mas de la Costa,184.95,IRR,High mountain,,,,,,,,,,,,,,,,,,,,
VAE2019S08,8,8.0,Vuelta a España,2019,1,0,1,20190831.0,Valls,Igualada,167.38,IRR,Medium Mountain,,,,,,,,,,,,,,,,,,,,
VAE2019S09,9,9.0,Vuelta a España,2019,1,0,1,20190901.0,Andorra la Vella,Cortals d'Encamp,95.67,IRR,High mountain,,,,,,,,,,,,,,,,,,,,
VAE2019S10,10,10.0,Vuelta a España,2019,1,0,1,20190903.0,Jurançon,Pau,36.26,ITT,Individual Time Trial,,,,,,,,,,,,,,,,,,,,
VAE2019S11,11,11.0,Vuelta a España,2019,1,0,1,20190904.0,Saint-Palais,Urdax-Dantxarinea,179.71,IRR,Medium Mountain,,,,,,,,,,,,,,,,,,,,
VAE2019S12,12,12.0,Vuelta a España,2019,1,0,1,20190905.0,Circuito de Navarra,Bilbao,171.61,IRR,Medium Mountain,,,,,,,,,,,,,,,,,,,,
VAE2019S13,13,13.0,Vuelta a España,2019,1,0,1,20190906.0,Bilbao,Los Machucos. Monumento Vaca Pasiega,166.59,IRR,High mountain,,,,,,,,,,,,,,,,,,,,
VAE2019S14,14,14.0,Vuelta a España,2019,1,0,1,20190907.0,San Vicente de la Barquera,Oviedo,187.98,IRR,Plain,,,,,,,,,,,,,,,,,,,,
VAE2019S15,15,15.0,Vuelta a España,2019,1,0,1,20190908.0,Tineo,Santuario del Acebo,154.14,IRR,High mountain,,,,,,,,,,,,,,,,,,,,
VAE2019S16,16,16.0,Vuelta a España,2019,1,0,1,20190909.0,Pravia,Alto de la Cubilla. Lena,144.7,IRR,High mountain,,,,,,,,,,,,,,,,,,,,
VAE2019S17,17,17.0,Vuelta a España,2019,1,0,1,20190911.0,Aranda de Duero,Guadalajara,219.6,IRR,Plain,,,,,,,,,,,,,,,,,,,,
VAE2019S18,18,18.0,Vuelta a España,2019,1,0,1,20190912.0,Comunidad de Madrid. Colmenar Viejo,Becerril de la Sierra,177.29,IRR,High mountain,,,,,,,,,,,,,,,,,,,,
VAE2019S19,19,19.0,Vuelta a España,2019,1,0,1,20190913.0,Avila,Toledo,165.47,IRR,Plain,,,,,,,,,,,,,,,,,,,,
VAE2019S20,20,20.0,Vuelta a España,2019,1,0,1,20190914.0,Arenas de San Pedro,Plataforma de Gredos,190.36,IRR,High mountain,,,,,,,,,,,,,,,,,,,,
VAE2019S21,21,21.0,Vuelta a España,2019,1,0,1,20190915.0,Fuenlabrada,Madrid,106.86,IRR,Plain,,,,,,,,,,,,,,,,,,,,
VAE2019R01,,,Vuelta a España,2019,1,0,0,,,,,,,3297.45,21.0,157.02,8.0,7.0,6.0,6.0,2.0,6.0,0.0,1.0,36.26,1.0,13.26,57.0,3.0,16.0,14.0,24.0,0.0
CDD2011P01,P,1.0,Critérium du Dauphiné,2011,1,1,1,20110605.0,Saint-Jean-de-Maurienne,Saint-Jean-de-Maurienne,5.4,ITT,Individual Time Trial,,,,,,,,,,,,,,,,,,,,
CDD2011S01,1,2.0,Critérium du Dauphiné,2011,1,1,1,20110606.0,Albertville,Saint-Pierre-de-Chartreuse,143.75,IRR,Medium Mountain,,,,,,,,,,,,,,,,,,,,
CDD2011S02,2,3.0,Critérium du Dauphiné,2011,1,1,1,20110607.0,Voiron,Lyon,177.34,IRR,Medium Mountain,,,,,,,,,,,,,,,,,,,,
CDD2011S03,3,4.0,Critérium du Dauphiné,2011,1,1,1,20110608.0,Grenoble,Grenoble,42.46,ITT,Individual Time Trial,,,,,,,,,,,,,,,,,,,,
CDD2011S04,4,5.0,Critérium du Dauphiné,2011,1,1,1,20110609.0,La Motte-Servolex,Mâcon,173.25,IRR,Plain,,,,,,,,,,,,,,,,,,,,
CDD2011S05,5,6.0,Critérium du Dauphiné,2011,1,1,1,20110610.0,Parc des Oiseaux (Villars-les-Dombes),Les Gets,207.94,IRR,Medium Mountain,,,,,,,,,,,,,,,,,,,,
CDD2011S06,6,7.0,Critérium du Dauphiné,2011,1,1,1,20110611.0,Les Gets,Le Collet d'Allevard,193.17,IRR,High mountain,,,,,,,,,,,,,,,,,,,,
CDD2011S07,7,8.0,Critérium du Dauphiné,2011,1,1,1,20110612.0,Pontcharra,La Toussuire,117.59,IRR,High mountain,,,,,,,,,,,,,,,,,,,,
CDD2011R01,,,Critérium du Dauphiné,2011,1,1,0,,,,,,,1060.9,8.0,132.61,5.0,2.0,2.0,3.0,3.0,1.0,0.0,2.0,47.86,0.0,0.0,23.0,2.0,2.0,6.0,2.0,11.0
CDD2012P01,P,1.0,Critérium du Dauphiné,2012,1,1,1,20120603.0,Grenoble,Grenoble,5.76,ITT,Individual Time Trial,,,,,,,,,,,,,,,,,,,,
CDD2012S01,1,2.0,Critérium du Dauphiné,2012,1,1,1,20120604.0,Seyssins,Saint-Vallier,187.42,IRR,Medium Mountain,,,,,,,,,,,,,,,,,,,,
CDD2012S02,2,3.0,Critérium du Dauphiné,2012,1,1,1,20120605.0,Lamastre,Saint-Felicien,160.57,IRR,Medium Mountain,,,,,,,,,,,,,,,,,,,,
CDD2012S03,3,4.0,Critérium du Dauphiné,2012,1,1,1,20120606.0,Givors,La Clayette,167.99,IRR,Plain,,,,,,,,,,,,,,,,,,,,
CDD2012S04,4,5.0,Critérium du Dauphiné,2012,1,1,1,20120607.0,Villié-Morgon,Bourg-en-Bresse,53.01,ITT,Individual Time Trial,,,,,,,,,,,,,,,,,,,,
CDD2012S05,5,6.0,Critérium du Dauphiné,2012,1,1,1,20120608.0,Saint-Trivier-sur-Moignans,Rumilly,186.84,IRR,Medium Mountain,,,,,,,,,,,,,,,,,,,,
CDD2012S06,6,7.0,Critérium du Dauphiné,2012,1,1,1,20120609.0,Saint-Alban-Leysse,Morzine,167.69,IRR,High mountain,,,,,,,,,,,,,,,,,,,,
CDD2012S07,7,8.0,Critérium du Dauphiné,2012,1,1,1,20120610.0,Morzine,Châtel,125.15,IRR,Medium Mountain,,,,,,,,,,,,,,,,,,,,
CDD2012R01,,,Critérium du Dauphiné,2012,1,1,0,,,,,,,1054.43,8.0,131.8,2.0,1.0,0.0,4.0,2.0,1.0,0.0,2.0,58.77,0.0,0.0,29.0,2.0,3.0,6.0,10.0,8.0
CDD2013S01,1,1.0,Critérium du Dauphiné,2013,1,0,1,20130602.0,Champéry,Champéry,121.07,IRR,Medium Mountain,,,,,,,,,,,,,,,,,,,,
CDD2013S02,2,2.0,Critérium du Dauphiné,2013,1,0,1,20130603.0,Châtel,Oyonnax,191.04,IRR,Medium Mountain,,,,,,,,,,,,,,,,,,,,
CDD2013S03,3,3.0,Critérium du Dauphiné,2013,1,0,1,20130604.0,Ambérieu-en-Bugey,Tarare,166.97,IRR,Medium Mountain,,,,,,,,,,,,,,,,,,,,
CDD2013S04,4,4.0,Critérium du Dauphiné,2013,1,0,1,20130605.0,Villars-les-Dombes,Parc des Oiseaux,32.38,ITT,Individual Time Trial,,,,,,,,,,,,,,,,,,,,
CDD2013S05,5,5.0,Critérium du Dauphiné,2013,1,0,1,20130606.0,Grésy-sur-Aix,Valmorel,138.5,IRR,High mountain,,,,,,,,,,,,,,,,,,,,
CDD2013S06,6,6.0,Critérium du Dauphiné,2013,1,0,1,20130607.0,La Léchère les Bains,Grenoble,142.94,IRR,Medium Mountain,,,,,,,,,,,,,,,,,,,,
CDD2013S07,7,7.0,Critérium du Dauphiné,2013,1,0,1,20130608.0,Le Pont-de-Claix,Superdévoluy,187.31,IRR,High mountain,,,,,,,,,,,,,,,,,,,,
CDD2013S08,8,8.0,Critérium du Dauphiné,2013,1,0,1,20130609.0,Sisteron,Risoul,154.95,IRR,High mountain,,,,,,,,,,,,,,,,,,,,
CDD2013R01,,,Critérium du Dauphiné,2013,1,0,0,,,,,,,1135.16,8.0,141.9,4.0,3.0,3.0,4.0,1.0,0.0,0.0,1.0,32.38,0.0,0.0,28.0,2.0,7.0,5.0,7.0,7.0
CDD2014S01,1,1.0,Critérium du Dauphiné,2014,1,0,1,20140608.0,Lyon,Lyon,10.39,ITT,Individual Time Trial,,,,,,,,,,,,,,,,,,,,
CDD2014S02,2,2.0,Critérium du Dauphiné,2014,1,0,1,20140609.0,Tarare,Col de Béal,156.28,IRR,High mountain,,,,,,,,,,,,,,,,,,,,
CDD2014S03,3,3.0,Critérium du Dauphiné,2014,1,0,1,20140610.0,Ambert,Le Teil,195.48,IRR,Plain,,,,,,,,,,,,,,,,,,,,
CDD2014S04,4,4.0,Critérium du Dauphiné,2014,1,0,1,20140611.0,Montelimar,Gap,167.93,IRR,Medium Mountain,,,,,,,,,,,,,,,,,,,,
CDD2014S05,5,5.0,Critérium du Dauphiné,2014,1,0,1,20140612.0,Sisteron,La Mure,189.65,IRR,Medium Mountain,,,,,,,,,,,,,,,,,,,,
CDD2014S06,6,6.0,Critérium du Dauphiné,2014,1,0,1,20140613.0,Grenoble,Poisy,179.46,IRR,Medium Mountain,,,,,,,,,,,,,,,,,,,,
CDD2014S07,7,7.0,Critérium du Dauphiné,2014,1,0,1,20140614.0,Ville-la-Grand,Finhaut-Emosson,161.13,IRR,High mountain,,,,,,,,,,,,,,,,,,,,
CDD2014S08,8,8.0,Critérium du Dauphiné,2014,1,0,1,20140615.0,Megève,Courchevel (Le Praz),131.96,IRR,Medium Mountain,,,,,,,,,,,,,,,,,,,,
CDD2014R01,,,Critérium du Dauphiné,2014,1,0,0,,,,,,,1192.28,8.0,149.03,3.0,2.0,2.0,4.0,1.0,1.0,0.0,1.0,10.39,0.0,0.0,29.0,3.0,4.0,12.0,4.0,6.0
CDD2015S01,1,1.0,Critérium du Dauphiné,2015,1,0,1,20150607.0,Ugine,Albertville,131.62,IRR,Medium Mountain,,,,,,,,,,,,,,,,,,,,
CDD2015S02,2,2.0,Critérium du Dauphiné,2015,1,0,1,20150608.0,Le Bourget-du-Lac,Parc des Oiseaux - Villars-les-Dombes,172.78,IRR,Plain,,,,,,,,,,,,,,,,,,,,
CDD2015S03,3,3.0,Critérium du Dauphiné,2015,1,0,1,20150609.0,Roanne,Montagny,24.79,IRR,Team time trial,,,,,,,,,,,,,,,,,,,,
CDD2015S04,4,4.0,Critérium du Dauphiné,2015,1,0,1,20150610.0,Anneyron - Porte de DrômArdèche,Sisteron,228.25,IRR,Plain,,,,,,,,,,,,,,,,,,,,
CDD2015S05,5,5.0,Critérium du Dauphiné,2015,1,0,1,20150611.0,Digne-les-Bains,Pra Loup,160.85,IRR,High mountain,,,,,,,,,,,,,,,,,,,,
CDD2015S06,6,6.0,Critérium du Dauphiné,2015,1,0,1,20150612.0,Saint-Bonnet-en-Champsaur,Villard de Lans / Côte 2000,183.6,IRR,Medium Mountain,,,,,,,,,,,,,,,,,,,,
CDD2015S07,7,7.0,Critérium du Dauphiné,2015,1,0,1,20150613.0,Montmélian,Saint-Gervais Mont Blanc / Le Bettex,156.21,IRR,High mountain,,,,,,,,,,,,,,,,,,,,
CDD2015S08,8,8.0,Critérium du Dauphiné,2015,1,0,1,20150614.0,Saint-Gervais-les-Bains,Modane Valfrejus,155.97,IRR,High mountain,,,,,,,,,,,,,,,,,,,,
CDD2015R01,,,Critérium du Dauphiné,2015,1,0,0,,,,,,,1214.07,8.0,151.76,4.0,3.0,3.0,2.0,1.0,2.0,0.0,0.0,0.0,1.0,24.79,36.0,0.0,9.0,6.0,16.0,5.0
CDD2016P01,P,1.0,Critérium du Dauphiné,2016,1,1,1,20160605.0,Les Gets,Les Gets,3.95,ITT,Individual Time Trial,,,,,,,,,,,,,,,,,,,,
CDD2016S01,1,2.0,Critérium du Dauphiné,2016,1,1,1,20160606.0,Cluses,Saint Vulbas,182.07,IRR,Plain,,,,,,,,,,,,,,,,,,,,
CDD2016S02,2,3.0,Critérium du Dauphiné,2016,1,1,1,20160607.0,Crêches-sur-Saône,Chalmazel-Jeansagniere,166.67,IRR,Medium Mountain,,,,,,,,,,,,,,,,,,,,
CDD2016S03,3,4.0,Critérium du Dauphiné,2016,1,1,1,20160608.0,Boën-sur-Lignon,Tournon-sur-Rhône,195.07,IRR,Plain,,,,,,,,,,,,,,,,,,,,
CDD2016S04,4,5.0,Critérium du Dauphiné,2016,1,1,1,20160609.0,Tain-l'Hermitage,Belley,177.47,IRR,Plain,,,,,,,,,,,,,,,,,,,,
CDD2016S05,5,6.0,Critérium du Dauphiné,2016,1,1,1,20160610.0,La Ravoire,Vaujany,142.5,IRR,High mountain,,,,,,,,,,,,,,,,,,,,
CDD2016S06,6,7.0,Critérium du Dauphiné,2016,1,1,1,20160611.0,La Rochette,Méribel,141.46,IRR,High mountain,,,,,,,,,,,,,,,,,,,,
CDD2016S07,7,8.0,Critérium du Dauphiné,2016,1,1,1,20160612.0,Le Pont-de-Claix,Superdévoluy,154.53,IRR,High mountain,,,,,,,,,,,,,,,,,,,,
CDD2016R01,,,Critérium du Dauphiné,2016,1,1,0,,,,,,,1163.72,8.0,145.47,5.0,3.0,3.0,1.0,1.0,3.0,0.0,1.0,3.95,0.0,0.0,32.0,1.0,7.0,7.0,6.0,11.0
CDD2017S01,1,1.0,Critérium du Dauphiné,2017,1,0,1,20170604.0,Saint-Étienne,Saint-Étienne,170.06,IRR,Medium Mountain,,,,,,,,,,,,,,,,,,,,
CDD2017S02,2,2.0,Critérium du Dauphiné,2017,1,0,1,20170605.0,Saint-Chamond,Arlanc,169.99,IRR,Medium Mountain,,,,,,,,,,,,,,,,,,,,
CDD2017S03,3,3.0,Critérium du Dauphiné,2017,1,0,1,20170606.0,Le Chambon-sur-Lignon,Tullins,186.29,IRR,Plain,,,,,,,,,,,,,,,,,,,,
CDD2017S04,4,4.0,Critérium du Dauphiné,2017,1,0,1,20170607.0,La Tour-du-Pin,Bourgoin-Jallieu,23.49,ITT,Individual Time Trial,,,,,,,,,,,,,,,,,,,,
CDD2017S05,5,5.0,Critérium du Dauphiné,2017,1,0,1,20170608.0,La Tour-de-Salvagny,Mâcon,175.51,IRR,Plain,,,,,,,,,,,,,,,,,,,,
CDD2017S06,6,6.0,Critérium du Dauphiné,2017,1,0,1,20170609.0,Parc des Oiseaux - Villars-les-Dombes,La Motte-Servolex,147.35,IRR,High mountain,,,,,,,,,,,,,,,,,,,,
CDD2017S07,7,7.0,Critérium du Dauphiné,2017,1,0,1,20170610.0,Aoste,Alpe d'Huez,168.01,IRR,High mountain,,,,,,,,,,,,,,,,,,,,
CDD2017S08,8,8.0,Critérium du Dauphiné,2017,1,0,1,20170611.0,Albertville,Plateau de Solaison,115.13,IRR,High mountain,,,,,,,,,,,,,,,,,,,,
CDD2017R01,,,Critérium du Dauphiné,2017,1,0,0,,,,,,,1155.83,8.0,144.48,2.0,3.0,2.0,2.0,0.0,2.0,0.0,1.0,23.49,0.0,0.0,35.0,3.0,3.0,7.0,9.0,13.0
CDD2018P01,P,1.0,Critérium du Dauphiné,2018,1,1,1,20180603.0,Valence,Valence,6.57,ITT,Individual Time Trial,,,,,,,,,,,,,,,,,,,,
CDD2018S01,1,2.0,Critérium du Dauphiné,2018,1,1,1,20180604.0,Valence,Saint-Just-Saint-Rambert,179.17,IRR,Medium Mountain,,,,,,,,,,,,,,,,,,,,
CDD2018S02,2,3.0,Critérium du Dauphiné,2018,1,1,1,20180605.0,Montbrison,Belleville en Beaujolais,177.84,IRR,Plain,,,,,,,,,,,,,,,,,,,,
CDD2018S03,3,4.0,Critérium du Dauphiné,2018,1,1,1,20180606.0,Pont-de-Vaux,Louhans-Chateaurenaud,34.76,IRR,Team time trial,,,,,,,,,,,,,,,,,,,,
CDD2018S04,4,5.0,Critérium du Dauphiné,2018,1,1,1,20180607.0,Chazey-sur-Ain,Lans-en-Vercors,181.15,IRR,High mountain,,,,,,,,,,,,,,,,,,,,
CDD2018S05,5,6.0,Critérium du Dauphiné,2018,1,1,1,20180608.0,Grenoble,Valmorel,129.52,IRR,High mountain,,,,,,,,,,,,,,,,,,,,
CDD2018S06,6,7.0,Critérium du Dauphiné,2018,1,1,1,20180609.0,Frontenex,La Rosière,110.26,IRR,High mountain,,,,,,,,,,,,,,,,,,,,
CDD2018S07,7,8.0,Critérium du Dauphiné,2018,1,1,1,20180610.0,Moutiers,Saint-Gervais-les-Bains,135.8,IRR,High mountain,,,,,,,,,,,,,,,,,,,,
CDD2018R01,,,Critérium du Dauphiné,2018,1,1,0,,,,,,,955.07,8.0,119.38,4.0,4.0,4.0,1.0,0.0,1.0,0.0,1.0,6.57,1.0,34.76,27.0,4.0,5.0,5.0,7.0,6.0
CDD2019S01,1,1.0,Critérium du Dauphiné,2019,1,0,1,20190609.0,Aurillac,Jussac,142.17,IRR,Medium Mountain,,,,,,,,,,,,,,,,,,,,
CDD2019S02,2,2.0,Critérium du Dauphiné,2019,1,0,1,20190610.0,Mauriac,Craponne-sur-Arzon,180.25,IRR,Medium Mountain,,,,,,,,,,,,,,,,,,,,
CDD2019S03,3,3.0,Critérium du Dauphiné,2019,1,0,1,20190611.0,Le Puy-en-Velay,Riom,177.0,IRR,Plain,,,,,,,,,,,,,,,,,,,,
CDD2019S04,4,4.0,Critérium du Dauphiné,2019,1,0,1,20190612.0,Roanne,Roanne,26.1,ITT,Individual Time Trial,,,,,,,,,,,,,,,,,,,,
CDD2019S05,5,5.0,Critérium du Dauphiné,2019,1,0,1,20190613.0,Boën-sur-Lignon,Voiron,200.56,IRR,Plain,,,,,,,,,,,,,,,,,,,,
CDD2019S06,6,6.0,Critérium du Dauphiné,2019,1,0,1,20190614.0,Saint-Vulbas - Plaine de l'Ain,Saint-Michel-de-Maurienne,230.0,IRR,Medium Mountain,,,,,,,,,,,,,,,,,,,,
CDD2019S07,7,7.0,Critérium du Dauphiné,2019,1,0,1,20190615.0,Saint-Genix-les-Villages,Les Sept Laux - Pipay,132.53,IRR,High mountain,,,,,,,,,,,,,,,,,,,,
CDD2019S08,8,8.0,Critérium du Dauphiné,2019,1,0,1,20190616.0,Cluses,Champéry,114.02,IRR,Medium Mountain,,,,,,,,,,,,,,,,,,,,
CDD2019R01,,,Critérium du Dauphiné,2019,1,0,0,,,,,,,1202.63,8.0,150.33,2.0,1.0,1.0,4.0,1.0,2.0,0.0,1.0,26.1,0.0,0.0,40.0,1.0,6.0,9.0,11.0,13.0
PNI2011P01,P,1.0,Paris-Nice,2011,1,1,1,20150308.0,Maurepas,Maurepas,6.65,ITT,Individual Time Trial,,,,,,,,,,,,,,,,,,,,
PNI2011S01,1,2.0,Paris-Nice,2011,1,1,1,20150309.0,Saint-Rémy-lès-Chevreuse,Contres,193.64,IRR,Plain,,,,,,,,,,,,,,,,,,,,
PNI2011S02,2,3.0,Paris-Nice,2011,1,1,1,20150310.0,Zoo Parc de Beuval / Saint-Agnan,Saint-Amand-Montrond,171.79,IRR,Plain,,,,,,,,,,,,,,,,,,,,
PNI2011S03,3,4.0,Paris-Nice,2011,1,1,1,20150311.0,Saint-Amand-Montrond,Saint-Pourcain-sur-Sioule,178.56,IRR,Plain,,,,,,,,,,,,,,,,,,,,
PNI2011S04,4,5.0,Paris-Nice,2011,1,1,1,20150312.0,Varennes-sur-Allier,Croix de Chaubouret,204.11,IRR,High mountain,,,,,,,,,,,,,,,,,,,,
PNI2011S05,5,6.0,Paris-Nice,2011,1,1,1,20150313.0,Saint-Etienne,Rasteau,192.3,IRR,Plain,,,,,,,,,,,,,,,,,,,,
PNI2011S06,6,7.0,Paris-Nice,2011,1,1,1,20150314.0,Vence,Nice,180.89,IRR,Medium Mountain,,,,,,,,,,,,,,,,,,,,
PNI2011S07,7,8.0,Paris-Nice,2011,1,1,1,20150315.0,Nice,Col d'Eze,10.15,ITT,Individual Time Trial,,,,,,,,,,,,,,,,,,,,
PNI2011R01,,,Paris-Nice,2011,1,1,0,,,,,,,1138.09,8.0,142.26,2.0,1.0,1.0,1.0,0.0,4.0,0.0,2.0,16.8,0.0,0.0,24.0,0.0,6.0,6.0,12.0,0.0
PNI2012S01,1,1.0,Paris-Nice,2012,1,0,1,20120304.0,Dampierre-en-Yvelines,Saint-Rémy-lès-Chevreuse,9.77,ITT,Individual Time Trial,,,,,,,,,,,,,,,,,,,,
PNI2012S02,2,2.0,Paris-Nice,2012,1,0,1,20120305.0,Mantes-la-Jolie,Orléans,185.63,IRR,Plain,,,,,,,,,,,,,,,,,,,,
PNI2012S03,3,3.0,Paris-Nice,2012,1,0,1,20120306.0,Vierzon,Le Lac de Vassivière,193.87,IRR,Medium Mountain,,,,,,,,,,,,,,,,,,,,
PNI2012S04,4,4.0,Paris-Nice,2012,1,0,1,20120307.0,Brive-la-Gaillarde,Rodez,177.42,IRR,Medium Mountain,,,,,,,,,,,,,,,,,,,,
PNI2012S05,5,5.0,Paris-Nice,2012,1,0,1,20120308.0,Onet-le-Château,Mende (La Croix-Neuve),178.24,IRR,Medium Mountain,,,,,,,,,,,,,,,,,,,,
PNI2012S06,6,6.0,Paris-Nice,2012,1,0,1,20120309.0,Suze-la-Rousse,Sisteron,179.11,IRR,Plain,,,,,,,,,,,,,,,,,,,,
PNI2012S07,7,7.0,Paris-Nice,2012,1,0,1,20120310.0,Sisteron,Nice,219.46,IRR,Medium Mountain,,,,,,,,,,,,,,,,,,,,
PNI2012S08,8,8.0,Paris-Nice,2012,1,0,1,20120311.0,Nice,Col d'Èze,9.6,ITT,Individual Time Trial,,,,,,,,,,,,,,,,,,,,
PNI2012R01,,,Paris-Nice,2012,1,0,0,,,,,,,1153.1,8.0,144.14,3.0,0.0,0.0,4.0,2.0,2.0,0.0,2.0,19.37,0.0,0.0,25.0,0.0,5.0,6.0,14.0,0.0
PNI2013P01,P,1.0,Paris-Nice,2013,1,1,1,20130303.0,Houilles,Houilles,2.85,ITT,Individual Time Trial,,,,,,,,,,,,,,,,,,,,
PNI2013S01,1,2.0,Paris-Nice,2013,1,1,1,20130304.0,Saint-Germain-en-Laye,Nemours,194.26,IRR,Plain,,,,,,,,,,,,,,,,,,,,
PNI2013S02,2,3.0,Paris-Nice,2013,1,1,1,20130305.0,Vimory,Cérilly,200.56,IRR,Plain,,,,,,,,,,,,,,,,,,,,
PNI2013S03,3,4.0,Paris-Nice,2013,1,1,1,20130306.0,Châtel-Guyon,Brioude,170.61,IRR,Medium Mountain,,,,,,,,,,,,,,,,,,,,
PNI2013S04,4,5.0,Paris-Nice,2013,1,1,1,20130307.0,Brioude,Saint-Vallier,198.38,IRR,Medium Mountain,,,,,,,,,,,,,,,,,,,,
PNI2013S05,5,6.0,Paris-Nice,2013,1,1,1,20130308.0,Châteauneuf-du-Pape,La Montagne de Lure,175.68,IRR,High mountain,,,,,,,,,,,,,,,,,,,,
PNI2013S06,6,7.0,Paris-Nice,2013,1,1,1,20130309.0,Manosque,Nice,220.02,IRR,Medium Mountain,,,,,,,,,,,,,,,,,,,,
PNI2013S07,7,8.0,Paris-Nice,2013,1,1,1,20130310.0,Nice,Col d'Èze,9.47,ITT,Individual Time Trial,,,,,,,,,,,,,,,,,,,,
PNI2013R01,,,Paris-Nice,2013,1,1,0,,,,,,,1171.83,8.0,146.48,2.0,1.0,1.0,3.0,0.0,2.0,0.0,2.0,12.32,0.0,0.0,23.0,0.0,2.0,7.0,9.0,1.0
PNI2014S01,1,1.0,Paris-Nice,2014,1,0,1,20140309.0,Mantes-la-Jolie,Mantes-la-Jolie,159.5,IRR,Plain,,,,,,,,,,,,,,,,,,,,
PNI2014S02,2,2.0,Paris-Nice,2014,1,0,1,20140309.0,Rambouillet,Saint-Georges-sur-Baulche,204.38,IRR,Plain,,,,,,,,,,,,,,,,,,,,
PNI2014S03,3,3.0,Paris-Nice,2014,1,0,1,20140311.0,Toucy,Circuit de Nevers Magny-Court,180.07,IRR,Plain,,,,,,,,,,,,,,,,,,,,
PNI2014S04,4,4.0,Paris-Nice,2014,1,0,1,20140312.0,Nevers,Belleville,201.19,IRR,Medium Mountain,,,,,,,,,,,,,,,,,,,,
PNI2014S05,5,5.0,Paris-Nice,2014,1,0,1,20140313.0,Crêches-sur-Saône,Rive-de-Gier,153.48,IRR,Medium Mountain,,,,,,,,,,,,,,,,,,,,
PNI2014S06,6,6.0,Paris-Nice,2014,1,0,1,20140314.0,Saint-Saturnin-lès-Avignon,Fayence,220.84,IRR,Medium Mountain,,,,,,,,,,,,,,,,,,,,
PNI2014S07,7,7.0,Paris-Nice,2014,1,0,1,20140315.0,Mougins,Biot (Sophia Antipolis),194.78,IRR,Medium Mountain,,,,,,,,,,,,,,,,,,,,
PNI2014S08,8,8.0,Paris-Nice,2014,1,0,1,20140316.0,Nice,Nice,128.17,IRR,Medium Mountain,,,,,,,,,,,,,,,,,,,,
PNI2014R01,,,Paris-Nice,2014,1,0,0,,,,,,,1442.41,8.0,180.3,1.0,0.0,0.0,5.0,1.0,3.0,0.0,0.0,0.0,0.0,0.0,27.0,0.0,5.0,8.0,14.0,0.0
PNI2015P01,P,1.0,Paris-Nice,2015,1,1,1,20150308.0,Maurepas,Maurepas,6.65,ITT,Individual Time Trial,,,,,,,,,,,,,,,,,,,,
PNI2015S01,1,2.0,Paris-Nice,2015,1,1,1,20150309.0,Saint-Rémy-lès-Chevreuse,Contres,193.64,IRR,Plain,,,,,,,,,,,,,,,,,,,,
PNI2015S02,2,3.0,Paris-Nice,2015,1,1,1,20150310.0,Zoo Parc de Beuval / Saint-Agnan,Saint-Amand-Montrond,171.79,IRR,Plain,,,,,,,,,,,,,,,,,,,,
PNI2015S03,3,4.0,Paris-Nice,2015,1,1,1,20150311.0,Saint-Amand-Montrond,Saint-Pourcain-sur-Sioule,178.56,IRR,Plain,,,,,,,,,,,,,,,,,,,,
PNI2015S04,4,5.0,Paris-Nice,2015,1,1,1,20150312.0,Varennes-sur-Allier,Croix de Chaubouret,204.11,IRR,High mountain,,,,,,,,,,,,,,,,,,,,
PNI2015S05,5,6.0,Paris-Nice,2015,1,1,1,20150313.0,Saint-Etienne,Rasteau,192.3,IRR,Plain,,,,,,,,,,,,,,,,,,,,
PNI2015S06,6,7.0,Paris-Nice,2015,1,1,1,20150314.0,Vence,Nice,180.89,IRR,Medium Mountain,,,,,,,,,,,,,,,,,,,,
PNI2015S07,7,8.0,Paris-Nice,2015,1,1,1,20150315.0,Nice,Col d'Eze,10.15,ITT,Individual Time Trial,,,,,,,,,,,,,,,,,,,,
PNI2015R01,,,Paris-Nice,2015,1,1,0,,,,,,,1138.09,8.0,142.26,2.0,1.0,1.0,1.0,0.0,4.0,0.0,2.0,16.8,0.0,0.0,24.0,0.0,6.0,6.0,12.0,0.0
PNI2016P01,P,1.0,Paris-Nice,2016,1,1,1,20160306.0,Conflans Sainte Honorine,Conflans Sainte Honorine,6.15,ITT,Individual Time Trial,,,,,,,,,,,,,,,,,,,,
PNI2016S01,1,2.0,Paris-Nice,2016,1,1,1,20160307.0,Condé-sur-Vesgre,Vendôme,202.26,IRR,Plain,,,,,,,,,,,,,,,,,,,,
PNI2016S02,2,3.0,Paris-Nice,2016,1,1,1,20160308.0,Contres,Commentry,211.04,IRR,Plain,,,,,,,,,,,,,,,,,,,,
PNI2016S03,3,4.0,Paris-Nice,2016,1,1,1,20160309.0,Cusset,Mont Brouilly,169.4,IRR,Medium Mountain,,,,,,,,,,,,,,,,,,,,
PNI2016S04,4,5.0,Paris-Nice,2016,1,1,1,20160310.0,Juliénas,Romans-sur-Isère,203.08,IRR,Plain,,,,,,,,,,,,,,,,,,,,
PNI2016S05,5,6.0,Paris-Nice,2016,1,1,1,20160311.0,Saint-Paul-Trois-Châteaux,Salon-de-Provence,196.62,IRR,Medium Mountain,,,,,,,,,,,,,,,,,,,,
PNI2016S06,6,7.0,Paris-Nice,2016,1,1,1,20160312.0,Nice,La Madone d'Utelle,179.7,IRR,High mountain,,,,,,,,,,,,,,,,,,,,
PNI2016S07,7,8.0,Paris-Nice,2016,1,1,1,20160306.0,Nice,Nice,136.65,IRR,Medium Mountain,,,,,,,,,,,,,,,,,,,,
PNI2016R01,,,Paris-Nice,2016,1,1,0,,,,,,,1304.9,8.0,163.11,2.0,1.0,1.0,3.0,1.0,3.0,0.0,1.0,6.15,0.0,0.0,30.0,0.0,5.0,12.0,13.0,0.0
PNI2017S01,1,1.0,Paris-Nice,2017,1,0,1,20170305.0,Bois d'Arcy,Bois d'Arcy,158.57,IRR,Plain,,,,,,,,,,,,,,,,,,,,
PNI2017S02,2,2.0,Paris-Nice,2017,1,0,1,20170306.0,Rochefort-en-Yvelines,Amilly,202.52,IRR,Plain,,,,,,,,,,,,,,,,,,,,
PNI2017S03,3,3.0,Paris-Nice,2017,1,0,1,20170307.0,Chablis,Chalon-sur-Saone,189.71,IRR,Plain,,,,,,,,,,,,,,,,,,,,
PNI2017S04,4,4.0,Paris-Nice,2017,1,0,1,20170308.0,Beaujeu,Mont Brouilly,14.38,ITT,Individual Time Trial,,,,,,,,,,,,,,,,,,,,
PNI2017S05,5,5.0,Paris-Nice,2017,1,0,1,20170309.0,Quincié-en-Beaujolais,Bourg-de-Péage,200.19,IRR,Plain,,,,,,,,,,,,,,,,,,,,
PNI2017S06,6,6.0,Paris-Nice,2017,1,0,1,20170310.0,Aubagne,Fayence,193.61,IRR,Medium Mountain,,,,,,,,,,,,,,,,,,,,
PNI2017S07,7,7.0,Paris-Nice,2017,1,0,1,20170311.0,Nice,Col de la Couillole,178.23,IRR,High mountain,,,,,,,,,,,,,,,,,,,,
PNI2017S08,8,8.0,Paris-Nice,2017,1,0,1,20170312.0,Nice,Nice,115.62,IRR,Medium Mountain,,,,,,,,,,,,,,,,,,,,
PNI2017R01,,,Paris-Nice,2017,1,0,0,,,,,,,1252.83,8.0,156.6,2.0,1.0,1.0,2.0,0.0,4.0,0.0,1.0,14.38,0.0,0.0,23.0,0.0,8.0,9.0,6.0,0.0
PNI2018S01,1,1.0,Paris-Nice,2018,1,0,1,20180304.0,Chatou,Meudon,134.64,IRR,Plain,,,,,,,,,,,,,,,,,,,,
PNI2018S02,2,2.0,Paris-Nice,2018,1,0,1,20180305.0,Orsonville,Vierzon,186.87,IRR,Plain,,,,,,,,,,,,,,,,,,,,
PNI2018S03,3,3.0,Paris-Nice,2018,1,0,1,20180306.0,Bourges,Châtel-Guyon,208.77,IRR,Medium Mountain,,,,,,,,,,,,,,,,,,,,
PNI2018S04,4,4.0,Paris-Nice,2018,1,0,1,20180307.0,La Fouillouse,Saint-Etienne,18.45,ITT,Individual Time Trial,,,,,,,,,,,,,,,,,,,,
PNI2018S05,5,5.0,Paris-Nice,2018,1,0,1,20180308.0,Salon-de-Provence,Sisteron,165.85,IRR,Plain,,,,,,,,,,,,,,,,,,,,
PNI2018S06,6,6.0,Paris-Nice,2018,1,0,1,20180309.0,Sisteron,Vence,198.39,IRR,Medium Mountain,,,,,,,,,,,,,,,,,,,,
PNI2018S07,7,7.0,Paris-Nice,2018,1,0,1,20180310.0,Nice,Valdeblore - La Colmiane,175.1,IRR,High mountain,,,,,,,,,,,,,,,,,,,,
PNI2018S08,8,8.0,Paris-Nice,2018,1,0,1,20180311.0,Nice,Nice,110.82,IRR,Medium Mountain,,,,,,,,,,,,,,,,,,,,
PNI2018R01,,,Paris-Nice,2018,1,0,0,,,,,,,1198.89,8.0,149.86,2.0,1.0,1.0,3.0,0.0,3.0,1.0,1.0,18.45,0.0,0.0,26.0,0.0,6.0,12.0,8.0,0.0
PNI2019S01,1,1.0,Paris-Nice,2019,1,0,1,20190310.0,Saint-Germain-en-Laye,Saint-Germain-en-Laye,138.78,IRR,Plain,,,,,,,,,,,,,,,,,,,,
PNI2019S02,2,2.0,Paris-Nice,2019,1,0,1,20190311.0,Les Bréviaires,Bellegarde,163.08,IRR,Plain,,,,,,,,,,,,,,,,,,,,
PNI2019S03,3,3.0,Paris-Nice,2019,1,0,1,20190312.0,Cepay,Moulins / Yzeure,199.47,IRR,Plain,,,,,,,,,,,,,,,,,,,,
PNI2019S04,4,4.0,Paris-Nice,2019,1,0,1,20190313.0,Vichy,Pélussin,211.7,IRR,Medium Mountain,,,,,,,,,,,,,,,,,,,,
PNI2019S05,5,5.0,Paris-Nice,2019,1,0,1,20190314.0,Barbentane,Barbentane,25.46,ITT,Individual Time Trial,,,,,,,,,,,,,,,,,,,,
PNI2019S06,6,6.0,Paris-Nice,2019,1,0,1,20190315.0,Peynier,Brignoles,177.04,IRR,Plain,,,,,,,,,,,,,,,,,,,,
PNI2019S07,7,7.0,Paris-Nice,2019,1,0,1,20190316.0,Nice,Col de Turini,183.53,IRR,High mountain,,,,,,,,,,,,,,,,,,,,
PNI2019S08,8,8.0,Paris-Nice,2019,1,0,1,20190317.0,Nice,Nice,110.82,IRR,Medium Mountain,,,,,,,,,,,,,,,,,,,,
PNI2019R01,,,Paris-Nice,2019,1,0,0,,,,,,,1209.88,8.0,151.24,1.0,1.0,1.0,2.0,0.0,4.0,0.0,1.0,25.46,0.0,0.0,24.0,0.0,5.0,12.0,7.0,0.0
TAD2009S01,1,1.0,Tirreno-Adriatico,2009,1,0,1,20090311.0,Cecina,Capannori,147.28,IRR,Medium Mountain,,,,,,,,,,,,,,,,,,,,
TAD2009S02,2,2.0,Tirreno-Adriatico,2009,1,0,1,20090312.0,Volterra,Marina di Carrara,177.89,IRR,Plain,,,,,,,,,,,,,,,,,,,,
TAD2009S03,3,3.0,Tirreno-Adriatico,2009,1,0,1,20090313.0,Fucecchio,Santa Croce sull'Arno,165.77,IRR,Plain,,,,,,,,,,,,,,,,,,,,
TAD2009S04,4,4.0,Tirreno-Adriatico,2009,1,0,1,20090314.0,Foligno,Montelupone,171.78,IRR,Medium Mountain,,,,,,,,,,,,,,,,,,,,
TAD2009S05,5,5.0,Tirreno-Adriatico,2009,1,0,1,20090315.0,Loreto,Macerata,30.29,ITT,Individual Time Trial,,,,,,,,,,,,,,,,,,,,
TAD2009S06,6,6.0,Tirreno-Adriatico,2009,1,0,1,20090316.0,Civitanova Marche,Camerino,235.19,IRR,High mountain,,,,,,,,,,,,,,,,,,,,
TAD2009S07,7,7.0,Tirreno-Adriatico,2009,1,0,1,20090317.0,San Benedetto del Tronto,San Benedetto del Tronto,168.88,IRR,Plain,,,,,,,,,,,,,,,,,,,,
TAD2009R01,,,Tirreno-Adriatico,2009,1,0,0,,,,,,,1097.08,7.0,156.73,0.0,1.0,0.0,2.0,0.0,3.0,0.0,1.0,30.29,0.0,0.0,9.0,0.0,0.0,0.0,0.0,0.0
TAD2010S01,1,1.0,Tirreno-Adriatico,2010,1,0,1,20100310.0,Livorno,Rosignano Solvay,147.39,IRR,Plain,,,,,,,,,,,,,,,,,,,,
TAD2010S02,2,2.0,Tirreno-Adriatico,2010,1,0,1,20100311.0,Montecatini Terme,Montecatini Terme,166.23,IRR,Medium Mountain,,,,,,,,,,,,,,,,,,,,
TAD2010S03,3,3.0,Tirreno-Adriatico,2010,1,0,1,20100312.0,San Miniato,Monsummano Terme,159.2,IRR,Plain,,,,,,,,,,,,,,,,,,,,
TAD2010S04,4,4.0,Tirreno-Adriatico,2010,1,0,1,20100313.0,San Gemini,Chieti,244.49,IRR,Medium Mountain,,,,,,,,,,,,,,,,,,,,
TAD2010S05,5,5.0,Tirreno-Adriatico,2010,1,0,1,20100314.0,Chieti,Colmurano,216.14,IRR,Medium Mountain,,,,,,,,,,,,,,,,,,,,
TAD2010S06,6,6.0,Tirreno-Adriatico,2010,1,0,1,20100315.0,Montecosaro,Macerata,134.55,IRR,Medium Mountain,,,,,,,,,,,,,,,,,,,,
TAD2010S07,7,7.0,Tirreno-Adriatico,2010,1,0,1,20100316.0,Civitanova Marche,San Benedetto del Tronto,165.85,IRR,Plain,,,,,,,,,,,,,,,,,,,,
TAD2010R01,,,Tirreno-Adriatico,2010,1,0,0,,,,,,,1233.85,7.0,176.26,0.0,0.0,0.0,4.0,0.0,3.0,0.0,0.0,0.0,0.0,0.0,16.0,0.0,0.0,0.0,0.0,0.0
TAD2011S01,1,1.0,Tirreno-Adriatico,2011,1,0,1,20110309.0,Marina di Carrara,Marina di Carrara,16.99,IRR,Team time trial,,,,,,,,,,,,,,,,,,,,
TAD2011S02,2,2.0,Tirreno-Adriatico,2011,1,0,1,20110310.0,Carrara,Indicatore (Arezzo),202.85,IRR,Plain,,,,,,,,,,,,,,,,,,,,
TAD2011S03,3,3.0,Tirreno-Adriatico,2011,1,0,1,20110311.0,Terranuova Bracciolini,Perugia,189.72,IRR,Plain,,,,,,,,,,,,,,,,,,,,
TAD2011S04,4,4.0,Tirreno-Adriatico,2011,1,0,1,20110312.0,Narni,Chieti,239.4,IRR,Medium Mountain,,,,,,,,,,,,,,,,,,,,
TAD2011S05,5,5.0,Tirreno-Adriatico,2011,1,0,1,20110313.0,Chieti,Castelraimondo,240.68,IRR,Medium Mountain,,,,,,,,,,,,,,,,,,,,
TAD2011S06,6,6.0,Tirreno-Adriatico,2011,1,0,1,20110314.0,Ussita,Macerata,176.81,IRR,Medium Mountain,,,,,,,,,,,,,,,,,,,,
TAD2011S07,7,7.0,Tirreno-Adriatico,2011,1,0,1,20110315.0,San Benedetto del Tronto,San Benedetto del Tronto,9.3,ITT,Individual Time Trial,,,,,,,,,,,,,,,,,,,,
TAD2011R01,,,Tirreno-Adriatico,2011,1,0,0,,,,,,,1075.75,7.0,153.68,1.0,0.0,0.0,3.0,1.0,2.0,0.0,1.0,9.3,1.0,16.99,11.0,0.0,0.0,0.0,0.0,0.0
TAD2012S01,1,1.0,Tirreno-Adriatico,2012,1,0,1,20120307.0,San Vincenzo,Donoratico,16.92,IRR,Team time trial,,,,,,,,,,,,,,,,,,,,
TAD2012S02,2,2.0,Tirreno-Adriatico,2012,1,0,1,20120308.0,San Vincenzo,Indicatore,231.71,IRR,Plain,,,,,,,,,,,,,,,,,,,,
TAD2012S03,3,3.0,Tirreno-Adriatico,2012,1,0,1,20120309.0,Indicatore,Terni,177.42,IRR,Plain,,,,,,,,,,,,,,,,,,,,
TAD2012S04,4,4.0,Tirreno-Adriatico,2012,1,0,1,20120310.0,Amelia,Chieti,249.85,IRR,Medium Mountain,,,,,,,,,,,,,,,,,,,,
TAD2012S05,5,5.0,Tirreno-Adriatico,2012,1,0,1,20120311.0,Martinsicuro,Prati di Tivo,197.44,IRR,High mountain,,,,,,,,,,,,,,,,,,,,
TAD2012S06,6,6.0,Tirreno-Adriatico,2012,1,0,1,20120312.0,Offida,Offida,180.93,IRR,Medium Mountain,,,,,,,,,,,,,,,,,,,,
TAD2012S07,7,7.0,Tirreno-Adriatico,2012,1,0,1,20120313.0,San Benedetto del Tronto,San Benedetto del Tronto,9.13,ITT,Individual Time Trial,,,,,,,,,,,,,,,,,,,,
TAD2012R01,,,Tirreno-Adriatico,2012,1,0,0,,,,,,,1063.4,7.0,151.91,2.0,1.0,1.0,2.0,1.0,2.0,0.0,1.0,9.13,1.0,16.92,11.0,0.0,0.0,0.0,0.0,0.0
TAD2013S01,1,1.0,Tirreno-Adriatico,2013,1,0,1,20130306.0,San Vincenzo,Donoratico,16.92,IRR,Team time trial,,,,,,,,,,,,,,,,,,,,
TAD2013S02,2,2.0,Tirreno-Adriatico,2013,1,0,1,20130307.0,San Vincenzo,Indicatore (Arezzo),233.27,IRR,Plain,,,,,,,,,,,,,,,,,,,,
TAD2013S03,3,3.0,Tirreno-Adriatico,2013,1,0,1,20130308.0,Indicatore,Narni Scalo,190.01,IRR,Plain,,,,,,,,,,,,,,,,,,,,
TAD2013S04,4,4.0,Tirreno-Adriatico,2013,1,0,1,20130309.0,Narni,Prati di Tivo,172.16,IRR,High mountain,,,,,,,,,,,,,,,,,,,,
TAD2013S05,5,5.0,Tirreno-Adriatico,2013,1,0,1,20130310.0,Ortona,Chieti,228.92,IRR,High mountain,,,,,,,,,,,,,,,,,,,,
TAD2013S06,6,6.0,Tirreno-Adriatico,2013,1,0,1,20130311.0,Porto Sant'Elpidio,Porto Sant'Elpidio,210.73,IRR,Medium Mountain,,,,,,,,,,,,,,,,,,,,
TAD2013S07,7,7.0,Tirreno-Adriatico,2013,1,0,1,20130312.0,San Benedetto del Tronto,San Benedetto del Tronto,9.13,ITT,Individual Time Trial,,,,,,,,,,,,,,,,,,,,
TAD2013R01,,,Tirreno-Adriatico,2013,1,0,0,,,,,,,1061.14,7.0,151.59,2.0,2.0,2.0,1.0,0.0,2.0,0.0,1.0,9.13,1.0,16.92,12.0,0.0,0.0,0.0,0.0,0.0
TAD2014S01,1,1.0,Tirreno-Adriatico,2014,1,0,1,20140312.0,Donoratico,San Vincenzo,18.52,IRR,Team time trial,,,,,,,,,,,,,,,,,,,,
TAD2014S02,2,2.0,Tirreno-Adriatico,2014,1,0,1,20140313.0,San Vincenzo,Cascina,165.58,IRR,Plain,,,,,,,,,,,,,,,,,,,,
TAD2014S03,3,3.0,Tirreno-Adriatico,2014,1,0,1,20140314.0,Cascina,Arezzo,209.88,IRR,Plain,,,,,,,,,,,,,,,,,,,,
TAD2014S04,4,4.0,Tirreno-Adriatico,2014,1,0,1,20140315.0,Indicatore (Arezzo),Cittareale Selvarotonda,244.25,IRR,High mountain,,,,,,,,,,,,,,,,,,,,
TAD2014S05,5,5.0,Tirreno-Adriatico,2014,1,0,1,20140316.0,Amatrice,Guardiagrele,191.72,IRR,High mountain,,,,,,,,,,,,,,,,,,,,
TAD2014S06,6,6.0,Tirreno-Adriatico,2014,1,0,1,20140317.0,Bucchianico,Porto Sant'Elpidio,188.23,IRR,Plain,,,,,,,,,,,,,,,,,,,,
TAD2014S07,7,7.0,Tirreno-Adriatico,2014,1,0,1,20140318.0,San Benedetto del Tronto,San Benedetto del Tronto,10.0,ITT,Individual Time Trial,,,,,,,,,,,,,,,,,,,,
TAD2014R01,,,Tirreno-Adriatico,2014,1,0,0,,,,,,,1028.18,7.0,146.88,2.0,2.0,2.0,0.0,0.0,3.0,0.0,1.0,10.0,1.0,18.52,12.0,0.0,0.0,0.0,0.0,0.0
TAD2015P01,P,1.0,Tirreno-Adriatico,2015,1,1,1,20150311.0,Lido di Camaiore,Lido di Camaiore,5.36,ITT,Individual Time Trial,,,,,,,,,,,,,,,,,,,,
TAD2015S01,1,2.0,Tirreno-Adriatico,2015,1,1,1,20150312.0,Camaiore,Cascina,153.4,IRR,Plain,,,,,,,,,,,,,,,,,,,,
TAD2015S02,2,3.0,Tirreno-Adriatico,2015,1,1,1,20150313.0,Cascina,Arezzo,200.75,IRR,Plain,,,,,,,,,,,,,,,,,,,,
TAD2015S03,3,4.0,Tirreno-Adriatico,2015,1,1,1,20150314.0,Indicatore,Castelraimondo,228.97,IRR,Medium Mountain,,,,,,,,,,,,,,,,,,,,
TAD2015S04,4,5.0,Tirreno-Adriatico,2015,1,1,1,20150315.0,Esanatoglia,Monte Terminillo,197.15,IRR,High mountain,,,,,,,,,,,,,,,,,,,,
TAD2015S05,5,6.0,Tirreno-Adriatico,2015,1,1,1,20150316.0,Rieti,Porto Sant'Elpidio,210.41,IRR,Plain,,,,,,,,,,,,,,,,,,,,
TAD2015S06,6,7.0,Tirreno-Adriatico,2015,1,1,1,20150317.0,San Benedetto del Tronto,San Benedetto del Tronto,10.0,ITT,Individual Time Trial,,,,,,,,,,,,,,,,,,,,
TAD2015R01,,,Tirreno-Adriatico,2015,1,1,0,,,,,,,1006.04,7.0,143.72,1.0,1.0,1.0,1.0,0.0,3.0,0.0,2.0,15.36,0.0,0.0,12.0,0.0,2.0,4.0,6.0,0.0
TAD2016S01,1,1.0,Tirreno-Adriatico,2016,1,0,1,20160309.0,Lido di Camaiore,Lido di Camaiore,22.69,IRR,Team time trial,,,,,,,,,,,,,,,,,,,,
TAD2016S02,2,2.0,Tirreno-Adriatico,2016,1,0,1,20160310.0,Camaiore,Pomarance,203.59,IRR,Medium Mountain,,,,,,,,,,,,,,,,,,,,
TAD2016S03,3,3.0,Tirreno-Adriatico,2016,1,0,1,20160311.0,Castelnuovo Val di Cecina,Montalto di Castro,178.18,IRR,Plain,,,,,,,,,,,,,,,,,,,,
TAD2016S04,4,4.0,Tirreno-Adriatico,2016,1,0,1,20160312.0,Montalto di Castro,Foligno,208.55,IRR,Plain,,,,,,,,,,,,,,,,,,,,
TAD2016S05,5,5.0,Tirreno-Adriatico,2016,1,0,1,20160313.0,Foligno,Monte San Vicino,178.93,IRR,High mountain,,,,,,,,,,,,,,,,,,,,
TAD2016S06,6,6.0,Tirreno-Adriatico,2016,1,0,1,20160314.0,Castelraimondo,Cepagatti,210.3,IRR,Plain,,,,,,,,,,,,,,,,,,,,
TAD2016S07,7,7.0,Tirreno-Adriatico,2016,1,0,1,20160315.0,San Benedetto del Tronto,San Benedetto del Tronto,10.02,ITT,Individual Time Trial,,,,,,,,,,,,,,,,,,,,
TAD2016R01,,,Tirreno-Adriatico,2016,1,0,0,,,,,,,1012.26,7.0,144.61,2.0,1.0,1.0,1.0,1.0,3.0,0.0,1.0,10.02,1.0,22.69,13.0,0.0,1.0,6.0,5.0,1.0
TAD2017S01,1,1.0,Tirreno-Adriatico,2017,1,0,1,20170308.0,Lido di Camaiore,Lido di Camaiore,22.73,IRR,Team time trial,,,,,,,,,,,,,,,,,,,,
TAD2017S02,2,2.0,Tirreno-Adriatico,2017,1,0,1,20170309.0,Camaiore,Pomarance,229.36,IRR,Medium Mountain,,,,,,,,,,,,,,,,,,,,
TAD2017S03,3,3.0,Tirreno-Adriatico,2017,1,0,1,20170310.0,Monterotondo Marittimo,Montalto di Castro,204.54,IRR,Plain,,,,,,,,,,,,,,,,,,,,
TAD2017S04,4,4.0,Tirreno-Adriatico,2017,1,0,1,20170311.0,Montalto di Castro,Terminillo (Campoforogna),187.85,IRR,High mountain,,,,,,,,,,,,,,,,,,,,
TAD2017S05,5,5.0,Tirreno-Adriatico,2017,1,0,1,20170312.0,Rieti,Fermo,210.99,IRR,Medium Mountain,,,,,,,,,,,,,,,,,,,,
TAD2017S06,6,6.0,Tirreno-Adriatico,2017,1,0,1,20170313.0,Ascoli Piceno,Civitanova Marche,167.88,IRR,Plain,,,,,,,,,,,,,,,,,,,,
TAD2017S07,7,7.0,Tirreno-Adriatico,2017,1,0,1,20170314.0,San Benedetto del Tronto,San Benedetto del Tronto,10.12,ITT,Individual Time Trial,,,,,,,,,,,,,,,,,,,,
TAD2017R01,,,Tirreno-Adriatico,2017,1,0,0,,,,,,,1033.47,7.0,147.64,2.0,1.0,1.0,2.0,1.0,2.0,0.0,1.0,10.12,1.0,22.73,10.0,0.0,0.0,0.0,0.0,0.0
TAD2018S01,1,1.0,Tirreno-Adriatico,2018,1,0,1,20180307.0,Lido Di Camaiore,Lido Di Camaiore,21.46,IRR,Team time trial,,,,,,,,,,,,,,,,,,,,
TAD2018S02,2,2.0,Tirreno-Adriatico,2018,1,0,1,20180308.0,Camaiore,Follonica,171.71,IRR,Plain,,,,,,,,,,,,,,,,,,,,
TAD2018S03,3,3.0,Tirreno-Adriatico,2018,1,0,1,20180309.0,Follonica,Trevi,236.27,IRR,Medium Mountain,,,,,,,,,,,,,,,,,,,,
TAD2018S04,4,4.0,Tirreno-Adriatico,2018,1,0,1,20180310.0,Foligno,Sarnano Sassotetto,220.14,IRR,High mountain,,,,,,,,,,,,,,,,,,,,
TAD2018S05,5,5.0,Tirreno-Adriatico,2018,1,0,1,20180311.0,Castelraimondo,Filottrano,179.58,IRR,Medium Mountain,,,,,,,,,,,,,,,,,,,,
TAD2018S06,6,6.0,Tirreno-Adriatico,2018,1,0,1,20180312.0,Numana,Fano,153.05,IRR,Plain,,,,,,,,,,,,,,,,,,,,
TAD2018S07,7,7.0,Tirreno-Adriatico,2018,1,0,1,20180313.0,San Benedetto del Tronto,San Benedetto del Tronto,10.05,ITT,Individual Time Trial,,,,,,,,,,,,,,,,,,,,
TAD2018R01,,,Tirreno-Adriatico,2018,1,0,0,,,,,,,992.26,7.0,141.75,3.0,1.0,1.0,2.0,2.0,2.0,0.0,1.0,10.05,1.0,21.46,16.0,0.0,1.0,2.0,1.0,0.0
TAD2019S01,1,1.0,Tirreno-Adriatico,2019,1,0,1,20190313.0,Lido di Camaiore,Lido di Camaiore,21.48,IRR,Team time trial,,,,,,,,,,,,,,,,,,,,
TAD2019S02,2,2.0,Tirreno-Adriatico,2019,1,0,1,20190314.0,Camaiore,Pomarance,194.78,IRR,Medium Mountain,,,,,,,,,,,,,,,,,,,,
TAD2019S03,3,3.0,Tirreno-Adriatico,2019,1,0,1,20190315.0,Pomarance,Foligno,226.9,IRR,Plain,,,,,,,,,,,,,,,,,,,,
TAD2019S04,4,4.0,Tirreno-Adriatico,2019,1,0,1,20190316.0,Foligno,Fossombrone,220.08,IRR,Medium Mountain,,,,,,,,,,,,,,,,,,,,
TAD2019S05,5,5.0,Tirreno-Adriatico,2019,1,0,1,20190317.0,Colli al Metauro,Recanati,180.34,IRR,Medium Mountain,,,,,,,,,,,,,,,,,,,,
TAD2019S06,6,6.0,Tirreno-Adriatico,2019,1,0,1,20190318.0,Matelica,Jesi,196.86,IRR,Plain,,,,,,,,,,,,,,,,,,,,
TAD2019S07,7,7.0,Tirreno-Adriatico,2019,1,0,1,20190319.0,San Benedetto del Tronto,San Benedetto del Tronto,10.05,ITT,Individual Time Trial,,,,,,,,,,,,,,,,,,,,
TAD2019R01,,,Tirreno-Adriatico,2019,1,0,0,,,,,,,1050.49,7.0,150.07,2.0,0.0,0.0,3.0,2.0,2.0,0.0,1.0,10.05,1.0,21.48,14.0,5.0,0.0,0.0,0.0,0.0
TDS2012P01,P,1.0,Tour de Suisse,2012,1,1,1,20120609.0,Lugano,Lugano,7.43,ITT,Individual Time Trial,,,,,,,,,,,,,,,,,,,,
TDS2012S01,1,2.0,Tour de Suisse,2012,1,1,1,20120610.0,Verbania (I),Verbier,218.72,IRR,High mountain,,,,,,,,,,,,,,,,,,,,
TDS2012S02,2,3.0,Tour de Suisse,2012,1,1,1,20120611.0,Martigny,Aarberg,196.15,IRR,Plain,,,,,,,,,,,,,,,,,,,,
TDS2012S03,3,4.0,Tour de Suisse,2012,1,1,1,20120612.0,Aarberg,Trimbach/Olten,189.46,IRR,Medium Mountain,,,,,,,,,,,,,,,,,,,,
TDS2012S04,4,5.0,Tour de Suisse,2012,1,1,1,20120613.0,Olten/Trimbach,Gansingen,193.45,IRR,Plain,,,,,,,,,,,,,,,,,,,,
TDS2012S05,5,6.0,Tour de Suisse,2012,1,1,1,20120614.0,Wittnau,Bischofszell (TG),197.5,IRR,Medium Mountain,,,,,,,,,,,,,,,,,,,,
TDS2012S06,6,7.0,Tour de Suisse,2012,1,1,1,20120615.0,Gossau ZH,Gossau ZH,34.35,ITT,Individual Time Trial,,,,,,,,,,,,,,,,,,,,
TDS2012S07,7,8.0,Tour de Suisse,2012,1,1,1,20120616.0,Bischofszell (TG),Arosa,148.21,IRR,High mountain,,,,,,,,,,,,,,,,,,,,
TDS2012S08,8,9.0,Tour de Suisse,2012,1,1,1,20120617.0,Näfels - Lintharena,Sörenberg,215.27,IRR,High mountain,,,,,,,,,,,,,,,,,,,,
TDS2012R01,,,Tour de Suisse,2012,1,1,0,,,,,,,1400.54,9.0,155.62,0.0,3.0,0.0,2.0,0.0,2.0,0.0,2.0,41.78,0.0,0.0,24.0,5.0,1.0,4.0,11.0,3.0
TDS2013S01,1,1.0,Tour de Suisse,2013,1,0,1,20130608.0,Quinto,Quinto,8.14,ITT,Individual Time Trial,,,,,,,,,,,,,,,,,,,,
TDS2013S02,2,2.0,Tour de Suisse,2013,1,0,1,20130609.0,Quinto,Crans-Montana,160.8,IRR,High mountain,,,,,,,,,,,,,,,,,,,,
TDS2013S03,3,3.0,Tour de Suisse,2013,1,0,1,20130610.0,Montreux,Meiringen,207.46,IRR,High mountain,,,,,,,,,,,,,,,,,,,,
TDS2013S04,4,4.0,Tour de Suisse,2013,1,0,1,20130611.0,Innertkirchen,Buochs,175.68,IRR,Plain,,,,,,,,,,,,,,,,,,,,
TDS2013S05,5,5.0,Tour de Suisse,2013,1,0,1,20130612.0,Buochs,Leuggern,176.6,IRR,Plain,,,,,,,,,,,,,,,,,,,,
TDS2013S06,6,6.0,Tour de Suisse,2013,1,0,1,20130613.0,Leuggern,Meilen,188.02,IRR,Medium Mountain,,,,,,,,,,,,,,,,,,,,
TDS2013S07,7,7.0,Tour de Suisse,2013,1,0,1,20130614.0,Meilen,La Punt,204.9,IRR,High mountain,,,,,,,,,,,,,,,,,,,,
TDS2013S08,8,8.0,Tour de Suisse,2013,1,0,1,20130615.0,Zernez,Bad Ragaz,180.83,IRR,Medium Mountain,,,,,,,,,,,,,,,,,,,,
TDS2013S09,9,9.0,Tour de Suisse,2013,1,0,1,20130616.0,Bad Ragaz,Flumserberg,26.96,ITT,Individual Time Trial,,,,,,,,,,,,,,,,,,,,
TDS2013R01,,,Tour de Suisse,2013,1,0,0,,,,,,,1329.39,9.0,147.71,0.0,3.0,0.0,2.0,0.0,2.0,0.0,2.0,35.1,0.0,0.0,21.0,2.0,4.0,2.0,5.0,8.0
TDS2014S01,1,1.0,Tour de Suisse,2014,1,0,1,20140614.0,Bellinzona,Bellinzona,9.28,ITT,Individual Time Trial,,,,,,,,,,,,,,,,,,,,
TDS2014S02,2,2.0,Tour de Suisse,2014,1,0,1,20140615.0,Bellinzona,Sarnen,180.77,IRR,High mountain,,,,,,,,,,,,,,,,,,,,
TDS2014S03,3,3.0,Tour de Suisse,2014,1,0,1,20140616.0,Sarnen,Heiden,206.14,IRR,Medium Mountain,,,,,,,,,,,,,,,,,,,,
TDS2014S04,4,4.0,Tour de Suisse,2014,1,0,1,20140617.0,Heiden,Ossingen,159.05,IRR,Plain,,,,,,,,,,,,,,,,,,,,
TDS2014S05,5,5.0,Tour de Suisse,2014,1,0,1,20140618.0,Ossingen,Büren an der Aare,183.6,IRR,Plain,,,,,,,,,,,,,,,,,,,,
TDS2014S06,6,6.0,Tour de Suisse,2014,1,0,1,20140619.0,Büren an der Aare,Delémont,193.18,IRR,Medium Mountain,,,,,,,,,,,,,,,,,,,,
TDS2014S07,7,7.0,Tour de Suisse,2014,1,0,1,20140620.0,Worb,Worb,24.38,ITT,Individual Time Trial,,,,,,,,,,,,,,,,,,,,
TDS2014S08,8,8.0,Tour de Suisse,2014,1,0,1,20140621.0,Delémont,Verbier,219.68,IRR,High mountain,,,,,,,,,,,,,,,,,,,,
TDS2014S09,9,9.0,Tour de Suisse,2014,1,0,1,20140622.0,Martigny,Saas-Fee,156.53,IRR,High mountain,,,,,,,,,,,,,,,,,,,,
TDS2014R01,,,Tour de Suisse,2014,1,0,0,,,,,,,1332.61,9.0,148.07,1.0,3.0,1.0,2.0,0.0,2.0,0.0,2.0,33.66,0.0,0.0,23.0,4.0,3.0,8.0,3.0,2.0
TDS2015P01,P,1.0,Tour de Suisse,2015,1,1,1,20150613.0,Risch-Rotkreuz,Risch-Rotkreuz,4.99,ITT,Individual Time Trial,,,,,,,,,,,,,,,,,,,,
TDS2015S01,1,2.0,Tour de Suisse,2015,1,1,1,20150614.0,Risch-Rotkreuz,Risch-Rotkreuz,161.03,IRR,Medium Mountain,,,,,,,,,,,,,,,,,,,,
TDS2015S02,2,3.0,Tour de Suisse,2015,1,1,1,20150615.0,Quinto,Olivone,117.17,IRR,Medium Mountain,,,,,,,,,,,,,,,,,,,,
TDS2015S03,3,4.0,Tour de Suisse,2015,1,1,1,20150616.0,Flims,Schwarzenbach,193.71,IRR,Medium Mountain,,,,,,,,,,,,,,,,,,,,
TDS2015S04,4,5.0,Tour de Suisse,2015,1,1,1,20150617.0,Unterterzen,Solden/Rettenbachferner,236.78,IRR,High mountain,,,,,,,,,,,,,,,,,,,,
TDS2015S05,5,6.0,Tour de Suisse,2015,1,1,1,20150618.0,Wil,Bienne/Biel,193.93,IRR,Plain,,,,,,,,,,,,,,,,,,,,
TDS2015S06,6,7.0,Tour de Suisse,2015,1,1,1,20150619.0,Bienne/Biel,Dudingen,164.69,IRR,Plain,,,,,,,,,,,,,,,,,,,,
TDS2015S07,7,8.0,Tour de Suisse,2015,1,1,1,20150620.0,Bern,Bern,150.84,IRR,Medium Mountain,,,,,,,,,,,,,,,,,,,,
TDS2015S08,8,9.0,Tour de Suisse,2015,1,1,1,20150621.0,Bern,Bern,37.28,ITT,Individual Time Trial,,,,,,,,,,,,,,,,,,,,
TDS2015R01,,,Tour de Suisse,2015,1,1,0,,,,,,,1260.42,9.0,140.05,1.0,1.0,1.0,4.0,0.0,2.0,0.0,2.0,42.27,0.0,0.0,22.0,3.0,2.0,4.0,11.0,0.0
TDS2016P01,P,1.0,Tour de Suisse,2016,1,1,1,20160611.0,Baar,Baar,6.5,ITT,Individual Time Trial,,,,,,,,,,,,,,,,,,,,
TDS2016S01,1,2.0,Tour de Suisse,2016,1,1,1,20160612.0,Baar,Baar,187.6,IRR,Medium Mountain,,,,,,,,,,,,,,,,,,,,
TDS2016S02,2,3.0,Tour de Suisse,2016,1,1,1,20160613.0,Grosswangen,Rheinfelden,192.59,IRR,Medium Mountain,,,,,,,,,,,,,,,,,,,,
TDS2016S03,3,4.0,Tour de Suisse,2016,1,1,1,20160614.0,Rheinfelden,Champagne,192.82,IRR,Plain,,,,,,,,,,,,,,,,,,,,
TDS2016S04,4,5.0,Tour de Suisse,2016,1,1,1,20160615.0,Brig-Glis,Carì,126.39,IRR,High mountain,,,,,,,,,,,,,,,,,,,,
TDS2016S05,5,6.0,Tour de Suisse,2016,1,1,1,20160616.0,Weesen,Amden,162.88,IRR,High mountain,,,,,,,,,,,,,,,,,,,,
TDS2016S06,6,7.0,Tour de Suisse,2016,1,1,1,20160617.0,Arbon,Sölden,224.32,IRR,High mountain,,,,,,,,,,,,,,,,,,,,
TDS2016S07,7,8.0,Tour de Suisse,2016,1,1,1,20160618.0,Davos,Davos,16.8,ITT,Individual Time Trial,,,,,,,,,,,,,,,,,,,,
TDS2016S08,8,9.0,Tour de Suisse,2016,1,1,1,20160619.0,Davos,Davos,117.68,IRR,High mountain,,,,,,,,,,,,,,,,,,,,
TDS2016R01,,,Tour de Suisse,2016,1,1,0,,,,,,,1227.58,9.0,136.4,3.0,4.0,3.0,2.0,0.0,1.0,0.0,2.0,23.3,0.0,0.0,20.0,8.0,1.0,5.0,6.0,0.0
TDS2017P01,P,1.0,Tour de Suisse,2017,1,1,1,20170610.0,Cham,Cham,6.06,ITT,Individual Time Trial,,,,,,,,,,,,,,,,,,,,
TDS2017S01,1,2.0,Tour de Suisse,2017,1,1,1,20170611.0,Cham,Cham,172.03,IRR,Plain,,,,,,,,,,,,,,,,,,,,
TDS2017S02,2,3.0,Tour de Suisse,2017,1,1,1,20170612.0,Menziken,Bern,158.07,IRR,Plain,,,,,,,,,,,,,,,,,,,,
TDS2017S03,3,4.0,Tour de Suisse,2017,1,1,1,20170613.0,Bern,Villars-sur-Ollon,150.16,IRR,High mountain,,,,,,,,,,,,,,,,,,,,
TDS2017S04,4,5.0,Tour de Suisse,2017,1,1,1,20170614.0,Bex,Cevio,219.7,IRR,Medium Mountain,,,,,,,,,,,,,,,,,,,,
TDS2017S05,5,6.0,Tour de Suisse,2017,1,1,1,20170615.0,Locarno,La Punt,166.11,IRR,High mountain,,,,,,,,,,,,,,,,,,,,
TDS2017S06,6,7.0,Tour de Suisse,2017,1,1,1,20170616.0,Zernez,Sölden,160.92,IRR,High mountain,,,,,,,,,,,,,,,,,,,,
TDS2017S07,7,8.0,Tour de Suisse,2017,1,1,1,20170617.0,Schaffhausen,Schaffhausen,100.16,IRR,Plain,,,,,,,,,,,,,,,,,,,,
TDS2017S08,8,9.0,Tour de Suisse,2017,1,1,1,20170618.0,Schaffhausen,Schaffhausen,28.65,ITT,Individual Time Trial,,,,,,,,,,,,,,,,,,,,
TDS2017R01,,,Tour de Suisse,2017,1,1,0,,,,,,,1161.86,9.0,129.1,2.0,3.0,2.0,1.0,0.0,3.0,0.0,2.0,34.71,0.0,0.0,22.0,5.0,1.0,4.0,12.0,0.0
TDS2018S01,1,1.0,Tour de Suisse,2018,1,0,1,20180609.0,Frauenfeld,Frauenfeld,18.26,ITT,Individual Time Trial,,,,,,,,,,,,,,,,,,,,
TDS2018S02,2,2.0,Tour de Suisse,2018,1,0,1,20180610.0,Frauenfeld,Frauenfeld,156.47,IRR,Plain,,,,,,,,,,,,,,,,,,,,
TDS2018S03,3,3.0,Tour de Suisse,2018,1,0,1,20180611.0,Oberstammheim,Gansingen,182.98,IRR,Medium Mountain,,,,,,,,,,,,,,,,,,,,
TDS2018S04,4,4.0,Tour de Suisse,2018,1,0,1,20180612.0,Gansingen,Gstaad,190.72,IRR,Medium Mountain,,,,,,,,,,,,,,,,,,,,
TDS2018S05,5,5.0,Tour de Suisse,2018,1,0,1,20180613.0,Gstaad,Leukerbad,154.63,IRR,High mountain,,,,,,,,,,,,,,,,,,,,
TDS2018S06,6,6.0,Tour de Suisse,2018,1,0,1,20180614.0,Fiesch,Gommiswald,186.0,IRR,Medium Mountain,,,,,,,,,,,,,,,,,,,,
TDS2018S07,7,7.0,Tour de Suisse,2018,1,0,1,20180615.0,Eschenbach/Atzmanning,Arosa,170.52,IRR,High mountain,,,,,,,,,,,,,,,,,,,,
TDS2018S08,8,8.0,Tour de Suisse,2018,1,0,1,20180616.0,Bellinzona,Bellinzona,120.14,IRR,Plain,,,,,,,,,,,,,,,,,,,,
TDS2018S09,9,9.0,Tour de Suisse,2018,1,0,1,20180617.0,Bellinzona,Bellinzona,34.32,ITT,Individual Time Trial,,,,,,,,,,,,,,,,,,,,
TDS2018R01,,,Tour de Suisse,2018,1,0,0,,,,,,,1214.04,9.0,134.89,3.0,2.0,2.0,3.0,1.0,2.0,0.0,2.0,52.58,0.0,0.0,19.0,4.0,2.0,1.0,12.0,0.0
TDS2019S01,1,1.0,Tour de Suisse,2019,1,0,1,20190615.0,Langnau im Emmental,Langnau i.E,9.56,ITT,Individual Time Trial,,,,,,,,,,,,,,,,,,,,
TDS2019S02,2,2.0,Tour de Suisse,2019,1,0,1,20190616.0,Langnau i.E.,Langnau i.E.,157.53,IRR,Medium Mountain,,,,,,,,,,,,,,,,,,,,
TDS2019S03,3,3.0,Tour de Suisse,2019,1,0,1,20190617.0,Flamatt,Murten,161.28,IRR,Plain,,,,,,,,,,,,,,,,,,,,
TDS2019S04,4,4.0,Tour de Suisse,2019,1,0,1,20190618.0,Murten,Arlesheim,162.12,IRR,Medium Mountain,,,,,,,,,,,,,,,,,,,,
TDS2019S05,5,5.0,Tour de Suisse,2019,1,0,1,20190619.0,Münchenstein,Einsiedeln,174.21,IRR,Plain,,,,,,,,,,,,,,,,,,,,
TDS2019S06,6,6.0,Tour de Suisse,2019,1,0,1,20190620.0,Einsiedeln,Flumserberg,121.86,IRR,High mountain,,,,,,,,,,,,,,,,,,,,
TDS2019S07,7,7.0,Tour de Suisse,2019,1,0,1,20190621.0,Unterterzen,San Gottardo,216.64,IRR,High mountain,,,,,,,,,,,,,,,,,,,,
TDS2019S08,8,8.0,Tour de Suisse,2019,1,0,1,20190622.0,Goms,Goms,19.22,ITT,Individual Time Trial,,,,,,,,,,,,,,,,,,,,
TDS2019S09,9,9.0,Tour de Suisse,2019,1,0,1,20190623.0,Ulrichen,Ulrichen,101.29,IRR,High mountain,,,,,,,,,,,,,,,,,,,,
TDS2019R01,,,Tour de Suisse,2019,1,0,0,,,,,,,1123.71,9.0,124.86,2.0,3.0,2.0,2.0,0.0,2.0,0.0,2.0,28.78,0.0,0.0,20.0,5.0,1.0,9.0,5.0,0.0
